soccerplayer,position,playercountry,soccerclub,clubcountry,stadium,soccermanager
Diego Benaglio,Goalkeeper,Switzerland,Fiorentina,Germany,Volkswagen Arena,Dieter Hecking
Max Groon,Goalkeeper,Germany,Norwich,Germany,Volkswagen Arena,Dieter Hecking
Patrick Drewes,Goalkeeper,Germany,Atalanta,Germany,Volkswagen Arena,Dieter Hecking
Marcel Schoofer,Defender,Germany,Fiorentina,Germany,Volkswagen Arena,Dieter Hecking
Timm Klose,Defender,Switzerland,Roma,Germany,Volkswagen Arena,Dieter Hecking
Ronaldo Aparecido Rodrigues,Defender,Brazil,VfL Wolfsburg,Germany,Volkswagen Arena,Dieter Hecking
Felipe Aliste Lopes,Defender,Brazil,1.FC Noooornberg,Germany,Volkswagen Arena,Dieter Hecking
Ricardo Rodriguez,Defender,Switzerland,Swansea,Germany,Volkswagen Arena,Dieter Hecking
Christian Troosch,Defender,Germany,Fulham,Germany,Volkswagen Arena,Dieter Hecking
Robin Knoche,Defender,Germany,Chelsea,Germany,Volkswagen Arena,Dieter Hecking
Moritz Sprenger,Defender,Germany,Southampton,Germany,Volkswagen Arena,Dieter Hecking
Patrick Ochs,Midfielder,Germany,VfL Wolfsburg,Germany,Volkswagen Arena,Dieter Hecking
Slobodan Medojevic,Midfielder,Serbia,VfL Wolfsburg,Germany,Volkswagen Arena,Dieter Hecking
Daniel Caligiuri,Midfielder,Germany,1899 Hoffenheim,Germany,Volkswagen Arena,Dieter Hecking
Adelino Androo Vieira de Freitas,Midfielder,Portugal,Cardiff,Germany,Volkswagen Arena,Dieter Hecking
Ivan Perisic,Midfielder,Croatia,VfL Wolfsburg,Germany,Volkswagen Arena,Dieter Hecking
Maximilian Arnold,Midfielder,Germany,Borussia Moooonchengladbach,Germany,Volkswagen Arena,Dieter Hecking
Jan Polook,Midfielder,Czech Republic,Sassuolo,Germany,Volkswagen Arena,Dieter Hecking
Willi Evseev,Midfielder,Germany,Cardiff,Germany,Volkswagen Arena,Dieter Hecking
Luiz Gustavo Dias,Midfielder,Brazil,Chievo Verona,Germany,Volkswagen Arena,Dieter Hecking
Bernard MalandaAdje,Midfielder,Belgium,VfL Wolfsburg,Germany,Volkswagen Arena,Dieter Hecking
Kevin De Bruyne,Midfielder,Belgium,VfL Wolfsburg,Germany,Volkswagen Arena,Dieter Hecking
Paul Seguin,Midfielder,Germany,VfL Wolfsburg,Germany,Volkswagen Arena,Dieter Hecking
Ivica Olic,Forward,Croatia,FC Schalke 04,Germany,Volkswagen Arena,Dieter Hecking
Bas Dost,Forward,Netherlands,VfL Wolfsburg,Germany,Volkswagen Arena,Dieter Hecking
Kevin Scheidhauer,Forward,Germany,Spurs,Germany,Volkswagen Arena,Dieter Hecking
Stefan Kutschke,Forward,Germany,VfL Wolfsburg,Germany,Volkswagen Arena,Dieter Hecking
Sebastian Mielitz,Goalkeeper,Germany,Hull,Germany,Weserstadion,Robin Dutt
Raphael Wolf,Goalkeeper,Germany,SV Werder Bremen,Germany,Weserstadion,Robin Dutt
Richard Strebinger,Goalkeeper,Austria,Bologna,Germany,Weserstadion,Robin Dutt
Luca Caldirola,Defender,Italy,SV Werder Bremen,Germany,Weserstadion,Robin Dutt
Assani Lukimya,Defender,Congo DR,Catania,Germany,Weserstadion,Robin Dutt
Lukas Schmitz,Defender,Germany,Man City,Germany,Weserstadion,Robin Dutt
Sebastian Proodl,Defender,Austria,Swansea,Germany,Weserstadion,Robin Dutt
Theodor Gebre Selassie,Defender,Czech Republic,Aston Villa,Germany,Weserstadion,Robin Dutt
Cimo Roocker,Defender,Germany,FC Schalke 04,Germany,Weserstadion,Robin Dutt
Clemens Fritz,Defender,Germany,SV Werder Bremen,Germany,Weserstadion,Robin Dutt
Torben Rehfeldt,Defender,Germany,Roma,Germany,Weserstadion,Robin Dutt
Santiago Garcia,Defender,Argentina,SV Werder Bremen,Germany,Weserstadion,Robin Dutt
Cedrick Makiadi,Midfielder,Congo DR,SV Werder Bremen,Germany,Weserstadion,Robin Dutt
Mehmet Ekici,Midfielder,Turkey,Fulham,Germany,Weserstadion,Robin Dutt
Eljero Elia,Midfielder,Netherlands,Stoke,Germany,Weserstadion,Robin Dutt
Aaron Hunt,Midfielder,Germany,SV Werder Bremen,Germany,Weserstadion,Robin Dutt
Zlatko Junuzovic,Midfielder,Austria,SV Werder Bremen,Germany,Weserstadion,Robin Dutt
Aleksandar Ignjovski,Midfielder,Serbia,Genoa,Germany,Weserstadion,Robin Dutt
Felix Kroos,Midfielder,Germany,Hull,Germany,Weserstadion,Robin Dutt
Levent Aycicek,Midfielder,Germany,Newcastle,Germany,Weserstadion,Robin Dutt
Predrag Stevanovic,Midfielder,Serbia,Atalanta,Germany,Weserstadion,Robin Dutt
oozkan Yildirim,Midfielder,Germany,SV Werder Bremen,Germany,Weserstadion,Robin Dutt
Aleksandar Stevanovic,Midfielder,Serbia,Crystal Palace,Germany,Weserstadion,Robin Dutt
Philipp Bargfrede,Midfielder,Germany,SC Freiburg,Germany,Weserstadion,Robin Dutt
Julian von Haacke,Midfielder,Germany,SV Werder Bremen,Germany,Weserstadion,Robin Dutt
Ludovic Obraniak,Midfielder,Poland,Eintracht Frankfurt,Germany,Weserstadion,Robin Dutt
Nils Petersen,Forward,Germany,1. FSV Mainz 05,Germany,Weserstadion,Robin Dutt
Martin Kobylanski,Forward,Germany,Southampton,Germany,Weserstadion,Robin Dutt
Melvyn Lorenzen,Forward,Germany,West Brom,Germany,Weserstadion,Robin Dutt
Davie Selke,Forward,Germany,SV Werder Bremen,Germany,Weserstadion,Robin Dutt
Franco Matias Di Santo,Forward,Argentina,Man City,Germany,Weserstadion,Robin Dutt
Roman Weidenfeller,Goalkeeper,Germany,1. FSV Mainz 05,Germany,Signal Iduna Park,Joooorgen Klopp
Mitchell Langerak,Goalkeeper,Australia,Spurs,Germany,Signal Iduna Park,Joooorgen Klopp
Zlatan Alomerovic,Goalkeeper,Germany,Sassuolo,Germany,Signal Iduna Park,Joooorgen Klopp
Hendrik Bonmann,Goalkeeper,Germany,Crystal Palace,Germany,Signal Iduna Park,Joooorgen Klopp
Neven Subotic,Defender,Serbia,Borussia Dortmund,Germany,Signal Iduna Park,Joooorgen Klopp
Mats Hummels,Defender,Germany,Borussia Dortmund,Germany,Signal Iduna Park,Joooorgen Klopp
Oliver Kirch,Defender,Germany,Borussia Dortmund,Germany,Signal Iduna Park,Joooorgen Klopp
Marian Sarr,Defender,Germany,Borussia Dortmund,Germany,Signal Iduna Park,Joooorgen Klopp
Sokratis Papastathopoulos,Defender,Greece,Borussia Dortmund,Germany,Signal Iduna Park,Joooorgen Klopp
Lukasz Piszczek,Defender,Poland,Juventus,Germany,Signal Iduna Park,Joooorgen Klopp
Marcel Schmelzer,Defender,Germany,Borussia Dortmund,Germany,Signal Iduna Park,Joooorgen Klopp
Kevin Groookreutz,Defender,Germany,Borussia Dortmund,Germany,Signal Iduna Park,Joooorgen Klopp
Jannik Bandowski,Defender,Germany,Man City,Germany,Signal Iduna Park,Joooorgen Klopp
Erik Durm,Defender,Germany,Livorno,Germany,Signal Iduna Park,Joooorgen Klopp
Manuel Friedrich,Defender,Germany,Roma,Germany,Signal Iduna Park,Joooorgen Klopp
Sebastian Kehl,Midfielder,Germany,Borussia Dortmund,Germany,Signal Iduna Park,Joooorgen Klopp
Sven Bender,Midfielder,Germany,Borussia Dortmund,Germany,Signal Iduna Park,Joooorgen Klopp
Jonas Hofmann,Midfielder,Germany,Eintracht Braunschweig,Germany,Signal Iduna Park,Joooorgen Klopp
Ilkay Goondogan,Midfielder,Germany,Borussia Dortmund,Germany,Signal Iduna Park,Joooorgen Klopp
Henrikh Mkhitaryan,Midfielder,Armenia,Genoa,Germany,Signal Iduna Park,Joooorgen Klopp
Marco Reus,Midfielder,Germany,Everton,Germany,Signal Iduna Park,Joooorgen Klopp
Jakub Blaszczykowski,Midfielder,Poland,Catania,Germany,Signal Iduna Park,Joooorgen Klopp
Nuri Sahin,Midfielder,Turkey,Genoa,Germany,Signal Iduna Park,Joooorgen Klopp
PierreEmerick Aubameyang,Midfielder,Gabon,Borussia Dortmund,Germany,Signal Iduna Park,Joooorgen Klopp
Mustafa Mohammad Amini,Midfielder,Australia,Borussia Dortmund,Germany,Signal Iduna Park,Joooorgen Klopp
Milos Jojic,Midfielder,Serbia,Borussia Dortmund,Germany,Signal Iduna Park,Joooorgen Klopp
Robert Lewandowski,Forward,Poland,Borussia Dortmund,Germany,Signal Iduna Park,Joooorgen Klopp
Julian Schieber,Forward,Germany,Atalanta,Germany,Signal Iduna Park,Joooorgen Klopp
Marvin Ducksch,Forward,Germany,Borussia Dortmund,Germany,Signal Iduna Park,Joooorgen Klopp
Alexander Manninger,Goalkeeper,Austria,FC Augsburg,Germany,SGL arena,Markus Weinzierl
Mohamed Amsif,Goalkeeper,Morocco,FC Augsburg,Germany,SGL arena,Markus Weinzierl
Marwin Hitz,Goalkeeper,Switzerland,Napoli,Germany,SGL arena,Markus Weinzierl
Ioannis Gelios,Goalkeeper,Greece,Stoke,Germany,SGL arena,Markus Weinzierl
Paul Verhaegh,Defender,Netherlands,FC Augsburg,Germany,SGL arena,Markus Weinzierl
Ronny Philp,Defender,Germany,VfB Stuttgart,Germany,SGL arena,Markus Weinzierl
Dominik Reinhardt,Defender,Germany,FC Augsburg,Germany,SGL arena,Markus Weinzierl
Ragnar Klavan,Defender,Estonia,Udinese,Germany,SGL arena,Markus Weinzierl
Marcel de Jong,Defender,Canada,1.FC Noooornberg,Germany,SGL arena,Markus Weinzierl
Matthias Ostrzolek,Defender,Germany,Man City,Germany,SGL arena,Markus Weinzierl
Maik Uhde,Defender,Germany,FC Augsburg,Germany,SGL arena,Markus Weinzierl
Raphael Framberger,Defender,Germany,VfB Stuttgart,Germany,SGL arena,Markus Weinzierl
JanIngwer CallsenBracker,Defender,Germany,Fulham,Germany,SGL arena,Markus Weinzierl
JeongHo Hong,Defender,South Korea,Norwich,Germany,SGL arena,Markus Weinzierl
Dominik Kohr,Midfielder,Germany,SC Freiburg,Germany,SGL arena,Markus Weinzierl
Kevin Vogt,Midfielder,Germany,1. FSV Mainz 05,Germany,SGL arena,Markus Weinzierl
Raphael Holzhauser,Midfielder,Austria,FC Augsburg,Germany,SGL arena,Markus Weinzierl
Daniel Baier,Midfielder,Germany,FC Augsburg,Germany,SGL arena,Markus Weinzierl
Tobias Werner,Midfielder,Germany,FC Augsburg,Germany,SGL arena,Markus Weinzierl
Jan Moravek,Midfielder,Czech Republic,FC Augsburg,Germany,SGL arena,Markus Weinzierl
Andreas Ottl,Midfielder,Germany,Genoa,Germany,SGL arena,Markus Weinzierl
Androo Hahn,Midfielder,Germany,FC Augsburg,Germany,SGL arena,Markus Weinzierl
DongWon Ji,Midfielder,South Korea,FC Augsburg,Germany,SGL arena,Markus Weinzierl
Erik Thommy,Midfielder,Germany,FC Augsburg,Germany,SGL arena,Markus Weinzierl
Alexander Esswein,Forward,Germany,Hamburger SV,Germany,SGL arena,Markus Weinzierl
Arkadiusz Milik,Forward,Poland,FC Augsburg,Germany,SGL arena,Markus Weinzierl
Halil Altintop,Forward,Turkey,Chelsea,Germany,SGL arena,Markus Weinzierl
Arif Ekin,Forward,Germany,FC Augsburg,Germany,SGL arena,Markus Weinzierl
Sascha Moolders,Forward,Germany,FC Augsburg,Germany,SGL arena,Markus Weinzierl
Bajram Nebihi,Forward,Germany,FC Augsburg,Germany,SGL arena,Markus Weinzierl
Raul Bobadilla,Forward,Argentina,Man City,Germany,SGL arena,Markus Weinzierl
Jaroslav Drobny,Goalkeeper,Czech Republic,Hamburger SV,Germany,Imtech Arena,Bert van Marwijk
Renoo Adler,Goalkeeper,Germany,Hamburger SV,Germany,Imtech Arena,Bert van Marwijk
Sven Neuhaus,Goalkeeper,Germany,Cardiff,Germany,Imtech Arena,Bert van Marwijk
Florian Stritzel,Goalkeeper,Germany,Hamburger SV,Germany,Imtech Arena,Bert van Marwijk
Dennis Diekmeier,Defender,Germany,Hamburger SV,Germany,Imtech Arena,Bert van Marwijk
Michael Mancienne,Defender,England,SV Werder Bremen,Germany,Imtech Arena,Bert van Marwijk
Heiko Westermann,Defender,Germany,Hamburger SV,Germany,Imtech Arena,Bert van Marwijk
Johan Djourou,Defender,Switzerland,Aston Villa,Germany,Imtech Arena,Bert van Marwijk
Lasse Sobiech,Defender,Germany,Catania,Germany,Imtech Arena,Bert van Marwijk
Zhi Gin Lam,Defender,Germany,Stoke,Germany,Imtech Arena,Bert van Marwijk
Slobodan Rajkovic,Defender,Serbia,Hamburger SV,Germany,Imtech Arena,Bert van Marwijk
Jonathan Glao Tah,Defender,Germany,Hamburger SV,Germany,Imtech Arena,Bert van Marwijk
Marcell Jansen,Defender,Germany,Swansea,Germany,Imtech Arena,Bert van Marwijk
Tomoos Rincoon,Midfielder,Venezuela,Hamburger SV,Germany,Imtech Arena,Bert van Marwijk
Hakan Calhanoglu,Midfielder,Turkey,Sampdoria,Germany,Imtech Arena,Bert van Marwijk
Ivo Ilicevic,Midfielder,Croatia,FC Augsburg,Germany,Imtech Arena,Bert van Marwijk
Milan Badelj,Midfielder,Croatia,Hamburger SV,Germany,Imtech Arena,Bert van Marwijk
Tolgay Arslan,Midfielder,Germany,Bologna,Germany,Imtech Arena,Bert van Marwijk
Petr Jiracek,Midfielder,Czech Republic,Spurs,Germany,Imtech Arena,Bert van Marwijk
Maximilian Beister,Midfielder,Germany,Swansea,Germany,Imtech Arena,Bert van Marwijk
Rafael van der Vaart,Midfielder,Netherlands,Newcastle,Germany,Imtech Arena,Bert van Marwijk
Kerem Demirbay,Midfielder,Germany,Liverpool,Germany,Imtech Arena,Bert van Marwijk
Matti Steinmann,Midfielder,Germany,Hamburger SV,Germany,Imtech Arena,Bert van Marwijk
Valmir Nafiu,Midfielder,Macedonia,Aston Villa,Germany,Imtech Arena,Bert van Marwijk
Robert Tesche,Midfielder,Germany,Hamburger SV,Germany,Imtech Arena,Bert van Marwijk
Ouasim Bouy,Midfielder,Netherlands,Eintracht Braunschweig,Germany,Imtech Arena,Bert van Marwijk
Jacques Zoua Daogari,Forward,Cameroon,Hertha Berlin,Germany,Imtech Arena,Bert van Marwijk
PierreMichel Lasogga,Forward,Germany,1.FC Noooornberg,Germany,Imtech Arena,Bert van Marwijk
Ola John,Forward,Netherlands,Hamburger SV,Germany,Imtech Arena,Bert van Marwijk
Oliver Baumann,Goalkeeper,Germany,SC Freiburg,Germany,MAGE SOLAR Stadion ,Christian Streich
Daniel Batz,Goalkeeper,Germany,Hamburger SV,Germany,MAGE SOLAR Stadion ,Christian Streich
Alexander Schwolow,Goalkeeper,Germany,Norwich,Germany,MAGE SOLAR Stadion ,Christian Streich
Pavel Krmas,Defender,Czech Republic,SV Werder Bremen,Germany,MAGE SOLAR Stadion ,Christian Streich
Fallou Diagne,Defender,Senegal,SC Freiburg,Germany,MAGE SOLAR Stadion ,Christian Streich
Christopher Jullien,Defender,France,SC Freiburg,Germany,MAGE SOLAR Stadion ,Christian Streich
Vegar Hedenstad,Defender,Norway,Borussia Moooonchengladbach,Germany,MAGE SOLAR Stadion ,Christian Streich
Mensur Mujdza,Defender,Bosnia and Herzegovina,SC Freiburg,Germany,MAGE SOLAR Stadion ,Christian Streich
Oliver Sorg,Defender,Germany,Borussia Dortmund,Germany,MAGE SOLAR Stadion ,Christian Streich
Matthias Ginter,Defender,Germany,SC Freiburg,Germany,MAGE SOLAR Stadion ,Christian Streich
Christian Goonter,Defender,Germany,Hertha Berlin,Germany,MAGE SOLAR Stadion ,Christian Streich
Immanuel Hoohn,Defender,Germany,SC Freiburg,Germany,MAGE SOLAR Stadion ,Christian Streich
Tim Schraml,Defender,Germany,Bayer 04 Leverkusen,Germany,MAGE SOLAR Stadion ,Christian Streich
Nicolai Lorenzoni,Defender,Germany,SC Freiburg,Germany,MAGE SOLAR Stadion ,Christian Streich
Gelson Tavares Fernandes,Midfielder,Switzerland,SC Freiburg,Germany,MAGE SOLAR Stadion ,Christian Streich
Vaclav Pilar,Midfielder,Czech Republic,SC Freiburg,Germany,MAGE SOLAR Stadion ,Christian Streich
Hendrick Zuck,Midfielder,Germany,Sassuolo,Germany,MAGE SOLAR Stadion ,Christian Streich
Jonathan Schmid,Midfielder,France,SC Freiburg,Germany,MAGE SOLAR Stadion ,Christian Streich
Francis Coquelin,Midfielder,France,VfB Stuttgart,Germany,MAGE SOLAR Stadion ,Christian Streich
Julian Schuster,Midfielder,Germany,FC Schalke 04,Germany,MAGE SOLAR Stadion ,Christian Streich
Nicolas Hoofler,Midfielder,Germany,FC Augsburg,Germany,MAGE SOLAR Stadion ,Christian Streich
Tim Albutat,Midfielder,Germany,Fiorentina,Germany,MAGE SOLAR Stadion ,Christian Streich
Karim Guoodoo,Midfielder,Slovakia,1. FSV Mainz 05,Germany,MAGE SOLAR Stadion ,Christian Streich
Felix Klaus,Midfielder,Germany,Aston Villa,Germany,MAGE SOLAR Stadion ,Christian Streich
Sebastian Kerk,Midfielder,Germany,Stoke,Germany,MAGE SOLAR Stadion ,Christian Streich
Caleb Stanko,Midfielder,USA,Parma,Germany,MAGE SOLAR Stadion ,Christian Streich
CharlesElie Laproovotte,Midfielder,France,SC Freiburg,Germany,MAGE SOLAR Stadion ,Christian Streich
Vladimir Darida,Midfielder,Czech Republic,SC Freiburg,Germany,MAGE SOLAR Stadion ,Christian Streich
Mike Hanke,Forward,Germany,Torino,Germany,MAGE SOLAR Stadion ,Christian Streich
Admir Mehmedi,Forward,Switzerland,SC Freiburg,Germany,MAGE SOLAR Stadion ,Christian Streich
Marco Terrazzino,Forward,Germany,SC Freiburg,Germany,MAGE SOLAR Stadion ,Christian Streich
Sebastian Freis,Forward,Germany,SC Freiburg,Germany,MAGE SOLAR Stadion ,Christian Streich
Philipp Zulechner,Forward,Austria,Hellas Verona,Germany,MAGE SOLAR Stadion ,Christian Streich
Raphael Schoofer,Goalkeeper,Germany,Hamburger SV,Germany,Grundig Stadion,Gertjan Verbeek
Patrick Rakovsky,Goalkeeper,Germany,Chievo Verona,Germany,Grundig Stadion,Gertjan Verbeek
Benjamin Uphoff,Goalkeeper,Germany,Cardiff,Germany,Grundig Stadion,Gertjan Verbeek
Alexander Stephan,Goalkeeper,Germany,1.FC Noooornberg,Germany,Grundig Stadion,Gertjan Verbeek
Emanuel Pogatetz,Defender,Austria,Livorno,Germany,Grundig Stadion,Gertjan Verbeek
Per Nilsson,Defender,Sweden,1.FC Noooornberg,Germany,Grundig Stadion,Gertjan Verbeek
Marcos Antonio Elias Santos,Defender,Brazil,1.FC Noooornberg,Germany,Grundig Stadion,Gertjan Verbeek
Martin Angha,Defender,Switzerland,Napoli,Germany,Grundig Stadion,Gertjan Verbeek
Marvin Plattenhardt,Defender,Germany,FC Schalke 04,Germany,Grundig Stadion,Gertjan Verbeek
Berkay Tolga Dabanli,Defender,Germany,1.FC Noooornberg,Germany,Grundig Stadion,Gertjan Verbeek
Javier Pinola,Defender,Argentina,Bologna,Germany,Grundig Stadion,Gertjan Verbeek
Timothy Chandler,Defender,USA,Liverpool,Germany,Grundig Stadion,Gertjan Verbeek
Makoto Hasebe,Midfielder,Japan,VfB Stuttgart,Germany,Grundig Stadion,Gertjan Verbeek
Hanno Balitsch,Midfielder,Germany,Eintracht Braunschweig,Germany,Grundig Stadion,Gertjan Verbeek
Markus Feulner,Midfielder,Germany,Sassuolo,Germany,Grundig Stadion,Gertjan Verbeek
Timo Gebhart,Midfielder,Germany,Bayer 04 Leverkusen,Germany,Grundig Stadion,Gertjan Verbeek
Hiroshi Kiyotake,Midfielder,Japan,Newcastle,Germany,Grundig Stadion,Gertjan Verbeek
Robert Mak,Midfielder,Slovakia,1.FC Noooornberg,Germany,Grundig Stadion,Gertjan Verbeek
Niklas Stark,Midfielder,Germany,Sampdoria,Germany,Grundig Stadion,Gertjan Verbeek
Mike Frantz,Midfielder,Germany,1.FC Noooornberg,Germany,Grundig Stadion,Gertjan Verbeek
Adam Hlousek,Midfielder,Czech Republic,1.FC Noooornberg,Germany,Grundig Stadion,Gertjan Verbeek
Sebastian Goortner,Midfielder,Germany,1. FSV Mainz 05,Germany,Grundig Stadion,Gertjan Verbeek
Ondrej Petrook,Midfielder,Czech Republic,1.FC Noooornberg,Germany,Grundig Stadion,Gertjan Verbeek
Josoo Campaooa,Midfielder,Spain,Aston Villa,Germany,Grundig Stadion,Gertjan Verbeek
Mariusz Stepinski,Forward,Poland,Hellas Verona,Germany,Grundig Stadion,Gertjan Verbeek
Tomas Pekhart,Forward,Czech Republic,1.FC Noooornberg,Germany,Grundig Stadion,Gertjan Verbeek
Daniel Ginczek,Forward,Germany,West Brom,Germany,Grundig Stadion,Gertjan Verbeek
Josip Drmic,Forward,Switzerland,Roma,Germany,Grundig Stadion,Gertjan Verbeek
AntonioMirko Colak,Forward,Germany,1.FC Noooornberg,Germany,Grundig Stadion,Gertjan Verbeek
Ralf Foohrmann,Goalkeeper,Germany,Borussia Moooonchengladbach,Germany,Veltins Arena,Jens Keller
Timo Hildebrand,Goalkeeper,Germany,FC Schalke 04,Germany,Veltins Arena,Jens Keller
Tim Hoogland,Defender,Germany,Sampdoria,Germany,Veltins Arena,Jens Keller
Benedikt Hoowedes,Defender,Germany,Sunderland,Germany,Veltins Arena,Jens Keller
Felipe Augusto Santana,Defender,Brazil,West Ham,Germany,Veltins Arena,Jens Keller
Sead Kolasinac,Defender,Bosnia and Herzegovina,FC Schalke 04,Germany,Veltins Arena,Jens Keller
Kyriakos Papadopoulos,Defender,Greece,FC Schalke 04,Germany,Veltins Arena,Jens Keller
Atsuto Uchida,Defender,Japan,Lazio,Germany,Veltins Arena,Jens Keller
Christian Fuchs,Defender,Austria,VfL Wolfsburg,Germany,Veltins Arena,Jens Keller
Kaan Ayhan,Defender,Turkey,FC Schalke 04,Germany,Veltins Arena,Jens Keller
Joel Matip,Defender,Cameroon,FC Schalke 04,Germany,Veltins Arena,Jens Keller
Dennis Aogo,Defender,Germany,FC Schalke 04,Germany,Veltins Arena,Jens Keller
Marcel Sobottka,Defender,Germany,Chelsea,Germany,Veltins Arena,Jens Keller
Philipp Max,Defender,Germany,FC Schalke 04,Germany,Veltins Arena,Jens Keller
Max Meyer,Midfielder,Germany,Hertha Berlin,Germany,Veltins Arena,Jens Keller
Leon Goretzka,Midfielder,Germany,Crystal Palace,Germany,Veltins Arena,Jens Keller
Julian Draxler,Midfielder,Germany,Southampton,Germany,Veltins Arena,Jens Keller
Christian Clemens,Midfielder,Germany,Cagliari,Germany,Veltins Arena,Jens Keller
Marco Hooger,Midfielder,Germany,Liverpool,Germany,Veltins Arena,Jens Keller
Jefferson Farfoon,Midfielder,Peru,Stoke,Germany,Veltins Arena,Jens Keller
Renoo Klingenburg,Midfielder,Germany,FC Schalke 04,Germany,Veltins Arena,Jens Keller
Roman Neustoodter,Midfielder,Germany,FC Bayern Moooonchen,Germany,Veltins Arena,Jens Keller
Anthony Annan,Midfielder,Ghana,Eintracht Frankfurt,Germany,Veltins Arena,Jens Keller
Jan Kirchhoff,Midfielder,Germany,West Brom,Germany,Veltins Arena,Jens Keller
Robert Leipertz,Midfielder,Germany,Borussia Dortmund,Germany,Veltins Arena,Jens Keller
KevinPrince Boateng,Midfielder,Ghana,Sunderland,Germany,Veltins Arena,Jens Keller
Chinedu Obasi,Forward,Nigeria,Cardiff,Germany,Veltins Arena,Jens Keller
KlaasJan Huntelaar,Forward,Netherlands,FC Schalke 04,Germany,Veltins Arena,Jens Keller
Adoom Szalai,Forward,Hungary,FC Schalke 04,Germany,Veltins Arena,Jens Keller
Gerald Asamoah,Forward,Germany,1899 Hoffenheim,Germany,Veltins Arena,Jens Keller
Donis Avdijaj,Forward,Germany,Norwich,Germany,Veltins Arena,Jens Keller
Manuel Neuer,Goalkeeper,Germany,SC Freiburg,Germany,Allianz Arena,Pep Guardiola
Tom Starke,Goalkeeper,Germany,FC Bayern Moooonchen,Germany,Allianz Arena,Pep Guardiola
Lukas Raeder,Goalkeeper,Germany,FC Bayern Moooonchen,Germany,Allianz Arena,Pep Guardiola
Dante Bonfim Costa Santos,Defender,Brazil,Cardiff,Germany,Allianz Arena,Pep Guardiola
Daniel van Buyten,Defender,Belgium,1899 Hoffenheim,Germany,Allianz Arena,Pep Guardiola
Marcio Rafael Ferreira de Souza,Defender,Brazil,Aston Villa,Germany,Allianz Arena,Pep Guardiola
Jerome Boateng,Defender,Germany,Roma,Germany,Allianz Arena,Pep Guardiola
Philipp Lahm,Defender,Germany,FC Bayern Moooonchen,Germany,Allianz Arena,Pep Guardiola
Diego Contento,Defender,Germany,FC Bayern Moooonchen,Germany,Allianz Arena,Pep Guardiola
David Alaba,Defender,Austria,Lazio,Germany,Allianz Arena,Pep Guardiola
Holger Badstuber,Defender,Germany,FC Bayern Moooonchen,Germany,Allianz Arena,Pep Guardiola
Ylli Sallahi,Defender,Austria,FC Bayern Moooonchen,Germany,Allianz Arena,Pep Guardiola
Thiago Alcoontara do Nascimento,Midfielder,Spain,Hull,Germany,Allianz Arena,Pep Guardiola
Franck Riboory,Midfielder,France,FC Bayern Moooonchen,Germany,Allianz Arena,Pep Guardiola
Javier Martoonez Aguinaga,Midfielder,Spain,Eintracht Braunschweig,Germany,Allianz Arena,Pep Guardiola
Arjen Robben,Midfielder,Netherlands,FC Bayern Moooonchen,Germany,Allianz Arena,Pep Guardiola
Xherdan Shaqiri,Midfielder,Switzerland,Napoli,Germany,Allianz Arena,Pep Guardiola
Mario Gootze,Midfielder,Germany,Liverpool,Germany,Allianz Arena,Pep Guardiola
Mitchell Weiser,Midfielder,Germany,Sassuolo,Germany,Allianz Arena,Pep Guardiola
Thomas Mooller,Midfielder,Germany,FC Bayern Moooonchen,Germany,Allianz Arena,Pep Guardiola
Bastian Schweinsteiger,Midfielder,Germany,Chelsea,Germany,Allianz Arena,Pep Guardiola
PierreEmile Hoojbjerg,Midfielder,Denmark,FC Bayern Moooonchen,Germany,Allianz Arena,Pep Guardiola
Toni Kroos,Midfielder,Germany,FC Bayern Moooonchen,Germany,Allianz Arena,Pep Guardiola
Julian Green,Midfielder,Germany,Fiorentina,Germany,Allianz Arena,Pep Guardiola
Mario Mandzukic,Forward,Croatia,Chievo Verona,Germany,Allianz Arena,Pep Guardiola
Claudio Pizarro,Forward,Peru,FC Bayern Moooonchen,Germany,Allianz Arena,Pep Guardiola
Patrick Weihrauch,Forward,Germany,Cagliari,Germany,Allianz Arena,Pep Guardiola
Loris Karius,Goalkeeper,Germany,FC Schalke 04,Germany,Coface Arena,Thomas Tuchel
Christian Wetklo,Goalkeeper,Germany,Cardiff,Germany,Coface Arena,Thomas Tuchel
Heinz Mooller,Goalkeeper,Germany,1. FSV Mainz 05,Germany,Coface Arena,Thomas Tuchel
Christian Mathenia,Goalkeeper,Germany,FC Schalke 04,Germany,Coface Arena,Thomas Tuchel
Dario Kresic,Goalkeeper,Croatia,Roma,Germany,Coface Arena,Thomas Tuchel
JooHo Park,Defender,South Korea,Hellas Verona,Germany,Coface Arena,Thomas Tuchel
Bo Svensson,Defender,Denmark,1. FSV Mainz 05,Germany,Coface Arena,Thomas Tuchel
Zdenek Pospech,Defender,Czech Republic,Aston Villa,Germany,Coface Arena,Thomas Tuchel
Nikolce Noveski,Defender,Macedonia,Fiorentina,Germany,Coface Arena,Thomas Tuchel
Stefan Bell,Defender,Germany,Everton,Germany,Coface Arena,Thomas Tuchel
Junior Enrique Diaz Campbell,Defender,Costa Rica,1. FSV Mainz 05,Germany,Coface Arena,Thomas Tuchel
Niko Bungert,Defender,Germany,Sunderland,Germany,Coface Arena,Thomas Tuchel
Malik Fathi,Defender,Germany,Napoli,Germany,Coface Arena,Thomas Tuchel
Julian Koch,Defender,Germany,1. FSV Mainz 05,Germany,Coface Arena,Thomas Tuchel
JaCheol Koo,Midfielder,South Korea,Catania,Germany,Coface Arena,Thomas Tuchel
Benedikt Saller,Midfielder,Germany,1. FSV Mainz 05,Germany,Coface Arena,Thomas Tuchel
Johannes Geis,Midfielder,Germany,1. FSV Mainz 05,Germany,Coface Arena,Thomas Tuchel
Niki Zimling,Midfielder,Denmark,1. FSV Mainz 05,Germany,Coface Arena,Thomas Tuchel
Christoph Moritz,Midfielder,Germany,Hertha Berlin,Germany,Coface Arena,Thomas Tuchel
Yunus Malli,Midfielder,Germany,1. FSV Mainz 05,Germany,Coface Arena,Thomas Tuchel
Julian Baumgartlinger,Midfielder,Austria,1. FSV Mainz 05,Germany,Coface Arena,Thomas Tuchel
Elkin Soto,Midfielder,Columbia,Borussia Dortmund,Germany,Coface Arena,Thomas Tuchel
Nicolai Mooller,Midfielder,Germany,Sassuolo,Germany,Coface Arena,Thomas Tuchel
Todor Nedelev,Midfielder,Bulgaria,Chelsea,Germany,Coface Arena,Thomas Tuchel
Sebastian Polter,Forward,Germany,1. FSV Mainz 05,Germany,Coface Arena,Thomas Tuchel
Eric Maxim ChoupoMoting,Forward,Cameroon,Bologna,Germany,Coface Arena,Thomas Tuchel
Dani Schahin,Forward,Germany,FC Augsburg,Germany,Coface Arena,Thomas Tuchel
Shinji Okazaki,Forward,Japan,1. FSV Mainz 05,Germany,Coface Arena,Thomas Tuchel
Shawn Parker,Forward,Germany,1. FSV Mainz 05,Germany,Coface Arena,Thomas Tuchel
Petar Sliskovic,Forward,Croatia,Chievo Verona,Germany,Coface Arena,Thomas Tuchel
Marjan Petkovic,Goalkeeper,Germany,Napoli,Germany,EintrachtStadion,Torsten Lieberknecht
Daniel Davari,Goalkeeper,Iran,Man City,Germany,EintrachtStadion,Torsten Lieberknecht
Benjamin Later,Goalkeeper,Germany,Eintracht Braunschweig,Germany,EintrachtStadion,Torsten Lieberknecht
Ermin Bicakcic,Defender,Bosnia and Herzegovina,West Ham,Germany,EintrachtStadion,Torsten Lieberknecht
Matthias Henn,Defender,Germany,Eintracht Braunschweig,Germany,EintrachtStadion,Torsten Lieberknecht
Benjamin Kessel,Defender,Germany,Newcastle,Germany,EintrachtStadion,Torsten Lieberknecht
Deniz Dogan,Defender,Turkey,Norwich,Germany,EintrachtStadion,Torsten Lieberknecht
Ken Reichel,Defender,Germany,Hertha Berlin,Germany,EintrachtStadion,Torsten Lieberknecht
Jan Washausen,Defender,Germany,Atalanta,Germany,EintrachtStadion,Torsten Lieberknecht
Marcel Correia,Defender,Portugal,Eintracht Braunschweig,Germany,EintrachtStadion,Torsten Lieberknecht
Omar Elabdellaoui,Defender,Norway,FC Augsburg,Germany,EintrachtStadion,Torsten Lieberknecht
Karim Bellarabi,Midfielder,Germany,Eintracht Braunschweig,Germany,EintrachtStadion,Torsten Lieberknecht
Damir Vrancic,Midfielder,Bosnia and Herzegovina,Hamburger SV,Germany,EintrachtStadion,Torsten Lieberknecht
Mirko Boland,Midfielder,Germany,Eintracht Frankfurt,Germany,EintrachtStadion,Torsten Lieberknecht
Jan Hochscheidt,Midfielder,Germany,Eintracht Braunschweig,Germany,EintrachtStadion,Torsten Lieberknecht
Norman Theuerkauf,Midfielder,Germany,Hellas Verona,Germany,EintrachtStadion,Torsten Lieberknecht
Kevin Kratz,Midfielder,Germany,Juventus,Germany,EintrachtStadion,Torsten Lieberknecht
Timo Perthel,Midfielder,Germany,1899 Hoffenheim,Germany,EintrachtStadion,Torsten Lieberknecht
Gianluca Korte,Midfielder,Germany,Eintracht Braunschweig,Germany,EintrachtStadion,Torsten Lieberknecht
Marc Pfitzner,Midfielder,Germany,Southampton,Germany,EintrachtStadion,Torsten Lieberknecht
Marco Caligiuri,Midfielder,Germany,Eintracht Braunschweig,Germany,EintrachtStadion,Torsten Lieberknecht
Salim Khelifi,Midfielder,Switzerland,Arsenal,Germany,EintrachtStadion,Torsten Lieberknecht
Orhan Ademi,Forward,Switzerland,Stoke,Germany,EintrachtStadion,Torsten Lieberknecht
Domi Kumbela,Forward,Congo DR,Eintracht Braunschweig,Germany,EintrachtStadion,Torsten Lieberknecht
Havard Nielsen,Forward,Norway,Eintracht Braunschweig,Germany,EintrachtStadion,Torsten Lieberknecht
Torsten Oehrl,Forward,Germany,Eintracht Braunschweig,Germany,EintrachtStadion,Torsten Lieberknecht
Jonas ErwigDrooppel,Forward,Germany,Udinese,Germany,EintrachtStadion,Torsten Lieberknecht
Dennis Kruppke,Forward,Germany,Eintracht Braunschweig,Germany,EintrachtStadion,Torsten Lieberknecht
Thomas Kraft,Goalkeeper,Germany,Sampdoria,Germany,Olympiastadion,Jos Luhukay
Sascha Burchert,Goalkeeper,Germany,Hertha Berlin,Germany,Olympiastadion,Jos Luhukay
Marius Gersbeck,Goalkeeper,Germany,1899 Hoffenheim,Germany,Olympiastadion,Jos Luhukay
Philip Sprint,Goalkeeper,Germany,Torino,Germany,Olympiastadion,Jos Luhukay
Rune Almenning Jarstein,Goalkeeper,Norway,Hertha Berlin,Germany,Olympiastadion,Jos Luhukay
Peter Pekarook,Defender,Slovakia,Cardiff,Germany,Olympiastadion,Jos Luhukay
Levan Kobiashvili,Defender,Georgia,Newcastle,Germany,Olympiastadion,Jos Luhukay
Maik Franz,Defender,Germany,FC Bayern Moooonchen,Germany,Olympiastadion,Jos Luhukay
Christoph Janker,Defender,Germany,Hertha Berlin,Germany,Olympiastadion,Jos Luhukay
Sebastian Langkamp,Defender,Germany,Hertha Berlin,Germany,Olympiastadion,Jos Luhukay
Johannes van den Bergh,Defender,Germany,Udinese,Germany,Olympiastadion,Jos Luhukay
John Anthony Brooks,Defender,USA,Borussia Moooonchengladbach,Germany,Olympiastadion,Jos Luhukay
Fabian Lustenberger,Defender,Switzerland,Fulham,Germany,Olympiastadion,Jos Luhukay
Fabian Holland,Defender,Germany,Parma,Germany,Olympiastadion,Jos Luhukay
Tolga Cigerci,Midfielder,Germany,West Ham,Germany,Olympiastadion,Jos Luhukay
Per Skjelbred,Midfielder,Norway,Parma,Germany,Olympiastadion,Jos Luhukay
Nico Schulz,Midfielder,Germany,Torino,Germany,Olympiastadion,Jos Luhukay
Hajime Hosogai,Midfielder,Japan,Everton,Germany,Olympiastadion,Jos Luhukay
Marcel Ndjeng,Midfielder,Cameroon,Torino,Germany,Olympiastadion,Jos Luhukay
Alexander Baumjohann,Midfielder,Germany,Hertha Berlin,Germany,Olympiastadion,Jos Luhukay
oonis BenHatira,Midfielder,Tunisia,Hertha Berlin,Germany,Olympiastadion,Jos Luhukay
Ronny Furtado de Araoojo,Midfielder,Brazil,Hertha Berlin,Germany,Olympiastadion,Jos Luhukay
Peter Niemeyer,Midfielder,Germany,Hertha Berlin,Germany,Olympiastadion,Jos Luhukay
Peer Kluge,Midfielder,Germany,VfB Stuttgart,Germany,Olympiastadion,Jos Luhukay
Hany Mukhtar,Midfielder,Germany,Everton,Germany,Olympiastadion,Jos Luhukay
Sami Allagui,Forward,Tunisia,Newcastle,Germany,Olympiastadion,Jos Luhukay
Adrioon Ramos,Forward,Columbia,Hertha Berlin,Germany,Olympiastadion,Jos Luhukay
Sandro Wagner,Forward,Germany,Hertha Berlin,Germany,Olympiastadion,Jos Luhukay
RonRobert Zieler,Goalkeeper,Germany,Hannover 96,Germany,HDI Arena,Tayfun Korkut
Markus Miller,Goalkeeper,Germany,Hannover 96,Germany,HDI Arena,Tayfun Korkut
Konstantin Fuhry,Goalkeeper,Germany,Catania,Germany,HDI Arena,Tayfun Korkut
Hiroki Sakai,Defender,Japan,Hannover 96,Germany,HDI Arena,Tayfun Korkut
Salif Sanoo,Defender,Senegal,Bayer 04 Leverkusen,Germany,HDI Arena,Tayfun Korkut
Steven Cherundolo,Defender,USA,Hannover 96,Germany,HDI Arena,Tayfun Korkut
Soobastien Pocognoli,Defender,Belgium,Bayer 04 Leverkusen,Germany,HDI Arena,Tayfun Korkut
Christian Schulz,Defender,Germany,Atalanta,Germany,HDI Arena,Tayfun Korkut
Felipe Trevizan Martins,Defender,Brazil,Hull,Germany,HDI Arena,Tayfun Korkut
Christopher Avevor,Defender,Germany,Aston Villa,Germany,HDI Arena,Tayfun Korkut
Christian Pander,Defender,Germany,Man Utd,Germany,HDI Arena,Tayfun Korkut
Marcelo Antonio Guedes Filho,Defender,Brazil,Hannover 96,Germany,HDI Arena,Tayfun Korkut
Frantisek Rajtoral,Defender,Czech Republic,Hannover 96,Germany,HDI Arena,Tayfun Korkut
Leon Andreasen,Midfielder,Denmark,Chelsea,Germany,HDI Arena,Tayfun Korkut
Edgar Prib,Midfielder,Germany,Hannover 96,Germany,HDI Arena,Tayfun Korkut
Manuel Schmiedebach,Midfielder,Germany,1.FC Noooornberg,Germany,HDI Arena,Tayfun Korkut
Szabolcs Huszti,Midfielder,Hungary,Parma,Germany,HDI Arena,Tayfun Korkut
Andre Hoffmann,Midfielder,Germany,Stoke,Germany,HDI Arena,Tayfun Korkut
Lars Stindl,Midfielder,Germany,Fulham,Germany,HDI Arena,Tayfun Korkut
Leonardo Bittencourt,Midfielder,Germany,Lazio,Germany,HDI Arena,Tayfun Korkut
Yannik Schulze,Midfielder,Germany,Norwich,Germany,HDI Arena,Tayfun Korkut
Tim Dierooen,Midfielder,Germany,Hull,Germany,HDI Arena,Tayfun Korkut
Artur Sobiech,Forward,Poland,Parma,Germany,HDI Arena,Tayfun Korkut
Didier Ya Konan,Forward,Coote d'Ivoire,Cardiff,Germany,HDI Arena,Tayfun Korkut
Jan Schlaudraff,Forward,Germany,Borussia Moooonchengladbach,Germany,HDI Arena,Tayfun Korkut
Mame Biram Diouf,Forward,Senegal,Hannover 96,Germany,HDI Arena,Tayfun Korkut
Almir Kasumovic,Forward,Bosnia and Herzegovina,Hannover 96,Germany,HDI Arena,Tayfun Korkut
Valmir Sulejmani,Forward,Germany,Livorno,Germany,HDI Arena,Tayfun Korkut
Artjoms Rudnevs,Forward,Latvia,Juventus,Germany,HDI Arena,Tayfun Korkut
Kevin Trapp,Goalkeeper,Germany,Eintracht Frankfurt,Germany,Commerzbank Arena,Armin Veh
Felix Wiedwald,Goalkeeper,Germany,Hannover 96,Germany,Commerzbank Arena,Armin Veh
Aykut oozer,Goalkeeper,Germany,Eintracht Frankfurt,Germany,Commerzbank Arena,Armin Veh
Marco Aulbach,Goalkeeper,Germany,SC Freiburg,Germany,Commerzbank Arena,Armin Veh
Carlos Zambrano,Defender,Peru,Eintracht Frankfurt,Germany,Commerzbank Arena,Armin Veh
Bastian Oczipka,Defender,Germany,Eintracht Frankfurt,Germany,Commerzbank Arena,Armin Veh
Constant Djakpa,Defender,Coote d'Ivoire,Eintracht Braunschweig,Germany,Commerzbank Arena,Armin Veh
Stefano Celozzi,Defender,Germany,Catania,Germany,Commerzbank Arena,Armin Veh
Anderson Soares de Oliveira,Defender,Brazil,Eintracht Frankfurt,Germany,Commerzbank Arena,Armin Veh
Sebastian Jung,Defender,Germany,Eintracht Frankfurt,Germany,Commerzbank Arena,Armin Veh
Alexander Hien,Defender,Germany,Everton,Germany,Commerzbank Arena,Armin Veh
Erik Wille,Defender,Germany,Eintracht Frankfurt,Germany,Commerzbank Arena,Armin Veh
MarcOliver Kempf,Defender,Germany,Torino,Germany,Commerzbank Arena,Armin Veh
Alexander Madlung,Defender,Germany,Eintracht Frankfurt,Germany,Commerzbank Arena,Armin Veh
Tobias Weis,Midfielder,Germany,Eintracht Frankfurt,Germany,Commerzbank Arena,Armin Veh
Tranquillo Barnetta,Midfielder,Switzerland,Eintracht Frankfurt,Germany,Commerzbank Arena,Armin Veh
Marco Russ,Midfielder,Germany,Eintracht Frankfurt,Germany,Commerzbank Arena,Armin Veh
Jan Rosenthal,Midfielder,Germany,Sassuolo,Germany,Commerzbank Arena,Armin Veh
Takashi Inui,Midfielder,Japan,Eintracht Frankfurt,Germany,Commerzbank Arena,Armin Veh
Martin Lanig,Midfielder,Germany,Crystal Palace,Germany,Commerzbank Arena,Armin Veh
Alexander Meier,Midfielder,Germany,VfL Wolfsburg,Germany,Commerzbank Arena,Armin Veh
Stefan Aigner,Midfielder,Germany,Hertha Berlin,Germany,Commerzbank Arena,Armin Veh
Stephan Schroock,Midfielder,Philippines,Juventus,Germany,Commerzbank Arena,Armin Veh
Johannes Flum,Midfielder,Germany,Eintracht Braunschweig,Germany,Commerzbank Arena,Armin Veh
Sebastian Rode,Midfielder,Germany,Eintracht Frankfurt,Germany,Commerzbank Arena,Armin Veh
Marc Stendera,Midfielder,Germany,Eintracht Frankfurt,Germany,Commerzbank Arena,Armin Veh
Pirmin Schwegler,Midfielder,Switzerland,Hannover 96,Germany,Commerzbank Arena,Armin Veh
Sonny Kittel,Midfielder,Germany,Eintracht Frankfurt,Germany,Commerzbank Arena,Armin Veh
Vaclav Kadlec,Forward,Czech Republic,Cagliari,Germany,Commerzbank Arena,Armin Veh
Luca Waldschmidt,Forward,Germany,Eintracht Frankfurt,Germany,Commerzbank Arena,Armin Veh
Jose Luis Mato Sanmartoon,Forward,Spain,Borussia Moooonchengladbach,Germany,Commerzbank Arena,Armin Veh
Sven Ulreich,Goalkeeper,Germany,Eintracht Braunschweig,Germany,MercedesBenz Arena,Thomas Schneider
Thorsten Kirschbaum,Goalkeeper,Germany,VfB Stuttgart,Germany,MercedesBenz Arena,Thomas Schneider
Kevin Mooller,Goalkeeper,Germany,Parma,Germany,MercedesBenz Arena,Thomas Schneider
Odisseas Vlachodimos,Goalkeeper,Germany,VfB Stuttgart,Germany,MercedesBenz Arena,Thomas Schneider
Karim Haggui,Defender,Tunisia,VfB Stuttgart,Germany,MercedesBenz Arena,Thomas Schneider
Gotoku Sakai,Defender,Japan,Cagliari,Germany,MercedesBenz Arena,Thomas Schneider
Daniel Schwaab,Defender,Germany,VfB Stuttgart,Germany,MercedesBenz Arena,Thomas Schneider
Georg Niedermeier,Defender,Germany,Sampdoria,Germany,MercedesBenz Arena,Thomas Schneider
Arthur Boka,Defender,Coote d'Ivoire,VfB Stuttgart,Germany,MercedesBenz Arena,Thomas Schneider
Antonio Roodiger,Defender,Germany,VfB Stuttgart,Germany,MercedesBenz Arena,Thomas Schneider
Konstantin Rausch,Defender,Germany,VfB Stuttgart,Germany,MercedesBenz Arena,Thomas Schneider
Tim Leibold,Defender,Germany,VfB Stuttgart,Germany,MercedesBenz Arena,Thomas Schneider
Martin Harnik,Midfielder,Austria,VfB Stuttgart,Germany,MercedesBenz Arena,Thomas Schneider
Moritz Leitner,Midfielder,Germany,Eintracht Frankfurt,Germany,MercedesBenz Arena,Thomas Schneider
Daniel Didavi,Midfielder,Germany,VfB Stuttgart,Germany,MercedesBenz Arena,Thomas Schneider
Patrick Funk,Midfielder,Germany,FC Bayern Moooonchen,Germany,MercedesBenz Arena,Thomas Schneider
Marco Rojas,Midfielder,New Zealand,VfB Stuttgart,Germany,MercedesBenz Arena,Thomas Schneider
Ibrahima Traoroo,Midfielder,Guinea,Swansea,Germany,MercedesBenz Arena,Thomas Schneider
Christian Gentner,Midfielder,Germany,VfB Stuttgart,Germany,MercedesBenz Arena,Thomas Schneider
Sercan Sararer,Midfielder,Turkey,VfB Stuttgart,Germany,MercedesBenz Arena,Thomas Schneider
Rani Khedira,Midfielder,Germany,Man Utd,Germany,MercedesBenz Arena,Thomas Schneider
Alexandru Maxim,Midfielder,Romania,VfB Stuttgart,Germany,MercedesBenz Arena,Thomas Schneider
Robin Yalcin,Midfielder,Germany,VfB Stuttgart,Germany,MercedesBenz Arena,Thomas Schneider
Carlos Armando Gruezo,Midfielder,Ecuador,VfB Stuttgart,Germany,MercedesBenz Arena,Thomas Schneider
Vedad Ibisevic,Forward,Bosnia and Herzegovina,VfB Stuttgart,Germany,MercedesBenz Arena,Thomas Schneider
Claudemir Jeronimo Barreto,Forward,Germany,VfB Stuttgart,Germany,MercedesBenz Arena,Thomas Schneider
Mohammed Abdellaoue,Forward,Norway,VfB Stuttgart,Germany,MercedesBenz Arena,Thomas Schneider
Timo Werner,Forward,Germany,VfB Stuttgart,Germany,MercedesBenz Arena,Thomas Schneider
Bernd Leno,Goalkeeper,Germany,Bayer 04 Leverkusen,Germany,BayArena,Sami Hyypioooo
David Yelldell,Goalkeeper,USA,Lazio,Germany,BayArena,Sami Hyypioooo
Androos Palop,Goalkeeper,Spain,Bayer 04 Leverkusen,Germany,BayArena,Sami Hyypioooo
Niklas Lomb,Goalkeeper,Germany,Bayer 04 Leverkusen,Germany,BayArena,Sami Hyypioooo
Emre Can,Defender,Germany,West Ham,Germany,BayArena,Sami Hyypioooo
Konstantinos Stafylidis,Defender,Greece,Bayer 04 Leverkusen,Germany,BayArena,Sami Hyypioooo
Philipp Wollscheid,Defender,Germany,Man Utd,Germany,BayArena,Sami Hyypioooo
Emir Spahic,Defender,Bosnia and Herzegovina,Bayer 04 Leverkusen,Germany,BayArena,Sami Hyypioooo
Sebastian Boenisch,Defender,Poland,West Ham,Germany,BayArena,Sami Hyypioooo
oomer Toprak,Defender,Turkey,Hellas Verona,Germany,BayArena,Sami Hyypioooo
Giulio Donati,Defender,Italy,Bayer 04 Leverkusen,Germany,BayArena,Sami Hyypioooo
Roberto Hilbert,Defender,Germany,Bayer 04 Leverkusen,Germany,BayArena,Sami Hyypioooo
Malcolm Cacutalua,Defender,Germany,Bayer 04 Leverkusen,Germany,BayArena,Sami Hyypioooo
Androos Guardado,Defender,Mexico,SV Werder Bremen,Germany,BayArena,Sami Hyypioooo
Stefan Reinartz,Midfielder,Germany,Sampdoria,Germany,BayArena,Sami Hyypioooo
Simon Rolfes,Midfielder,Germany,Sampdoria,Germany,BayArena,Sami Hyypioooo
Lars Bender,Midfielder,Germany,Bayer 04 Leverkusen,Germany,BayArena,Sami Hyypioooo
Jens Hegeler,Midfielder,Germany,Sampdoria,Germany,BayArena,Sami Hyypioooo
Levin ooztunali,Midfielder,Germany,Crystal Palace,Germany,BayArena,Sami Hyypioooo
Sidney Sam,Midfielder,Germany,Bayer 04 Leverkusen,Germany,BayArena,Sami Hyypioooo
Robbie Kruse,Midfielder,Australia,Bayer 04 Leverkusen,Germany,BayArena,Sami Hyypioooo
Gonzalo Castro,Midfielder,Germany,Bayer 04 Leverkusen,Germany,BayArena,Sami Hyypioooo
Jonas Meffert,Midfielder,Germany,Bayer 04 Leverkusen,Germany,BayArena,Sami Hyypioooo
Julian Brandt,Midfielder,Germany,Spurs,Germany,BayArena,Sami Hyypioooo
Eren Derdiyok,Forward,Switzerland,Bayer 04 Leverkusen,Germany,BayArena,Sami Hyypioooo
HeungMin Son,Forward,South Korea,Hellas Verona,Germany,BayArena,Sami Hyypioooo
Stefan Kieooling,Forward,Germany,Cardiff,Germany,BayArena,Sami Hyypioooo
SeungWoo Ryu,Forward,South Korea,Bayer 04 Leverkusen,Germany,BayArena,Sami Hyypioooo
Jens Grahl,Goalkeeper,Germany,1899 Hoffenheim,Germany,WIRSOL RheinNeckarArena,Markus Gisdol
Tim Paterok,Goalkeeper,Germany,1899 Hoffenheim,Germany,WIRSOL RheinNeckarArena,Markus Gisdol
Koen Casteels,Goalkeeper,Belgium,West Brom,Germany,WIRSOL RheinNeckarArena,Markus Gisdol
Alexander Stolz,Goalkeeper,Germany,1899 Hoffenheim,Germany,WIRSOL RheinNeckarArena,Markus Gisdol
Andreas Beck,Defender,Germany,1899 Hoffenheim,Germany,WIRSOL RheinNeckarArena,Markus Gisdol
Stefan Thesker,Defender,Germany,Sassuolo,Germany,WIRSOL RheinNeckarArena,Markus Gisdol
Fabian Johnson,Defender,USA,1899 Hoffenheim,Germany,WIRSOL RheinNeckarArena,Markus Gisdol
David Abraham,Defender,Argentina,Roma,Germany,WIRSOL RheinNeckarArena,Markus Gisdol
Kevin Akpoguma,Defender,Germany,1899 Hoffenheim,Germany,WIRSOL RheinNeckarArena,Markus Gisdol
Patrick Schorr,Defender,Germany,1899 Hoffenheim,Germany,WIRSOL RheinNeckarArena,Markus Gisdol
Niklas Soole,Defender,Germany,1899 Hoffenheim,Germany,WIRSOL RheinNeckarArena,Markus Gisdol
Edson Braafheid,Defender,Netherlands,1899 Hoffenheim,Germany,WIRSOL RheinNeckarArena,Markus Gisdol
Jannik Vestergaard,Defender,Denmark,1899 Hoffenheim,Germany,WIRSOL RheinNeckarArena,Markus Gisdol
Robin Szarka,Defender,Germany,1899 Hoffenheim,Germany,WIRSOL RheinNeckarArena,Markus Gisdol
Jeremy Toljan,Defender,Germany,1899 Hoffenheim,Germany,WIRSOL RheinNeckarArena,Markus Gisdol
Sebastian Rudy,Midfielder,Germany,1899 Hoffenheim,Germany,WIRSOL RheinNeckarArena,Markus Gisdol
Boris Vukcevic,Midfielder,Germany,Eintracht Frankfurt,Germany,WIRSOL RheinNeckarArena,Markus Gisdol
Eugen Polanski,Midfielder,Poland,1899 Hoffenheim,Germany,WIRSOL RheinNeckarArena,Markus Gisdol
Roberto Firmino Barbosa de Oliveira,Midfielder,Brazil,1899 Hoffenheim,Germany,WIRSOL RheinNeckarArena,Markus Gisdol
Tobias Strobl,Midfielder,Germany,Arsenal,Germany,WIRSOL RheinNeckarArena,Markus Gisdol
Ahmed Sassi,Midfielder,Tunisia,1899 Hoffenheim,Germany,WIRSOL RheinNeckarArena,Markus Gisdol
Sejad Salihovic,Midfielder,Bosnia and Herzegovina,Milan,Germany,WIRSOL RheinNeckarArena,Markus Gisdol
Tarik Elyounoussi,Midfielder,Norway,1899 Hoffenheim,Germany,WIRSOL RheinNeckarArena,Markus Gisdol
Jiloan Hamad,Midfielder,Sweden,1899 Hoffenheim,Germany,WIRSOL RheinNeckarArena,Markus Gisdol
Kai Herdling,Midfielder,Germany,1899 Hoffenheim,Germany,WIRSOL RheinNeckarArena,Markus Gisdol
Bruno dos Santos Nazario,Midfielder,Brazil,West Ham,Germany,WIRSOL RheinNeckarArena,Markus Gisdol
Sven Schipplock,Forward,Germany,1899 Hoffenheim,Germany,WIRSOL RheinNeckarArena,Markus Gisdol
Anthony Modeste,Forward,France,Borussia Dortmund,Germany,WIRSOL RheinNeckarArena,Markus Gisdol
Kevin Volland,Forward,Germany,Torino,Germany,WIRSOL RheinNeckarArena,Markus Gisdol
Kenan Karaman,Forward,Turkey,1899 Hoffenheim,Germany,WIRSOL RheinNeckarArena,Markus Gisdol
MarcAndroo ter Stegen,Goalkeeper,Germany,Borussia Moooonchengladbach,Germany,Borussia Park,Lucien Favre
Janis Blaswich,Goalkeeper,Germany,Borussia Moooonchengladbach,Germany,Borussia Park,Lucien Favre
Christofer Heimeroth,Goalkeeper,Germany,Borussia Moooonchengladbach,Germany,Borussia Park,Lucien Favre
Filip Daems,Defender,Belgium,Borussia Moooonchengladbach,Germany,Borussia Park,Lucien Favre
Roel Brouwers,Defender,Netherlands,Borussia Moooonchengladbach,Germany,Borussia Park,Lucien Favre
Alvaro Dominguez Soto,Defender,Spain,Borussia Moooonchengladbach,Germany,Borussia Park,Lucien Favre
Oscar Wendt,Defender,Sweden,Hertha Berlin,Germany,Borussia Park,Lucien Favre
Tony Jantschke,Defender,Germany,Borussia Moooonchengladbach,Germany,Borussia Park,Lucien Favre
Martin Stranzl,Defender,Austria,Eintracht Frankfurt,Germany,Borussia Park,Lucien Favre
Julian Korb,Defender,Germany,Borussia Moooonchengladbach,Germany,Borussia Park,Lucien Favre
Nico Brandenburger,Defender,Germany,1. FSV Mainz 05,Germany,Borussia Park,Lucien Favre
Joel Mero,Defender,Finland,Borussia Moooonchengladbach,Germany,Borussia Park,Lucien Favre
Patrick Herrmann,Midfielder,Germany,Borussia Moooonchengladbach,Germany,Borussia Park,Lucien Favre
Lukas Rupp,Midfielder,Germany,Borussia Moooonchengladbach,Germany,Borussia Park,Lucien Favre
Thorben Marx,Midfielder,Germany,Borussia Moooonchengladbach,Germany,Borussia Park,Lucien Favre
Havard Nordtveit,Midfielder,Norway,Borussia Moooonchengladbach,Germany,Borussia Park,Lucien Favre
Juan Arango,Midfielder,Venezuela,Torino,Germany,Borussia Park,Lucien Favre
Christoph Kramer,Midfielder,Germany,Borussia Moooonchengladbach,Germany,Borussia Park,Lucien Favre
Amin Younes,Midfielder,Germany,1899 Hoffenheim,Germany,Borussia Park,Lucien Favre
Granit Xhaka,Midfielder,Switzerland,Borussia Moooonchengladbach,Germany,Borussia Park,Lucien Favre
Mahmoud Dahoud,Midfielder,Syria,Borussia Moooonchengladbach,Germany,Borussia Park,Lucien Favre
Raffael Caetano de Araoojo,Forward,Brazil,1.FC Noooornberg,Germany,Borussia Park,Lucien Favre
Max Kruse,Forward,Germany,Borussia Moooonchengladbach,Germany,Borussia Park,Lucien Favre
Peniel Kokou Mlapa,Forward,Germany,SV Werder Bremen,Germany,Borussia Park,Lucien Favre
Branimir Hrgota,Forward,Sweden,Borussia Moooonchengladbach,Germany,Borussia Park,Lucien Favre
Kelvin Davis,Goalkeeper,England,Fulham,England,St. Mary's Stadium,Mauricio Pochettino
Nathaniel Clyne,Defender,England,Cardiff,England,St. Mary's Stadium,Mauricio Pochettino
Maya Yoshida,Defender,Japan,Southampton,England,St. Mary's Stadium,Mauricio Pochettino
Morgan Schneiderlin,Midfielder,France,Southampton,England,St. Mary's Stadium,Mauricio Pochettino
Dejan Lovren,Defender,Croatia,Southampton,England,St. Mary's Stadium,Mauricio Pochettino
Jose Fonte,Defender,Portugal,Southampton,England,St. Mary's Stadium,Mauricio Pochettino
Rickie Lambert,Forward,England,Southampton,England,St. Mary's Stadium,Mauricio Pochettino
Steven Davis,Midfielder,Northern Ireland,Southampton,England,St. Mary's Stadium,Mauricio Pochettino
Jay Rodriguez,Forward,England,Southampton,England,St. Mary's Stadium,Mauricio Pochettino
Gastoon Ramoorez,Midfielder,Uruguay,Borussia Moooonchengladbach,England,St. Mary's Stadium,Mauricio Pochettino
Victor Wanyama,Midfielder,Kenya,Arsenal,England,St. Mary's Stadium,Mauricio Pochettino
Jack Cork,Midfielder,England,Southampton,England,St. Mary's Stadium,Mauricio Pochettino
Adam Lallana,Midfielder,England,Everton,England,St. Mary's Stadium,Mauricio Pochettino
Guly,Midfielder,Brazil,Southampton,England,St. Mary's Stadium,Mauricio Pochettino
Jos Hooiveld,Defender,Netherlands,Liverpool,England,St. Mary's Stadium,Mauricio Pochettino
Artur Boruc,Goalkeeper,Poland,Southampton,England,St. Mary's Stadium,Mauricio Pochettino
Jack Stephens,Defender,England,Hull,England,St. Mary's Stadium,Mauricio Pochettino
Jonathan Forte,Forward,Barbados,Southampton,England,St. Mary's Stadium,Mauricio Pochettino
Bradley Jones,Goalkeeper,Australia,Liverpool,England,Anfield,Brendan Rodgers
Glen Johnson,Defender,England,Liverpool,England,Anfield,Brendan Rodgers
Josoo Enrique,Defender,Spain,Hamburger SV,England,Anfield,Brendan Rodgers
Daniel Agger,Defender,Denmark,1899 Hoffenheim,England,Anfield,Brendan Rodgers
Luis Suarez,Forward,Uruguay,Napoli,England,Anfield,Brendan Rodgers
Steven Gerrard,Midfielder,England,Southampton,England,Anfield,Brendan Rodgers
Iago Aspas,Forward,Spain,Liverpool,England,Anfield,Brendan Rodgers
Victor Moses,Midfielder,Nigeria,Liverpool,England,Anfield,Brendan Rodgers
Jordan Henderson,Midfielder,England,Liverpool,England,Anfield,Brendan Rodgers
Daniel Sturridge,Forward,England,Liverpool,England,Anfield,Brendan Rodgers
Sebastioon Coates,Defender,Uruguay,Liverpool,England,Anfield,Brendan Rodgers
Mamadou Sakho,Defender,France,VfL Wolfsburg,England,Anfield,Brendan Rodgers
Aly Cissokho,Defender,France,Liverpool,England,Anfield,Brendan Rodgers
Lucas Leiva,Midfielder,Brazil,Liverpool,England,Anfield,Brendan Rodgers
Simon Mignolet,Goalkeeper,Belgium,Lazio,England,Anfield,Brendan Rodgers
Joe Allen,Midfielder,Wales,Liverpool,England,Anfield,Brendan Rodgers
Martin Kelly,Defender,England,Liverpool,England,Anfield,Brendan Rodgers
Martin Skrtel,Defender,Slovakia,Roma,England,Anfield,Brendan Rodgers
John Ruddy,Goalkeeper,England,VfB Stuttgart,England,Carrow Road,Chris Hughton
Russell Martin,Defender,Scotland,Newcastle,England,Carrow Road,Chris Hughton
Steven Whittaker,Defender,Scotland,Norwich,England,Carrow Road,Chris Hughton
Bradley Johnson,Midfielder,England,West Ham,England,Carrow Road,Chris Hughton
Soobastien Bassong,Defender,Cameroon,Fulham,England,Carrow Road,Chris Hughton
Michael Turner,Defender,England,Norwich,England,Carrow Road,Chris Hughton
Robert Snodgrass,Midfielder,Scotland,Norwich,England,Carrow Road,Chris Hughton
Jonny Howson,Midfielder,England,Norwich,England,Carrow Road,Chris Hughton
Ricky van Wolfswinkel,Forward,Netherlands,1899 Hoffenheim,England,Carrow Road,Chris Hughton
Leroy Fer,Midfielder,Netherlands,Inter,England,Carrow Road,Chris Hughton
Gary Hooper,Forward,England,Norwich,England,Carrow Road,Chris Hughton
Anthony Pilkington,Midfielder,Ireland,Norwich,England,Carrow Road,Chris Hughton
Mark Bunn,Goalkeeper,England,Norwich,England,Carrow Road,Chris Hughton
Wes Hoolahan,Midfielder,Ireland,Norwich,England,Carrow Road,Chris Hughton
Jonoos Gutioorrez,Midfielder,Argentina,Fulham,England,Carrow Road,Chris Hughton
Johan Elmander,Forward,Sweden,Norwich,England,Carrow Road,Chris Hughton
Elliott Bennett,Midfielder,England,Cardiff,England,Carrow Road,Chris Hughton
Luciano Becchio,Forward,Argentina,SC Freiburg,England,Carrow Road,Chris Hughton
Carlo Nash,Goalkeeper,England,Genoa,England,Carrow Road,Chris Hughton
Martin Olsson,Defender,Sweden,Norwich,England,Carrow Road,Chris Hughton
Ryan Bennett,Defender,England,Hellas Verona,England,Carrow Road,Chris Hughton
David Fox,Midfielder,England,Norwich,England,Carrow Road,Chris Hughton
Joseph Yobo,Defender,Nigeria,Norwich,England,Carrow Road,Chris Hughton
Alexander Tettey,Midfielder,Norway,Norwich,England,Carrow Road,Chris Hughton
Allan McGregor,Goalkeeper,Scotland,Hull,England,The KC Stadium,Steve Bruce
Liam Rosenior,Defender,England,Stoke,England,The KC Stadium,Steve Bruce
Maynor Figueroa,Defender,Honduras,Chelsea,England,The KC Stadium,Steve Bruce
Alex Bruce,Defender,Northern Ireland,Hull,England,The KC Stadium,Steve Bruce
James Chester,Defender,England,Hull,England,The KC Stadium,Steve Bruce
Curtis Davies,Defender,England,Hull,England,The KC Stadium,Steve Bruce
David Meyler,Midfielder,Ireland,Udinese,England,The KC Stadium,Steve Bruce
Tom Huddlestone,Midfielder,England,Hull,England,The KC Stadium,Steve Bruce
Robert Koren,Midfielder,Slovenia,Hamburger SV,England,The KC Stadium,Steve Bruce
Matty Fryatt,Forward,England,Hull,England,The KC Stadium,Steve Bruce
Jake Livermore,Midfielder,England,VfB Stuttgart,England,The KC Stadium,Steve Bruce
Paul McShane,Defender,Ireland,Hull,England,The KC Stadium,Steve Bruce
Eldin Jakupovic,Goalkeeper,Switzerland,Hull,England,The KC Stadium,Steve Bruce
Nikica Jelavic,Forward,Croatia,Hull,England,The KC Stadium,Steve Bruce
Joe Dudgeon,Defender,Northern Ireland,Hull,England,The KC Stadium,Steve Bruce
Shane Long,Forward,Ireland,Milan,England,The KC Stadium,Steve Bruce
Steve Harper,Goalkeeper,England,Inter,England,The KC Stadium,Steve Bruce
Abdoulaye Faye,Defender,Senegal,Hull,England,The KC Stadium,Steve Bruce
Sone Aluko,Forward,Nigeria,Hull,England,The KC Stadium,Steve Bruce
Stephen Quinn,Midfielder,Ireland,Hull,England,The KC Stadium,Steve Bruce
Conor Henderson,Midfielder,Ireland,FC Bayern Moooonchen,England,The KC Stadium,Steve Bruce
Winston Reid,Defender,New Zealand,Cardiff,England,Boleyn Ground,Sam Allardyce
George McCartney,Defender,Northern Ireland,West Ham,England,Boleyn Ground,Sam Allardyce
Kevin Nolan,Midfielder,England,Bayer 04 Leverkusen,England,Boleyn Ground,Sam Allardyce
James Tomkins,Defender,England,VfB Stuttgart,England,Boleyn Ground,Sam Allardyce
Matthew Jarvis,Midfielder,England,West Ham,England,Boleyn Ground,Sam Allardyce
Andy Carroll,Forward,England,Lazio,England,Boleyn Ground,Sam Allardyce
Jack Collison,Midfielder,Wales,West Ham,England,Boleyn Ground,Sam Allardyce
Ricardo Vaz Te,Forward,Portugal,West Ham,England,Boleyn Ground,Sam Allardyce
Adrioon,Goalkeeper,Spain,West Ham,England,Boleyn Ground,Sam Allardyce
Matthew Taylor,Midfielder,England,West Ham,England,Boleyn Ground,Sam Allardyce
Mark Noble,Midfielder,England,West Ham,England,Boleyn Ground,Sam Allardyce
Joey O'Brien,Defender,Ireland,Milan,England,Boleyn Ground,Sam Allardyce
Alou Diarra,Midfielder,France,West Ham,England,Boleyn Ground,Sam Allardyce
James Collins,Defender,Wales,Man City,England,Boleyn Ground,Sam Allardyce
Mohamed Diamoo,Midfielder,Senegal,Milan,England,Boleyn Ground,Sam Allardyce
Jussi Jooooskelooinen,Goalkeeper,Finland,Southampton,England,Boleyn Ground,Sam Allardyce
Stewart Downing,Midfielder,England,West Ham,England,Boleyn Ground,Sam Allardyce
Stephen Henderson,Goalkeeper,Ireland,Hamburger SV,England,Boleyn Ground,Sam Allardyce
Joe Cole,Midfielder,England,West Ham,England,Boleyn Ground,Sam Allardyce
Roger Johnson,Defender,England,West Ham,England,Boleyn Ground,Sam Allardyce
Marco Borriello,Forward,Italy,Arsenal,England,Boleyn Ground,Sam Allardyce
Antonio Nocerino,Midfielder,Italy,Hertha Berlin,England,Boleyn Ground,Sam Allardyce
Pablo Armero,Defender,Colombia,West Ham,England,Boleyn Ground,Sam Allardyce
Tim Krul,Goalkeeper,Netherlands,Newcastle,England,St James' Park,Alan Pardew
Fabricio Coloccini,Defender,Argentina,Cardiff,England,St James' Park,Alan Pardew
Davide Santon,Defender,Italy,Newcastle,England,St James' Park,Alan Pardew
Michael Williamson,Defender,England,Roma,England,St James' Park,Alan Pardew
Moussa Sissoko,Midfielder,France,Newcastle,England,St James' Park,Alan Pardew
Vurnon Anita,Midfielder,Netherlands,Newcastle,England,St James' Park,Alan Pardew
Papiss Demba Cissoo,Forward,Senegal,Eintracht Braunschweig,England,St James' Park,Alan Pardew
Hatem Ben Arfa,Midfielder,France,Parma,England,St James' Park,Alan Pardew
Yoan Gouffran,Forward,France,Newcastle,England,St James' Park,Alan Pardew
Mapou YangaMbiwa,Defender,France,Newcastle,England,St James' Park,Alan Pardew
Loooc Remy,Forward,France,Newcastle,England,St James' Park,Alan Pardew
Dan Gosling,Midfielder,England,Borussia Dortmund,England,St James' Park,Alan Pardew
Ryan Taylor,Defender,England,VfB Stuttgart,England,St James' Park,Alan Pardew
Luuk de Jong,Forward,Netherlands,Newcastle,England,St James' Park,Alan Pardew
Robert Elliot,Goalkeeper,Ireland,Newcastle,England,St James' Park,Alan Pardew
Sylvain Marveaux,Midfielder,France,Newcastle,England,St James' Park,Alan Pardew
Shola Ameobi,Forward,Nigeria,Newcastle,England,St James' Park,Alan Pardew
Gabriel Obertan,Midfielder,France,Newcastle,England,St James' Park,Alan Pardew
Mathieu Debuchy,Defender,France,Newcastle,England,St James' Park,Alan Pardew
Steven Taylor,Defender,England,Hellas Verona,England,St James' Park,Alan Pardew
Paul Dummett,Defender,Wales,Newcastle,England,St James' Park,Alan Pardew
Brad Guzan,Goalkeeper,United States,Torino,England,Villa Park,Paul Lambert
Joe Bennett,Defender,England,Aston Villa,England,Villa Park,Paul Lambert
Ron Vlaar,Defender,Netherlands,Aston Villa,England,Villa Park,Paul Lambert
Jores Okore,Defender,Denmark,Aston Villa,England,Villa Park,Paul Lambert
Ciaran Clark,Defender,Ireland,Aston Villa,England,Villa Park,Paul Lambert
Karim El Ahmadi,Midfielder,Morocco,Eintracht Braunschweig,England,Villa Park,Paul Lambert
Nicklas Helenius,Forward,Denmark,Newcastle,England,Villa Park,Paul Lambert
Gabriel Agbonlahor,Forward,England,Norwich,England,Villa Park,Paul Lambert
Marc Albrighton,Midfielder,England,Aston Villa,England,Villa Park,Paul Lambert
Antonio Luna,Defender,Spain,Aston Villa,England,Villa Park,Paul Lambert
Ashley Westwood,Midfielder,England,Napoli,England,Villa Park,Paul Lambert
Fabian Delph,Midfielder,England,Aston Villa,England,Villa Park,Paul Lambert
Chris Herd,Midfielder,Australia,Livorno,England,Villa Park,Paul Lambert
Yacouba Sylla,Midfielder,Mali,Catania,England,Villa Park,Paul Lambert
Christian Benteke,Forward,Belgium,Hull,England,Villa Park,Paul Lambert
Ryan Bertrand,Defender,England,Aston Villa,England,Villa Park,Paul Lambert
Aleksandar Tonev,Midfielder,Bulgaria,Aston Villa,England,Villa Park,Paul Lambert
Libor Kozook,Forward,Czech Republic,Aston Villa,England,Villa Park,Paul Lambert
Grant Holt,Forward,England,Aston Villa,England,Villa Park,Paul Lambert
Matthew Lowton,Defender,England,SC Freiburg,England,Villa Park,Paul Lambert
Alan Hutton,Defender,Scotland,Sunderland,England,Villa Park,Paul Lambert
Charles N'Zogbia,Midfielder,France,Aston Villa,England,Villa Park,Paul Lambert
Wojciech Szczesny,Goalkeeper,Poland,Arsenal,England,Emirates Stadium,Arsoone Wenger
Bacary Sagna,Defender,France,Livorno,England,Emirates Stadium,Arsoone Wenger
Per Mertesacker,Defender,Germany,Arsenal,England,Emirates Stadium,Arsoone Wenger
Thomas Vermaelen,Defender,Belgium,Arsenal,England,Emirates Stadium,Arsoone Wenger
Laurent Koscielny,Defender,France,Arsenal,England,Emirates Stadium,Arsoone Wenger
Tomas Rosicky,Midfielder,Czech Republic,Arsenal,England,Emirates Stadium,Arsoone Wenger
Mikel Arteta,Midfielder,Spain,Swansea,England,Emirates Stadium,Arsoone Wenger
Lukas Podolski,Forward,Poland,Swansea,England,Emirates Stadium,Arsoone Wenger
Mesut oozil,Midfielder,Germany,Arsenal,England,Emirates Stadium,Arsoone Wenger
Olivier Giroud,Forward,France,Atalanta,England,Emirates Stadium,Arsoone Wenger
Emiliano Viviano,Goalkeeper,Italy,Arsenal,England,Emirates Stadium,Arsoone Wenger
Theo Walcott,Midfielder,England,1.FC Noooornberg,England,Emirates Stadium,Arsoone Wenger
Aaron Ramsey,Midfielder,Wales,Arsenal,England,Emirates Stadium,Arsoone Wenger
Nacho Monreal,Defender,Spain,Eintracht Frankfurt,England,Emirates Stadium,Arsoone Wenger
Santiago Cazorla,Midfielder,Spain,Fiorentina,England,Emirates Stadium,Arsoone Wenger
Mathieu Flamini,Midfielder,France,Eintracht Braunschweig,England,Emirates Stadium,Arsoone Wenger
Lukasz Fabianski,Goalkeeper,Poland,Arsenal,England,Emirates Stadium,Arsoone Wenger
Nicklas Bendtner,Forward,Denmark,Arsenal,England,Emirates Stadium,Arsoone Wenger
Vassiriki Abou Diaby,Midfielder,France,Arsenal,England,Emirates Stadium,Arsoone Wenger
Kieran Gibbs,Defender,England,Arsenal,England,Emirates Stadium,Arsoone Wenger
Kim Koollstroom,Midfielder,Sweden,Arsenal,England,Emirates Stadium,Arsoone Wenger
Johan Djourou,Defender,Switzerland,Arsenal,England,Emirates Stadium,Arsoone Wenger
David de Gea,Goalkeeper,Spain,Man Utd,England,Old Trafford,David Moyes
Rafael,Defender,Brazil,Man Utd,England,Old Trafford,David Moyes
Patrice Evra,Defender,France,Fiorentina,England,Old Trafford,David Moyes
Rio Ferdinand,Defender,England,Man Utd,England,Old Trafford,David Moyes
Jonny Evans,Defender,Northern Ireland,Man Utd,England,Old Trafford,David Moyes
Juan Mata,Midfielder,Spain,Man Utd,England,Old Trafford,David Moyes
Wayne Rooney,Forward,England,Man Utd,England,Old Trafford,David Moyes
Ryan Giggs,Midfielder,Wales,Man Utd,England,Old Trafford,David Moyes
Chris Smalling,Defender,England,West Brom,England,Old Trafford,David Moyes
Anders Lindegaard,Goalkeeper,Denmark,Man Utd,England,Old Trafford,David Moyes
Javier Hernoondez,Forward,Mexico,Milan,England,Old Trafford,David Moyes
Nemanja Vidic,Defender,Serbia,Borussia Dortmund,England,Old Trafford,David Moyes
Michael Carrick,Midfielder,England,West Ham,England,Old Trafford,David Moyes
Nani,Midfielder,Portugal,Man Utd,England,Old Trafford,David Moyes
Ashley Young,Midfielder,England,Man Utd,England,Old Trafford,David Moyes
Danny Welbeck,Forward,England,Man Utd,England,Old Trafford,David Moyes
Robin van Persie,Forward,Netherlands,Cagliari,England,Old Trafford,David Moyes
Tom Cleverley,Midfielder,England,1. FSV Mainz 05,England,Old Trafford,David Moyes
Darren Fletcher,Midfielder,Scotland,Man Utd,England,Old Trafford,David Moyes
Luis Antonio Valencia,Midfielder,Ecuador,Man Utd,England,Old Trafford,David Moyes
Shinji Kagawa,Midfielder,Japan,1. FSV Mainz 05,England,Old Trafford,David Moyes
Alexander Boottner,Defender,Netherlands,Man Utd,England,Old Trafford,David Moyes
Marouane Fellaini,Midfielder,Belgium,Man Utd,England,Old Trafford,David Moyes
Ben Amos,Goalkeeper,England,Man Utd,England,Old Trafford,David Moyes
Julian Speroni,Goalkeeper,Argentina,Crystal Palace,England,Selhurst Park,Tony Pulis
Joel Ward,Defender,England,Crystal Palace,England,Selhurst Park,Tony Pulis
Adrian Mariappa,Defender,Jamaica,Crystal Palace,England,Selhurst Park,Tony Pulis
Jonathan Parr,Defender,Norway,FC Bayern Moooonchen,England,Selhurst Park,Tony Pulis
Patrick McCarthy,Defender,Ireland,Crystal Palace,England,Selhurst Park,Tony Pulis
Scott Dann,Defender,England,Crystal Palace,England,Selhurst Park,Tony Pulis
Kagisho Dikgacoi,Midfielder,South Africa,Crystal Palace,England,Selhurst Park,Tony Pulis
Owen Garvan,Midfielder,Ireland,Crystal Palace,England,Selhurst Park,Tony Pulis
Thomas Ince,Midfielder,England,Crystal Palace,England,Selhurst Park,Tony Pulis
Stuart O'Keefe,Midfielder,England,Crystal Palace,England,Selhurst Park,Tony Pulis
Jerome Thomas,Midfielder,England,1. FSV Mainz 05,England,Selhurst Park,Tony Pulis
Mile Jedinak,Midfielder,Australia,Sassuolo,England,Selhurst Park,Tony Pulis
Dwight Gayle,Forward,England,Crystal Palace,England,Selhurst Park,Tony Pulis
Glenn Murray,Forward,England,Chievo Verona,England,Selhurst Park,Tony Pulis
Aaron Wilbraham,Forward,England,Crystal Palace,England,Selhurst Park,Tony Pulis
Daniel Gabbidon,Defender,Wales,Crystal Palace,England,Selhurst Park,Tony Pulis
Dean Moxey,Defender,England,Bayer 04 Leverkusen,England,Selhurst Park,Tony Pulis
Neil Alexander,Goalkeeper,Scotland,Crystal Palace,England,Selhurst Park,Tony Pulis
Wayne Hennessey,Goalkeeper,Wales,Crystal Palace,England,Selhurst Park,Tony Pulis
Damien Delaney,Defender,Ireland,Juventus,England,Selhurst Park,Tony Pulis
Joe Ledley,Midfielder,Wales,Crystal Palace,England,Selhurst Park,Tony Pulis
Marouane Chamakh,Forward,Morocco,Crystal Palace,England,Selhurst Park,Tony Pulis
Cameron Jerome,Forward,England,Crystal Palace,England,Selhurst Park,Tony Pulis
Adloone Guoodioura,Midfielder,Algeria,Atalanta,England,Selhurst Park,Tony Pulis
Lewis Price,Goalkeeper,Wales,Crystal Palace,England,Selhurst Park,Tony Pulis
Barry Bannan,Midfielder,Scotland,Milan,England,Selhurst Park,Tony Pulis
Joel Robles,Goalkeeper,Spain,Everton,England,Goodison Park,Roberto Martinez
Tony Hibbert,Defender,England,Everton,England,Goodison Park,Roberto Martinez
Leighton Baines,Defender,England,Sunderland,England,Goodison Park,Roberto Martinez
Darron Gibson,Midfielder,Northern Ireland,Everton,England,Goodison Park,Roberto Martinez
Phil Jagielka,Defender,England,Everton,England,Goodison Park,Roberto Martinez
Aiden McGeady,Midfielder,Ireland,Spurs,England,Goodison Park,Roberto Martinez
Bryan Oviedo,Defender,Costa Rica,1.FC Noooornberg,England,Goodison Park,Roberto Martinez
Kevin Mirallas,Midfielder,Belgium,Everton,England,Goodison Park,Roberto Martinez
Steven Naismith,Forward,Scotland,Everton,England,Goodison Park,Roberto Martinez
Sylvain Distin,Defender,France,SV Werder Bremen,England,Goodison Park,Roberto Martinez
James McCarthy,Midfielder,Ireland,SV Werder Bremen,England,Goodison Park,Roberto Martinez
Gareth Barry,Midfielder,England,Crystal Palace,England,Goodison Park,Roberto Martinez
Magaye Gueye,Forward,Senegal,Everton,England,Goodison Park,Roberto Martinez
Leon Osman,Midfielder,England,Hertha Berlin,England,Goodison Park,Roberto Martinez
Steven Pienaar,Midfielder,South Africa,Everton,England,Goodison Park,Roberto Martinez
Steven Pienaar,Midfielder,South Africa,Everton,England,Goodison Park,Roberto Martinez
Seamus Coleman,Defender,Ireland,Everton,England,Goodison Park,Roberto Martinez
Tim Howard,Goalkeeper,United States,Genoa,England,Goodison Park,Roberto Martinez
Antolin Alcaraz,Defender,Paraguay,Everton,England,Goodison Park,Roberto Martinez
Matooas Donoso,Forward,Chile,Everton,England,Goodison Park,Roberto Martinez
Phillip Bardsley,Defender,Scotland,Sunderland,England,Stadium of Light,Gus Poyet
Andrea Dossena,Defender,Italy,Sunderland,England,Stadium of Light,Gus Poyet
Wes Brown,Defender,England,Sunderland,England,Stadium of Light,Gus Poyet
Sebastian Larsson,Midfielder,Sweden,Sunderland,England,Stadium of Light,Gus Poyet
Craig Gardner,Midfielder,England,Southampton,England,Stadium of Light,Gus Poyet
Steven Fletcher,Forward,Scotland,Sunderland,England,Stadium of Light,Gus Poyet
Adam Johnson,Midfielder,England,Eintracht Frankfurt,England,Stadium of Light,Gus Poyet
Ondrej Celustka,Defender,Czech Republic,Sunderland,England,Stadium of Light,Gus Poyet
Jack Colback,Midfielder,England,Sunderland,England,Stadium of Light,Gus Poyet
John O'Shea,Defender,Ireland,Roma,England,Stadium of Light,Gus Poyet
Jozy Altidore,Forward,United States,Hellas Verona,England,Stadium of Light,Gus Poyet
Keiren Westwood,Goalkeeper,Ireland,Sunderland,England,Stadium of Light,Gus Poyet
Emanuele Giaccherini,Midfielder,Italy,Cagliari,England,Stadium of Light,Gus Poyet
Carlos Cuoollar,Defender,Spain,Cardiff,England,Stadium of Light,Gus Poyet
Vito Mannone,Goalkeeper,Italy,Sunderland,England,Stadium of Light,Gus Poyet
Liam Bridcutt,Midfielder,Scotland,Sunderland,England,Stadium of Light,Gus Poyet
Santiago Vergini,Defender,Argentina,Sunderland,England,Stadium of Light,Gus Poyet
Marcos Alonso,Defender,Spain,Sassuolo,England,Stadium of Light,Gus Poyet
Valentin Roberge,Defender,France,Sunderland,England,Stadium of Light,Gus Poyet
Ignacio Scocco,Forward,Argentina,Sunderland,England,Stadium of Light,Gus Poyet
Fabio Borini,Forward,Italy,Sunderland,England,Stadium of Light,Gus Poyet
ooscar Ustari,Goalkeeper,Argentina,Hamburger SV,England,Stadium of Light,Gus Poyet
Lee Cattermole,Midfielder,England,FC Bayern Moooonchen,England,Stadium of Light,Gus Poyet
Maarten Stekelenburg,Goalkeeper,Netherlands,Fulham,England,Craven Cottage,Felix Magath
John Arne Riise,Defender,Norway,Fulham,England,Craven Cottage,Felix Magath
Johnny Heitinga,Defender,Netherlands,Fulham,England,Craven Cottage,Felix Magath
Brede Hangeland,Defender,Norway,Fulham,England,Craven Cottage,Felix Magath
William Kvist,Midfielder,Denmark,Fulham,England,Craven Cottage,Felix Magath
Steve Sidwell,Midfielder,England,Fulham,England,Craven Cottage,Felix Magath
Lewis Holtby,Midfielder,Germany,Fulham,England,Craven Cottage,Roberto Martinez
Alexander Kacaniklic,Midfielder,Sweden,Fulham,England,Craven Cottage,Felix Magath
David Stockdale,Goalkeeper,England,Fulham,England,Craven Cottage,Felix Magath
Giorgos Karagounis,Midfielder,Greece,Fulham,England,Craven Cottage,Felix Magath
Kieran Richardson,Midfielder,England,Fulham,England,Craven Cottage,Mark Hughes
Damien Duff,Midfielder,Ireland,Fulham,England,Craven Cottage,Felix Magath
Matthew Briggs,Defender,England,Fulham,England,Craven Cottage,Felix Magath
Kostas Mitroglou,Forward,Greece,Fulham,England,Craven Cottage,Manuel Pellegrini
Hugo Rodallega,Forward,Colombia,Fulham,England,Craven Cottage,Felix Magath
Elsad Zverotic,Defender,Montenegro,Fulham,England,Craven Cottage,Felix Magath
Derek Boateng,Midfielder,Ghana,Fulham,England,Craven Cottage,Felix Magath
Scott Parker,Midfielder,England,Fulham,England,Craven Cottage,Felix Magath
Clint Dempsey,Forward,United States,Fulham,England,Craven Cottage,Torsten Lieberknecht
Neil Etheridge,Goalkeeper,Philippines,Fulham,England,Craven Cottage,Felix Magath
Darren Bent,Forward,England,Fulham,England,Craven Cottage,Felix Magath
Joe Hart,Goalkeeper,England,Man City,England,Etihad Stadium,Manuel Pellegrini
Micah Richards,Defender,England,Man City,England,Etihad Stadium,Manuel Pellegrini
Vincent Kompany,Defender,Belgium,Man City,England,Etihad Stadium,Felix Magath
Pablo Zabaleta,Defender,Argentina,Man City,England,Etihad Stadium,Manuel Pellegrini
Joleon Lescott,Defender,England,Man City,England,Etihad Stadium,Manuel Pellegrini
James Milner,Midfielder,England,Man City,England,Etihad Stadium,Manuel Pellegrini
Samir Nasri,Midfielder,France,Man City,England,Etihad Stadium,Manuel Pellegrini
oolvaro Negredo,Forward,Spain,Man City,England,Etihad Stadium,Gus Poyet
Aleksandar Kolarov,Defender,Serbia,Man City,England,Etihad Stadium,Manuel Pellegrini
Javi Garcooa,Midfielder,Spain,Man City,England,Etihad Stadium,Gianpiero Gasperini
Jesoos Navas,Midfielder,Spain,Man City,England,Etihad Stadium,Joooorgen Klopp
Sergio Agooero,Forward,Argentina,Man City,England,Etihad Stadium,Manuel Pellegrini
Jack Rodwell,Midfielder,England,Man City,England,Etihad Stadium,Manuel Pellegrini
David Silva,Midfielder,Spain,Man City,England,Etihad Stadium,Manuel Pellegrini
Gaool Clichy,Defender,France,Man City,England,Etihad Stadium,Manuel Pellegrini
Fernandinho,Midfielder,Brazil,Man City,England,Etihad Stadium,Manuel Pellegrini
Martoon Demichelis,Defender,Argentina,Man City,England,Etihad Stadium,Manuel Pellegrini
Richard Wright,Goalkeeper,England,Man City,England,Etihad Stadium,Manuel Pellegrini
Costel Pantilimon,Goalkeeper,Romania,Man City,England,Etihad Stadium,Manuel Pellegrini
Stevan Jovetic,Forward,Montenegro,Man City,England,Etihad Stadium,Tayfun Korkut
Dedryck Boyata,Defender,Belgium,Man City,England,Etihad Stadium,Manuel Pellegrini
David Marshall,Goalkeeper,Scotland,Cardiff,England,Cardiff City Stadium,Ole Gunnar Solskjaer
Matthew Connolly,Defender,England,Cardiff,England,Cardiff City Stadium,Ole Gunnar Solskjaer
Andrew Taylor,Defender,England,Cardiff,England,Cardiff City Stadium,Ole Gunnar Solskjaer
Steven Caulker,Defender,England,Cardiff,England,Cardiff City Stadium,Ole Gunnar Solskjaer
Mark Hudson,Defender,England,Cardiff,England,Cardiff City Stadium,Ole Gunnar Solskjaer
Ben Turner,Defender,England,Cardiff,England,Cardiff City Stadium,Ole Gunnar Solskjaer
Peter Whittingham,Midfielder,England,Cardiff,England,Cardiff City Stadium,Ole Gunnar Solskjaer
Gary Medel,Midfielder,Chile,Cardiff,England,Cardiff City Stadium,Garry Monk
Fraizer Campbell,Forward,England,Cardiff,England,Cardiff City Stadium,Ole Gunnar Solskjaer
Tommy Smith,Forward,England,Cardiff,England,Cardiff City Stadium,Ole Gunnar Solskjaer
Magnus Wolff Eikrem,Midfielder,Norway,Cardiff,England,Cardiff City Stadium,Ole Gunnar Solskjaer
Craig Noone,Midfielder,England,Cardiff,England,Cardiff City Stadium,Ole Gunnar Solskjaer
Aron Gunnarsson,Midfielder,Iceland,Cardiff,England,Cardiff City Stadium,Sinisa Mihajlovic
Jordon Mutch,Midfielder,England,Cardiff,England,Cardiff City Stadium,Ole Gunnar Solskjaer
Don Cowie,Midfielder,Scotland,Cardiff,England,Cardiff City Stadium,Ole Gunnar Solskjaer
Joe Mason,Forward,Ireland,Cardiff,England,Cardiff City Stadium,Jos Luhukay
Simon Lappin,Midfielder,Scotland,Cardiff,England,Cardiff City Stadium,Ole Gunnar Solskjaer
Kevin McNaughton,Defender,Scotland,Cardiff,England,Cardiff City Stadium,Ole Gunnar Solskjaer
Cala,Defender,Spain,Cardiff,England,Cardiff City Stadium,Ole Gunnar Solskjaer
Koovin ThooophileCatherine,Defender,France,Cardiff,England,Cardiff City Stadium,Ole Gunnar Solskjaer
Joe Lewis,Goalkeeper,England,Cardiff,England,Cardiff City Stadium,Ole Gunnar Solskjaer
Jo Inge Berget,Forward,Norway,Cardiff,England,Cardiff City Stadium,Ole Gunnar Solskjaer
Fabio,Defender,Brazil,Cardiff,England,Cardiff City Stadium,Andrea Mandorlini
Craig Bellamy,Forward,Wales,Cardiff,England,Cardiff City Stadium,Gianpiero Gasperini
Kadeem Harris,Midfielder,England,Cardiff,England,Cardiff City Stadium,Ole Gunnar Solskjaer
Dave Richards,Goalkeeper,Wales,Cardiff,England,Cardiff City Stadium,Stefano Colantuono
Erik Pieters,Defender,Netherlands,Stoke,England,Britannia Stadium,Mark Hughes
Robert Huth,Defender,Germany,Stoke,England,Britannia Stadium,Mark Hughes
Glenn Whelan,Midfielder,Ireland,Stoke,England,Britannia Stadium,Mark Hughes
Wilson Palacios,Midfielder,Honduras,Stoke,England,Britannia Stadium,Pepe Mel
Peter Odemwingie,Forward,Nigeria,Stoke,England,Britannia Stadium,Rolando Maran
Marko Arnautovic,Forward,Austria,Stoke,England,Britannia Stadium,Mark Hughes
Marc Wilson,Defender,Ireland,Stoke,England,Britannia Stadium,Mark Hughes
Steven N'Zonzi,Midfielder,France,Stoke,England,Britannia Stadium,Mark Hughes
Charlie Adam,Midfielder,Scotland,Stoke,England,Britannia Stadium,Mark Hughes
Ryan Shawcross,Defender,England,Stoke,England,Britannia Stadium,Mark Hughes
Jonathan Walters,Forward,Ireland,Stoke,England,Britannia Stadium,Mark Hughes
Geoff Cameron,Defender,United States,Stoke,England,Britannia Stadium,Mark Hughes
Oussama Assaidi,Midfielder,Morocco,Stoke,England,Britannia Stadium,Mark Hughes
Peter Crouch,Forward,England,Stoke,England,Britannia Stadium,Mark Hughes
Matthew Etherington,Midfielder,England,Stoke,England,Britannia Stadium,Mauro Tassotti
Andy Wilkinson,Defender,England,Stoke,England,Britannia Stadium,Mark Hughes
Thomas Soorensen,Goalkeeper,Denmark,Stoke,England,Britannia Stadium,Mark Hughes
Ryan Shotton,Defender,England,Stoke,England,Britannia Stadium,Tony Pulis
James Campbell,Defender,Scotland,Stoke,England,Britannia Stadium,Mark Hughes
Ben Foster,Goalkeeper,England,West Brom,England,The Hawthorns,Pepe Mel
Steven Reid,Defender,Ireland,West Brom,England,The Hawthorns,Pepe Mel
Jonas Olsson,Defender,Sweden,West Brom,England,The Hawthorns,Pepe Mel
Claudio Yacob,Midfielder,Argentina,West Brom,England,The Hawthorns,Pepe Mel
Liam Ridgewell,Defender,England,West Brom,England,The Hawthorns,Pepe Mel
James Morrison,Midfielder,Scotland,West Brom,England,The Hawthorns,Mauro Tassotti
Scott Sinclair,Midfielder,England,West Brom,England,The Hawthorns,Pepe Mel
Chris Brunt,Midfielder,Northern Ireland,West Brom,England,The Hawthorns,Pepe Mel
Boaz Myhill,Goalkeeper,Wales,West Brom,England,The Hawthorns,Pepe Mel
Diego Lugano,Defender,Uruguay,West Brom,England,The Hawthorns,Pepe Mel
Victor Anichebe,Forward,Nigeria,West Brom,England,The Hawthorns,Pepe Mel
Graham Dorrans,Midfielder,Scotland,West Brom,England,The Hawthorns,Pepe Mel
Morgan Amalfitano,Midfielder,France,West Brom,England,The Hawthorns,Pepe Mel
Luke Daniels,Goalkeeper,England,West Brom,England,The Hawthorns,Pepe Mel
Zoltoon Gera,Midfielder,Hungary,West Brom,England,The Hawthorns,Davide Ballardini
Gareth McAuley,Defender,Northern Ireland,West Brom,England,The Hawthorns,Roberto Martinez
Craig Dawson,Defender,England,West Brom,England,The Hawthorns,Pepe Mel
Billy Jones,Defender,England,West Brom,England,The Hawthorns,Sami Hyypioooo
Stoophane Sessegnon,Midfielder,Benin,West Brom,England,The Hawthorns,Mauricio Pochettino
Nicolas Anelka,Forward,France,West Brom,England,The Hawthorns,Pepe Mel
Michel Vorm,Goalkeeper,Netherlands,Swansea,England,Liberty Stadium,Garry Monk
Jordi Amat,Defender,Spain,Swansea,England,Liberty Stadium,Garry Monk
Neil Taylor,Defender,Wales,Swansea,England,Liberty Stadium,Ole Gunnar Solskjaer
Chico,Defender,Spain,Swansea,England,Liberty Stadium,Garry Monk
Ashley Williams,Defender,Wales,Swansea,England,Liberty Stadium,Markus Weinzierl
Leon Britton,Midfielder,England,Swansea,England,Liberty Stadium,Garry Monk
Michu,Forward,Spain,Swansea,England,Liberty Stadium,Garry Monk
Pablo Hernoondez,Midfielder,Spain,Swansea,England,Liberty Stadium,David Moyes
Nathan Dyer,Midfielder,England,Swansea,England,Liberty Stadium,Garry Monk
David Cornell,Goalkeeper,Wales,Swansea,England,Liberty Stadium,Garry Monk
Roland Lamah,Midfielder,Belgium,Swansea,England,Liberty Stadium,Thomas Tuchel
Wayne Routledge,Midfielder,England,Swansea,England,Liberty Stadium,Garry Monk
Garry Monk,Defender,England,Swansea,England,Liberty Stadium,Garry Monk
Leroy Lita,Forward,England,Swansea,England,Liberty Stadium,Garry Monk
Josoo Caooas,Midfielder,Spain,Swansea,England,Liberty Stadium,Garry Monk
Angel Rangel,Defender,Spain,Swansea,England,Liberty Stadium,Garry Monk
oolex Pozuelo,Midfielder,Spain,Swansea,England,Liberty Stadium,Garry Monk
Gerhard Tremmel,Goalkeeper,Germany,Swansea,England,Liberty Stadium,David Moyes
oolvaro Voozquez,Forward,Spain,Swansea,England,Liberty Stadium,Garry Monk
Kyle Bartley,Defender,England,Swansea,England,Liberty Stadium,Garry Monk
Curtis Obeng,Defender,England,Swansea,England,Liberty Stadium,Garry Monk
Ashley Richards,Midfielder,Wales,Swansea,England,Liberty Stadium,Garry Monk
David Ngog,Forward,France,Swansea,England,Liberty Stadium,Garry Monk
Marvin Emnes,Forward,Netherlands,Swansea,England,Liberty Stadium,Garry Monk
Petr Cech,Goalkeeper,Czech Republic,Chelsea,England,Stamford Bridge,Paul Lambert
Branislav Ivanovic,Defender,Serbia,Chelsea,England,Stamford Bridge,Josoo Mourinho
Ashley Cole,Defender,England,Chelsea,England,Stamford Bridge,Josoo Mourinho
David Luiz,Defender,Brazil,Chelsea,England,Stamford Bridge,Josoo Mourinho
Ramires,Midfielder,Brazil,Chelsea,England,Stamford Bridge,Josoo Mourinho
Frank Lampard,Midfielder,England,Chelsea,England,Stamford Bridge,Josoo Mourinho
Fernando Torres,Forward,Spain,Chelsea,England,Stamford Bridge,Josoo Mourinho
Oscar,Midfielder,Brazil,Chelsea,England,Stamford Bridge,Josoo Mourinho
John Obi Mikel,Midfielder,Nigeria,Chelsea,England,Stamford Bridge,Josoo Mourinho
Andre Schoorrle,Forward,Germany,Chelsea,England,Stamford Bridge,Josoo Mourinho
Eden Hazard,Forward,Belgium,Chelsea,England,Stamford Bridge,Josoo Mourinho
Demba Ba,Forward,Senegal,Chelsea,England,Stamford Bridge,Josoo Mourinho
Nemanja Matic,Midfielder,Serbia,Chelsea,England,Stamford Bridge,Eugenio Corini
Nemanja Matic,Midfielder,Serbia,Chelsea,England,Stamford Bridge,Josoo Mourinho
Willian,Midfielder,Brazil,Chelsea,England,Stamford Bridge,Josoo Mourinho
Mark Schwarzer,Goalkeeper,Australia,Chelsea,England,Stamford Bridge,Mark Hughes
Gary Cahill,Defender,England,Chelsea,England,Stamford Bridge,Josoo Mourinho
John Terry,Defender,England,Chelsea,England,Stamford Bridge,Josoo Mourinho
Coosar Azpilicueta,Defender,Spain,Chelsea,England,Stamford Bridge,Sam Allardyce
Samuel Eto'o,Forward,Cameroon,Chelsea,England,Stamford Bridge,Josoo Mourinho
Henrique Hiloorio,Goalkeeper,Portugal,Chelsea,England,Stamford Bridge,Ole Gunnar Solskjaer
Heurelho Gomes,Goalkeeper,Brazil,Spurs,England,White Hart Lane,Pepe Mel
Kyle Walker,Defender,England,Spurs,England,White Hart Lane,Tim Sherwood
Danny Rose,Defender,England,Spurs,England,White Hart Lane,Tim Sherwood
Younes Kaboul,Defender,France,Spurs,England,White Hart Lane,Tim Sherwood
Jan Vertonghen,Defender,Belgium,Spurs,England,White Hart Lane,Tim Sherwood
Vlad Chiriches,Defender,Romania,Spurs,England,White Hart Lane,Tim Sherwood
Aaron Lennon,Midfielder,England,Spurs,England,White Hart Lane,Tim Sherwood
Paulinho,Midfielder,Brazil,Spurs,England,White Hart Lane,Tim Sherwood
Roberto Soldado,Forward,Spain,Spurs,England,White Hart Lane,Tim Sherwood
Emmanuel Adebayor,Forward,Togo,Spurs,England,White Hart Lane,Tim Sherwood
Etienne Capoue,Midfielder,France,Spurs,England,White Hart Lane,Tim Sherwood
Kyle Naughton,Defender,England,Spurs,England,White Hart Lane,Tim Sherwood
Andros Townsend,Midfielder,England,Spurs,England,White Hart Lane,Andrea Mandorlini
Jermain Defoe,Forward,England,Spurs,England,White Hart Lane,Josoo Mourinho
Mousa Dembooloo,Midfielder,Belgium,Spurs,England,White Hart Lane,Tim Sherwood
Michael Dawson,Defender,England,Spurs,England,White Hart Lane,Torsten Lieberknecht
Nacer Chadli,Midfielder,Belgium,Spurs,England,White Hart Lane,Tim Sherwood
Gylfi Sigurdsson,Midfielder,Iceland,Spurs,England,White Hart Lane,Tim Sherwood
Brad Friedel,Goalkeeper,United States,Spurs,England,White Hart Lane,Tim Sherwood
Hugo Lloris,Goalkeeper,France,Spurs,England,White Hart Lane,Tim Sherwood
Sandro,Midfielder,Brazil,Spurs,England,White Hart Lane,Tim Sherwood
Francesco Benussi,Goalkeeper,Italy,Udinese,Italy,Friuli,Paul Lambert
Etrit Berisha,Goalkeeper,Albania,Lazio,Italy,Olimpico,Edoardo Reja
Thomas Strakosha,Goalkeeper,Albania,Lazio,Italy,Olimpico,Tim Sherwood
Lorik Cana,Defender,Albania,Lazio,Italy,Olimpico,Torsten Lieberknecht
Migjen Basha,Midfielder,Albania,Torino,Italy,Olimpico,Giampiero Ventura
Paulo Sokoli,Defender,Albania,Genoa,Italy,Luigi Ferraris,Gianpiero Gasperini
Hassan Yebda,Midfielder,Algeria,Udinese,Italy,Friuli,Francesco Guidolin
Faouzi Ghoulam,Defender,Algeria,Napoli,Italy,San Paolo,Rafael Benitez
Saphir Sliti Taider,Midfielder,Algeria,Inter,Italy,Giuseppe Meazza,Walter Mazzarri
Djamel Mesbah,Defender,Algeria,Livorno,Italy,Armando Picchi,Roberto Martinez
Ishak Belfodil,Forward,Algeria,Livorno,Italy,Armando Picchi,Domenico Di Carlo
Roberto Maximiliano Pereyra,Midfielder,Argentina,Udinese,Italy,Friuli,Gus Poyet
Ivan Alexis Pillud,Defender,Argentina,Hellas Verona,Italy,Marcantonio Bentegodi,Andrea Mandorlini
Ezequiel Adrian Cirigliano,Midfielder,Argentina,Hellas Verona,Italy,Marcantonio Bentegodi,Andrea Mandorlini
Gomez,Forward,Argentina,Hellas Verona,Italy,Marcantonio Bentegodi,Thomas Tuchel
Iturbe,Forward,Argentina,Hellas Verona,Italy,Marcantonio Bentegodi,Andrea Mandorlini
Federico Fernandez,Defender,Argentina,Napoli,Italy,San Paolo,Felix Magath
Gonzalo Higuaoon,Forward,Argentina,Napoli,Italy,San Paolo,Rafael Benitez
Diego Martin Novaretti,Defender,Argentina,Lazio,Italy,Olimpico,Edoardo Reja
Lucas Rodrigo Biglia,Midfielder,Argentina,Lazio,Italy,Olimpico,Jens Keller
Jonathan Ezequiel Cristaldo,Forward,Argentina,Bologna,Italy,Renato Dall'Ara,Davide Ballardini
Larrondo,Forward,Argentina,Torino,Italy,Olimpico,Giampiero Ventura
Matias Augustin Silvestre,Defender,Argentina,Milan,Italy,Giuseppe Meazza,Mauro Tassotti
Martin Gonzalo Martinez,Midfielder,Argentina,Parma,Italy,Ennio Tardini,Roberto Donadoni
Jose Mauri,Midfielder,Argentina,Parma,Italy,Ennio Tardini,Roberto Donadoni
Lionel Sebastian Scaloni,Defender,Argentina,Atalanta,Italy,Atleti Azzurri d'Italia,Stefano Colantuono
Maximiliano Moralez,Midfielder,Argentina,Atalanta,Italy,Atleti Azzurri d'Italia,Stefano Colantuono
German Gustavo Denis,Forward,Argentina,Atalanta,Italy,Atleti Azzurri d'Italia,Stefano Colantuono
Matooas Nicoloos Rodriguez,Midfielder,Argentina,Sampdoria,Italy,Luigi Ferraris,Sinisa Mihajlovic
Lopez Maxi,Forward,Argentina,Sampdoria,Italy,Luigi Ferraris,Sinisa Mihajlovic
Adrian Daniool Calello,Midfielder,Argentina,Chievo Verona,Italy,Marcantonio Bentegodi,Eugenio Corini
Leandro Daniel Paredes,Forward,Argentina,Chievo Verona,Italy,Marcantonio Bentegodi,Eugenio Corini
Carlos Alberto Tevez,Forward,Argentina,Juventus,Italy,Juventus Stadium,Antonio Conte
Mariano Gonzalo Andujar,Goalkeeper,Argentina,Catania,Italy,Angelo Massimino,Rolando Maran
Alvarez,Defender,Argentina,Catania,Italy,Angelo Massimino,Rolando Maran
Luciano Fabian Monzon,Defender,Argentina,Catania,Italy,Angelo Massimino,Rolando Maran
Lucchetti Gino Peruzzi,Defender,Argentina,Catania,Italy,Angelo Massimino,Rolando Maran
Nicolas Federico Spolli,Defender,Argentina,Catania,Italy,Angelo Massimino,Rolando Maran
Sergio Bernardo Almiroon,Midfielder,Argentina,Catania,Italy,Angelo Massimino,Rolando Maran
Pablo Cesar Barrientos,Midfielder,Argentina,Catania,Italy,Angelo Massimino,Rolando Maran
Lucas Nahuel Castro,Midfielder,Argentina,Catania,Italy,Angelo Massimino,Rolando Maran
Mariano Julio Izco,Midfielder,Argentina,Catania,Italy,Angelo Massimino,Rolando Maran
Gonzalo Ruben Bergessio,Forward,Argentina,Catania,Italy,Angelo Massimino,Rolando Maran
Sebastioon Eduardo Leto,Forward,Argentina,Catania,Italy,Angelo Massimino,Rolando Maran
Fabioon Androos Rinaudo,Forward,Argentina,Catania,Italy,Angelo Massimino,Rolando Maran
Juan Pablo Carrizo,Goalkeeper,Argentina,Inter,Italy,Giuseppe Meazza,Walter Mazzarri
Hugo Armando Campagnaro,Defender,Argentina,Inter,Italy,Giuseppe Meazza,Walter Mazzarri
Walter Adrian Samuel,Defender,Argentina,Inter,Italy,Giuseppe Meazza,Walter Mazzarri
Esteban Matooas Cambiasso,Midfielder,Argentina,Inter,Italy,Giuseppe Meazza,Walter Mazzarri
Javier Zanetti,Midfielder,Argentina,Inter,Italy,Giuseppe Meazza,Walter Mazzarri
Ricardo Gabriel oolvarez,Midfielder,Argentina,Inter,Italy,Giuseppe Meazza,Walter Mazzarri
Botta,Forward,Argentina,Inter,Italy,Giuseppe Meazza,Walter Mazzarri
Mauro Emanuel Icardi,Forward,Argentina,Inter,Italy,Giuseppe Meazza,Walter Mazzarri
Diego Alberto Milito,Forward,Argentina,Inter,Italy,Giuseppe Meazza,Walter Mazzarri
Rodrigo Palacio,Forward,Argentina,Inter,Italy,Giuseppe Meazza,Walter Mazzarri
Albano Benjamin Bizzarri,Goalkeeper,Argentina,Genoa,Italy,Luigi Ferraris,Gianpiero Gasperini
Nicolas Androos Burdisso,Defender,Argentina,Genoa,Italy,Luigi Ferraris,Gianpiero Gasperini
Adrioon Ricardo Centurioon,Forward,Argentina,Genoa,Italy,Luigi Ferraris,Gianpiero Gasperini
Rodriguez Gonzalo,Defender,Argentina,Fiorentina,Italy,Artemio Franchi,Vincenzo Montella
Facundo Sebastian Roncaglia,Defender,Argentina,Fiorentina,Italy,Artemio Franchi,Vincenzo Montella
Nahuel Valentini,Defender,Argentina,Livorno,Italy,Armando Picchi,Domenico Di Carlo
Dejan Stojanovic,Goalkeeper,Austria,Bologna,Italy,Renato Dall'Ara,Davide Ballardini
Gyoorgy Garics,Defender,Austria,Bologna,Italy,Renato Dall'Ara,Davide Ballardini
Dries Mertens,Forward,Belgium,Napoli,Italy,San Paolo,Rafael Benitez
Luis Pedro Cavanda,Defender,Belgium,Lazio,Italy,Olimpico,Edoardo Reja
Jean Francois Gillet,Goalkeeper,Belgium,Torino,Italy,Olimpico,Giampiero Ventura
Radja Nainggolan,Midfielder,Belgium,Roma,Italy,Olimpico,Rudi Garcia
Gaby Mudingayi,Midfielder,Belgium,Inter,Italy,Giuseppe Meazza,Gertjan Verbeek
Senad Lulic,Midfielder,Bosnia & Herzegovina,Lazio,Italy,Olimpico,Edoardo Reja
Andrej Modic,Forward,Bosnia & Herzegovina,Milan,Italy,Giuseppe Meazza,Mauro Tassotti
Miralem Pjanic,Midfielder,Bosnia & Herzegovina,Roma,Italy,Olimpico,Rudi Garcia
Danilo,Defender,Brazil,Udinese,Italy,Friuli,Francesco Guidolin
Do Santos Douglas,Defender,Brazil,Udinese,Italy,Friuli,Markus Gisdol
Silva Gabriel,Defender,Brazil,Udinese,Italy,Friuli,Sam Allardyce
Naldo,Defender,Brazil,Udinese,Italy,Friuli,Francesco Guidolin
Neuton,Defender,Brazil,Udinese,Italy,Friuli,Francesco Guidolin
Allan,Midfielder,Brazil,Udinese,Italy,Friuli,Francesco Guidolin
Jadson,Midfielder,Brazil,Udinese,Italy,Friuli,Francesco Guidolin
Maicosuel,Forward,Brazil,Udinese,Italy,Friuli,Francesco Guidolin
Nicolas,Goalkeeper,Brazil,Hellas Verona,Italy,Marcantonio Bentegodi,Andrea Mandorlini
Rafael,Goalkeeper,Brazil,Hellas Verona,Italy,Marcantonio Bentegodi,Andrea Mandorlini
Pinto Rafael Marques,Defender,Brazil,Hellas Verona,Italy,Marcantonio Bentegodi,Andrea Mandorlini
Marquinho,Midfielder,Brazil,Hellas Verona,Italy,Marcantonio Bentegodi,Andrea Mandorlini
Martinho,Midfielder,Brazil,Hellas Verona,Italy,Marcantonio Bentegodi,Andrea Mandorlini
Romulo,Midfielder,Brazil,Hellas Verona,Italy,Marcantonio Bentegodi,Andrea Mandorlini
Rafael,Goalkeeper,Brazil,Napoli,Italy,San Paolo,Rafael Benitez
Henrique,Defender,Brazil,Napoli,Italy,San Paolo,Armin Veh
Bruno Uvini,Defender,Brazil,Napoli,Italy,San Paolo,Rafael Benitez
Dias,Defender,Brazil,Lazio,Italy,Olimpico,Edoardo Reja
Ederson,Midfielder,Brazil,Lazio,Italy,Olimpico,Bert van Marwijk
Anderson Felipe,Midfielder,Brazil,Lazio,Italy,Olimpico,Josoo Mourinho
Ibson,Midfielder,Brazil,Bologna,Italy,Renato Dall'Ara,Davide Ballardini
Barreto,Forward,Brazil,Torino,Italy,Olimpico,Alan Pardew
Gabriel,Goalkeeper,Brazil,Milan,Italy,Giuseppe Meazza,Mauro Tassotti
Kakoo,Forward,Brazil,Milan,Italy,Giuseppe Meazza,Mauro Tassotti
Robinho,Forward,Brazil,Milan,Italy,Giuseppe Meazza,Mauro Tassotti
Felipe,Defender,Brazil,Parma,Italy,Ennio Tardini,Roberto Donadoni
Farias,Forward,Brazil,Sassuolo,Italy,Mapei Stadium  Cittoo del Tricolore,Eusebio Di Francesco
Costa Angelo Esmael Junior Da,Goalkeeper,Brazil,Sampdoria,Italy,Luigi Ferraris,Sinisa Mihajlovic
Renan,Midfielder,Brazil,Sampdoria,Italy,Luigi Ferraris,Sinisa Mihajlovic
Eder,Forward,Brazil,Sampdoria,Italy,Luigi Ferraris,Sinisa Mihajlovic
Santos Dos,Midfielder,Brazil,Chievo Verona,Italy,Marcantonio Bentegodi,Eugenio Corini
Silva Victor Matheus Da,Forward,Brazil,Chievo Verona,Italy,Marcantonio Bentegodi,Eugenio Corini
Rubinho,Goalkeeper,Brazil,Juventus,Italy,Juventus Stadium,Antonio Conte
Leandro Castan,Defender,Brazil,Roma,Italy,Olimpico,Rudi Garcia
Dodoo,Defender,Brazil,Roma,Italy,Olimpico,Rudi Garcia
Maicon,Defender,Brazil,Roma,Italy,Olimpico,Rudi Garcia
Rafael Tolooi,Defender,Brazil,Roma,Italy,Olimpico,Rudi Garcia
Bastos Michel,Midfielder,Brazil,Roma,Italy,Olimpico,Rudi Garcia
Taddei,Midfielder,Brazil,Roma,Italy,Olimpico,Rudi Garcia
Jonathan,Defender,Brazil,Inter,Italy,Giuseppe Meazza,Walter Mazzarri
Jesus Juan,Defender,Brazil,Inter,Italy,Giuseppe Meazza,Walter Mazzarri
Wallace,Defender,Brazil,Inter,Italy,Giuseppe Meazza,Walter Mazzarri
Hernanes,Midfielder,Brazil,Inter,Italy,Giuseppe Meazza,Walter Mazzarri
Matuzalem,Midfielder,Brazil,Genoa,Italy,Luigi Ferraris,Gianpiero Gasperini
Avelar Danilo,Defender,Brazil,Cagliari,Italy,Sant'Elia,Diego Lopez
Adryan,Midfielder,Brazil,Cagliari,Italy,Sant'Elia,Diego Lopez
Nenoo,Forward,Brazil,Cagliari,Italy,Sant'Elia,Diego Lopez
Neto,Goalkeeper,Brazil,Fiorentina,Italy,Artemio Franchi,Vincenzo Montella
Alan Pereira Empereur,Defender,Brazil,Fiorentina,Italy,Artemio Franchi,Vincenzo Montella
Anderson,Midfielder,Brazil,Fiorentina,Italy,Artemio Franchi,Vincenzo Montella
Matos,Midfielder,Brazil,Fiorentina,Italy,Artemio Franchi,Vincenzo Montella
Emerson,Defender,Brazil,Livorno,Italy,Armando Picchi,Domenico Di Carlo
Paulinho,Forward,Brazil,Livorno,Italy,Armando Picchi,Domenico Di Carlo
Nikolay Borislavov Mihaylov,Goalkeeper,Bulgaria,Hellas Verona,Italy,Marcantonio Bentegodi,Andrea Mandorlini
A'Beka Steve Leo Beleck,Forward,Cameroon,Udinese,Italy,Friuli,Francesco Guidolin
Carmona,Midfielder,Chile,Atalanta,Italy,Atleti Azzurri d'Italia,Stefano Colantuono
Mauricio Anibal Isla,Midfielder,Chile,Juventus,Italy,Juventus Stadium,Antonio Conte
Vidal,Midfielder,Chile,Juventus,Italy,Juventus Stadium,Antonio Conte
Pinilla,Forward,Chile,Cagliari,Italy,Sant'Elia,Diego Lopez
Fernandez Mati,Midfielder,Chile,Fiorentina,Italy,Artemio Franchi,Vincenzo Montella
Cortes David Marcelo Pizarro,Midfielder,Chile,Fiorentina,Italy,Artemio Franchi,Vincenzo Montella
Moussa Kone,Midfielder,Cote D'Ivoire,Atalanta,Italy,Atleti Azzurri d'Italia,Stefano Colantuono
Gervinho,Forward,Cote D'Ivoire,Roma,Italy,Olimpico,Rudi Garcia
Muriel,Forward,Colombia,Udinese,Italy,Friuli,Francesco Guidolin
Zuooiga,Defender,Colombia,Napoli,Italy,San Paolo,Rafael Benitez
Duvan Esteban Zapata,Forward,Colombia,Napoli,Italy,San Paolo,Rafael Benitez
Brayan Perea,Forward,Colombia,Lazio,Italy,Olimpico,Edoardo Reja
Cristian Zapata,Defender,Colombia,Milan,Italy,Giuseppe Meazza,Mauro Tassotti
Jherson Vergara,Defender,Colombia,Parma,Italy,Ennio Tardini,Roberto Donadoni
Mario Alberto Yepes,Defender,Colombia,Atalanta,Italy,Atleti Azzurri d'Italia,Stefano Colantuono
Guarin,Midfielder,Colombia,Inter,Italy,Giuseppe Meazza,Walter Mazzarri
Victor Ibarbo,Forward,Colombia,Cagliari,Italy,Sant'Elia,Diego Lopez
Cuadrado,Midfielder,Colombia,Fiorentina,Italy,Artemio Franchi,Vincenzo Montella
Mosquera,Midfielder,Colombia,Livorno,Italy,Armando Picchi,Gertjan Verbeek
Borja,Forward,Colombia,Livorno,Italy,Armando Picchi,Domenico Di Carlo
Cabalceta,Defender,Costa Rica,Catania,Italy,Angelo Massimino,Rolando Maran
Ivan Kelava,Goalkeeper,Croatia,Udinese,Italy,Friuli,Rafael Benitez
Igor Bubnjic,Defender,Croatia,Udinese,Italy,Friuli,Robin Dutt
Frano Mlinar,Midfielder,Croatia,Udinese,Italy,Friuli,Francesco Guidolin
Josip Radosevic,Midfielder,Croatia,Napoli,Italy,San Paolo,Rafael Benitez
Josip Elez,Defender,Croatia,Lazio,Italy,Olimpico,Edoardo Reja
Marijan Coric,Goalkeeper,Croatia,Parma,Italy,Ennio Tardini,Roberto Donadoni
Marko Livaja,Forward,Croatia,Atalanta,Italy,Atleti Azzurri d'Italia,Stefano Colantuono
Tin Jedvaj,Defender,Croatia,Roma,Italy,Olimpico,Rudi Garcia
Bruno Petkovic,Forward,Croatia,Catania,Italy,Angelo Massimino,Rolando Maran
Mateo Kovacic,Midfielder,Croatia,Inter,Italy,Giuseppe Meazza,Walter Mazzarri
Sime Vrsaljko,Defender,Croatia,Genoa,Italy,Luigi Ferraris,Gianpiero Gasperini
Ante Rebic,Forward,Croatia,Fiorentina,Italy,Artemio Franchi,Vincenzo Montella
Michal Rabusic,Midfielder,Czech Republic,Hellas Verona,Italy,Marcantonio Bentegodi,Andrea Mandorlini
Jaroslav Plaooil,Midfielder,Czech Republic,Catania,Italy,Angelo Massimino,Rolando Maran
Frederik Soorensen,Defender,Denmark,Bologna,Italy,Renato Dall'Ara,Davide Ballardini
Ahmed Elsayed Hegazi,Defender,Egypt,Fiorentina,Italy,Artemio Franchi,Vincenzo Montella
Perparim Hetemaj,Midfielder,Finland,Chievo Verona,Italy,Marcantonio Bentegodi,Eugenio Corini
Thomas Heurtaux,Defender,France,Udinese,Italy,Friuli,Francesco Guidolin
Anthony Rooveilloore,Defender,France,Napoli,Italy,San Paolo,Eugenio Corini
Michael Ciani,Defender,France,Lazio,Italy,Olimpico,Brendan Rodgers
Abdoulay Konko,Defender,France,Lazio,Italy,Olimpico,Edoardo Reja
Gaool Kakuta,Midfielder,France,Lazio,Italy,Olimpico,Edoardo Reja
Philippe Mexoos,Defender,France,Milan,Italy,Giuseppe Meazza,Mauro Tassotti
Adil Rami,Defender,France,Milan,Italy,Giuseppe Meazza,Mauro Tassotti
Jonathan Ludovic Biabiany,Midfielder,France,Parma,Italy,Ennio Tardini,Roberto Donadoni
Nicolas Sebastien Frey,Defender,France,Chievo Verona,Italy,Marcantonio Bentegodi,Eugenio Corini
Cyril Thoorooau,Forward,France,Chievo Verona,Italy,Marcantonio Bentegodi,Eugenio Corini
Paul Labile Pogba,Midfielder,France,Juventus,Italy,Juventus Stadium,Antonio Conte
Allan Junior Blaze,Defender,France,Genoa,Italy,Luigi Ferraris,Gianpiero Gasperini
Soobastien De Maio,Defender,France,Genoa,Italy,Luigi Ferraris,Gianpiero Gasperini
Modibo Diakitoo,Defender,France,Fiorentina,Italy,Artemio Franchi,Vincenzo Montella
Miroslav Klose,Forward,Germany,Lazio,Italy,Olimpico,Antonio Conte
Shkodran Mustafi,Defender,Germany,Sampdoria,Italy,Luigi Ferraris,Sinisa Mihajlovic
Marvin Abel Compper,Defender,Germany,Fiorentina,Italy,Artemio Franchi,Vincenzo Montella
Garcia Mario Gomez,Forward,Germany,Fiorentina,Italy,Artemio Franchi,Vincenzo Montella
Giuseppe Gemiti,Defender,Germany,Livorno,Italy,Armando Picchi,Mauricio Pochettino
Emmanuel Agyemang Badu,Midfielder,Ghana,Udinese,Italy,Friuli,Francesco Guidolin
Michael Essien,Midfielder,Ghana,Milan,Italy,Giuseppe Meazza,Mauro Tassotti
Sulley Ali Muntari,Midfielder,Ghana,Milan,Italy,Giuseppe Meazza,Mauro Tassotti
Afriyie Acquah,Midfielder,Ghana,Parma,Italy,Ennio Tardini,Roberto Donadoni
Solomon Nyantakyi,Forward,Ghana,Parma,Italy,Ennio Tardini,Roberto Donadoni
Yussif Raman Chibsah,Midfielder,Ghana,Sassuolo,Italy,Mapei Stadium  Cittoo del Tricolore,Eusebio Di Francesco
Abass Alhassan,Forward,Ghana,Sassuolo,Italy,Mapei Stadium  Cittoo del Tricolore,Eusebio Di Francesco
Kwadwo Asamoah,Midfielder,Ghana,Juventus,Italy,Juventus Stadium,Antonio Conte
Isaac Opoku Donkor,Forward,Ghana,Inter,Italy,Giuseppe Meazza,Walter Mazzarri
Isaac Cofie,Midfielder,Ghana,Genoa,Italy,Luigi Ferraris,Gianpiero Gasperini
Joseph Alfred Duncan,Midfielder,Ghana,Livorno,Italy,Armando Picchi,Domenico Di Carlo
Vangelis Moras,Defender,Greece,Hellas Verona,Italy,Marcantonio Bentegodi,Sinisa Mihajlovic
Lazaros Christodoulopoulos,Midfielder,Greece,Bologna,Italy,Renato Dall'Ara,Davide Ballardini
Panagiotis Kone,Midfielder,Greece,Bologna,Italy,Renato Dall'Ara,Davide Ballardini
Panagiotis Tachtsidis,Midfielder,Greece,Torino,Italy,Olimpico,Giampiero Ventura
Vasileios Torosidis,Defender,Greece,Roma,Italy,Olimpico,Rudi Garcia
Giannis Fetfatzidis,Midfielder,Greece,Genoa,Italy,Luigi Ferraris,Gianpiero Gasperini
Marios Oikonomou,Defender,Greece,Cagliari,Italy,Sant'Elia,Diego Lopez
Kevin Constant,Defender,Guinea,Milan,Italy,Giuseppe Meazza,Mauro Tassotti
Emil Hallfredsson,Midfielder,Iceland,Hellas Verona,Italy,Marcantonio Bentegodi,Andrea Mandorlini
Birkir Bjarnason,Midfielder,Iceland,Sampdoria,Italy,Luigi Ferraris,Sinisa Mihajlovic
Simone Scuffet,Goalkeeper,Italy,Udinese,Italy,Friuli,Francesco Guidolin
Filippo Berra,Defender,Italy,Udinese,Italy,Friuli,Francesco Guidolin
Maurizio Domizzi,Defender,Italy,Udinese,Italy,Friuli,Rafael Benitez
Andrea Lazzari,Midfielder,Italy,Udinese,Italy,Friuli,Francesco Guidolin
Giampiero Pinzi,Midfielder,Italy,Udinese,Italy,Friuli,Francesco Guidolin
Marco Bertoia,Forward,Italy,Udinese,Italy,Friuli,Francesco Guidolin
Antonio Di Natale,Forward,Italy,Udinese,Italy,Friuli,Francesco Guidolin
Daniele Borra,Goalkeeper,Italy,Hellas Verona,Italy,Marcantonio Bentegodi,Andrea Mandorlini
Alessandro Agostini,Defender,Italy,Hellas Verona,Italy,Marcantonio Bentegodi,Andrea Mandorlini
Michelangelo Albertazzi,Defender,Italy,Hellas Verona,Italy,Marcantonio Bentegodi,Andrea Mandorlini
Fabrizio Cacciatore,Defender,Italy,Hellas Verona,Italy,Marcantonio Bentegodi,Andrea Mandorlini
Domenico Maietta,Defender,Italy,Hellas Verona,Italy,Marcantonio Bentegodi,Andrea Mandorlini
Marco Donadel,Midfielder,Italy,Hellas Verona,Italy,Marcantonio Bentegodi,Andrea Mandorlini
Massimo Donati,Midfielder,Italy,Hellas Verona,Italy,Marcantonio Bentegodi,Andrea Mandorlini
Jacopo Sala,Midfielder,Italy,Hellas Verona,Italy,Marcantonio Bentegodi,Andrea Mandorlini
Daniele Cacia,Forward,Italy,Hellas Verona,Italy,Marcantonio Bentegodi,Andrea Mandorlini
Luca Toni,Forward,Italy,Hellas Verona,Italy,Marcantonio Bentegodi,Andrea Mandorlini
Roberto Colombo,Goalkeeper,Italy,Napoli,Italy,San Paolo,Rafael Benitez
Michele Girardi,Defender,Italy,Napoli,Italy,San Paolo,Rafael Benitez
Vincenzo Guardiglio,Defender,Italy,Napoli,Italy,San Paolo,Rafael Benitez
Christian Maggio,Defender,Italy,Napoli,Italy,San Paolo,Rafael Benitez
Gianluigi Mangiapia,Defender,Italy,Napoli,Italy,San Paolo,Garry Monk
Giandomenico Mesto,Defender,Italy,Napoli,Italy,San Paolo,Rafael Benitez
Giorgio Palumbo,Defender,Italy,Napoli,Italy,San Paolo,Markus Gisdol
Marco Supino,Defender,Italy,Napoli,Italy,San Paolo,Rafael Benitez
Davide Bariti,Midfielder,Italy,Napoli,Italy,San Paolo,Rafael Benitez
Alessandro Di Fiore,Midfielder,Italy,Napoli,Italy,San Paolo,Rafael Benitez
Jorginho,Midfielder,Italy,Napoli,Italy,San Paolo,Garry Monk
Gennaro Tutino,Midfielder,Italy,Napoli,Italy,San Paolo,Rafael Benitez
Alfredo Bifulco,Forward,Italy,Napoli,Italy,San Paolo,Rafael Benitez
Felice Gaetano,Forward,Italy,Napoli,Italy,San Paolo,Edoardo Reja
Lorenzo Insigne,Forward,Italy,Napoli,Italy,San Paolo,Rafael Benitez
Luca Palmiero,Forward,Italy,Napoli,Italy,San Paolo,Rafael Benitez
Mario Prezioso,Forward,Italy,Napoli,Italy,San Paolo,Mauricio Pochettino
Antonio Romano,Forward,Italy,Napoli,Italy,San Paolo,Diego Lopez
Filippo De Angelis,Goalkeeper,Italy,Lazio,Italy,Olimpico,Edoardo Reja
Guido Guerrieri,Goalkeeper,Italy,Lazio,Italy,Olimpico,Edoardo Reja
Federico Marchetti,Goalkeeper,Italy,Lazio,Italy,Olimpico,Edoardo Reja
Giuseppe Biava,Defender,Italy,Lazio,Italy,Olimpico,Edoardo Reja
Lorenzo Filippini,Defender,Italy,Lazio,Italy,Olimpico,Edoardo Reja
Simone Mattia,Defender,Italy,Lazio,Italy,Olimpico,Edoardo Reja
Nico Paterni,Defender,Italy,Lazio,Italy,Olimpico,Edoardo Reja
Andrea Perocchi,Defender,Italy,Lazio,Italy,Olimpico,Edoardo Reja
Gianluca Pollace,Defender,Italy,Lazio,Italy,Olimpico,Edoardo Reja
Riccardo Serpieri,Defender,Italy,Lazio,Italy,Olimpico,Edoardo Reja
Antonio Candreva,Midfielder,Italy,Lazio,Italy,Olimpico,Edoardo Reja
Luca Crecco,Midfielder,Italy,Lazio,Italy,Olimpico,Edoardo Reja
Cristian Daniel Ledesma,Midfielder,Italy,Lazio,Italy,Olimpico,Edoardo Reja
Cristiano Lombardi,Midfielder,Italy,Lazio,Italy,Olimpico,Edoardo Reja
Stefano Mauri,Midfielder,Italy,Lazio,Italy,Olimpico,Edoardo Reja
Simone Milani,Midfielder,Italy,Lazio,Italy,Olimpico,Edoardo Reja
Simone Palombi,Midfielder,Italy,Lazio,Italy,Olimpico,Edoardo Reja
Alessandro Murgia,Forward,Italy,Lazio,Italy,Olimpico,Edoardo Reja
Lorenzo Pace,Forward,Italy,Lazio,Italy,Olimpico,Edoardo Reja
Lorenzo Silvagni,Forward,Italy,Lazio,Italy,Olimpico,Edoardo Reja
Gianluca Curci,Goalkeeper,Italy,Bologna,Italy,Renato Dall'Ara,Davide Ballardini
Matteo Malagoli,Goalkeeper,Italy,Bologna,Italy,Renato Dall'Ara,Davide Ballardini
Nicoloo Cherubin,Defender,Italy,Bologna,Italy,Renato Dall'Ara,Davide Ballardini
Marco Maini,Defender,Italy,Bologna,Italy,Renato Dall'Ara,Davide Ballardini
Andrea Mantovani,Defender,Italy,Bologna,Italy,Renato Dall'Ara,Davide Ballardini
Archimede Morleo,Defender,Italy,Bologna,Italy,Renato Dall'Ara,Davide Ballardini
Cesare Natali,Defender,Italy,Bologna,Italy,Renato Dall'Ara,Davide Ballardini
Rocca Francesco Della,Midfielder,Italy,Bologna,Italy,Renato Dall'Ara,Davide Ballardini
Michele Pazienza,Midfielder,Italy,Bologna,Italy,Renato Dall'Ara,Davide Ballardini
Robert Acquafresca,Forward,Italy,Bologna,Italy,Renato Dall'Ara,Davide Ballardini
Rolando Bianchi,Forward,Italy,Bologna,Italy,Renato Dall'Ara,Davide Ballardini
Davide Moscardelli,Forward,Italy,Bologna,Italy,Renato Dall'Ara,Davide Ballardini
Daniele Paponi,Forward,Italy,Bologna,Italy,Renato Dall'Ara,Davide Ballardini
Tommaso Berni,Goalkeeper,Italy,Torino,Italy,Olimpico,Giampiero Ventura
Daniele Padelli,Goalkeeper,Italy,Torino,Italy,Olimpico,Giampiero Ventura
Umberto Saracco,Goalkeeper,Italy,Torino,Italy,Olimpico,Ole Gunnar Solskjaer
Cesare Bovo,Defender,Italy,Torino,Italy,Olimpico,Giampiero Ventura
Matteo Darmian,Defender,Italy,Torino,Italy,Olimpico,Rudi Garcia
Emiliano Moretti,Defender,Italy,Torino,Italy,Olimpico,Giampiero Ventura
Giovanni Pasquale,Defender,Italy,Torino,Italy,Olimpico,Giampiero Ventura
Alessandro Carlo Gazzi,Midfielder,Italy,Torino,Italy,Olimpico,Giampiero Ventura
Salvatore Masiello,Midfielder,Italy,Torino,Italy,Olimpico,Giampiero Ventura
Giuseppe Vives,Midfielder,Italy,Torino,Italy,Olimpico,Giampiero Ventura
Alessio Cerci,Forward,Italy,Torino,Italy,Olimpico,Giampiero Ventura
Ciro Immobile,Forward,Italy,Torino,Italy,Olimpico,Giampiero Ventura
Riccardo Meggiorini,Forward,Italy,Torino,Italy,Olimpico,Giampiero Ventura
Christian Abbiati,Goalkeeper,Italy,Milan,Italy,Giuseppe Meazza,Mauro Tassotti
Marco Amelia,Goalkeeper,Italy,Milan,Italy,Giuseppe Meazza,Mauro Tassotti
Ferdinando Coppola,Goalkeeper,Italy,Milan,Italy,Giuseppe Meazza,Mauro Tassotti
Lorenzo Ferrari,Goalkeeper,Italy,Milan,Italy,Giuseppe Meazza,Mauro Tassotti
Ignazio Abate,Defender,Italy,Milan,Italy,Giuseppe Meazza,Mauro Tassotti
Daniele Bonera,Defender,Italy,Milan,Italy,Giuseppe Meazza,Mauro Tassotti
Mattia De Sciglio,Defender,Italy,Milan,Italy,Giuseppe Meazza,Mauro Tassotti
Luca Iotti,Defender,Italy,Milan,Italy,Giuseppe Meazza,Mauro Tassotti
Marco Pinato,Defender,Italy,Milan,Italy,Giuseppe Meazza,Mauro Tassotti
Cristian Zaccardo,Defender,Italy,Milan,Italy,Giuseppe Meazza,Mauro Tassotti
Bryan Cristante,Midfielder,Italy,Milan,Italy,Giuseppe Meazza,Mauro Tassotti
Davide Di Molfetta,Midfielder,Italy,Milan,Italy,Giuseppe Meazza,Mauro Tassotti
Riccardo Montolivo,Midfielder,Italy,Milan,Italy,Giuseppe Meazza,Mauro Tassotti
Andrea Poli,Midfielder,Italy,Milan,Italy,Giuseppe Meazza,Mauro Tassotti
Riccardo Saponara,Midfielder,Italy,Milan,Italy,Giuseppe Meazza,Mauro Tassotti
Mario Balotelli,Forward,Italy,Milan,Italy,Giuseppe Meazza,Mauro Tassotti
Shaarawy Stephan El,Forward,Italy,Milan,Italy,Giuseppe Meazza,Mauro Tassotti
Alessandro Mastalli,Forward,Italy,Milan,Italy,Giuseppe Meazza,Mauro Tassotti
Giampaolo Pazzini,Forward,Italy,Milan,Italy,Giuseppe Meazza,Mauro Tassotti
Andrea Petagna,Forward,Italy,Milan,Italy,Giuseppe Meazza,Mauro Tassotti
Mario Piccinocchi,Forward,Italy,Milan,Italy,Giuseppe Meazza,Mauro Tassotti
Antonio Mirante,Goalkeeper,Italy,Parma,Italy,Ennio Tardini,Roberto Donadoni
Nicola Pavarini,Goalkeeper,Italy,Parma,Italy,Ennio Tardini,Roberto Donadoni
Diego Rossetto,Goalkeeper,Italy,Parma,Italy,Ennio Tardini,Roberto Donadoni
Mattia Cassani,Defender,Italy,Parma,Italy,Ennio Tardini,Roberto Donadoni
Alessandro Lucarelli,Defender,Italy,Parma,Italy,Ennio Tardini,Roberto Donadoni
Cristian Molinaro,Defender,Italy,Parma,Italy,Ennio Tardini,Roberto Donadoni
Gabriel Alejandro Paletta,Defender,Italy,Parma,Italy,Ennio Tardini,Roberto Donadoni
Davide Zagnoni,Defender,Italy,Parma,Italy,Ennio Tardini,Roberto Donadoni
Daniele Galloppa,Midfielder,Italy,Parma,Italy,Ennio Tardini,Roberto Donadoni
Massimo Gobbi,Midfielder,Italy,Parma,Italy,Ennio Tardini,Roberto Donadoni
Marco Marchionni,Midfielder,Italy,Parma,Italy,Ennio Tardini,Roberto Donadoni
Gianni Munari,Midfielder,Italy,Parma,Italy,Ennio Tardini,Roberto Donadoni
Marco Parolo,Midfielder,Italy,Parma,Italy,Ennio Tardini,Roberto Donadoni
Ezequiel Matias Schelotto,Midfielder,Italy,Parma,Italy,Ennio Tardini,Roberto Donadoni
Amauri,Forward,Italy,Parma,Italy,Ennio Tardini,Roberto Donadoni
Antonio Cassano,Forward,Italy,Parma,Italy,Ennio Tardini,Roberto Donadoni
Alberto Cerri,Forward,Italy,Parma,Italy,Ennio Tardini,Roberto Donadoni
Raffaele Palladino,Forward,Italy,Parma,Italy,Ennio Tardini,Roberto Donadoni
Nicola Pozzi,Forward,Italy,Parma,Italy,Ennio Tardini,Roberto Donadoni
Gianluca Pegolo,Goalkeeper,Italy,Sassuolo,Italy,Mapei Stadium  Cittoo del Tricolore,Eusebio Di Francesco
Simone Perilli,Goalkeeper,Italy,Sassuolo,Italy,Mapei Stadium  Cittoo del Tricolore,Eusebio Di Francesco
Ciro Polito,Goalkeeper,Italy,Sassuolo,Italy,Mapei Stadium  Cittoo del Tricolore,Eusebio Di Francesco
Alberto Pomini,Goalkeeper,Italy,Sassuolo,Italy,Mapei Stadium  Cittoo del Tricolore,Eusebio Di Francesco
Francesco Acerbi,Defender,Italy,Sassuolo,Italy,Mapei Stadium  Cittoo del Tricolore,Eusebio Di Francesco
Luca Antei,Defender,Italy,Sassuolo,Italy,Mapei Stadium  Cittoo del Tricolore,Eusebio Di Francesco
Lorenzo Ariaudo,Defender,Italy,Sassuolo,Italy,Mapei Stadium  Cittoo del Tricolore,Eusebio Di Francesco
Paolo Bianco,Defender,Italy,Sassuolo,Italy,Mapei Stadium  Cittoo del Tricolore,Eusebio Di Francesco
Paolo Cannavaro,Defender,Italy,Sassuolo,Italy,Mapei Stadium  Cittoo del Tricolore,Eusebio Di Francesco
Lorenzo Caselli,Defender,Italy,Sassuolo,Italy,Mapei Stadium  Cittoo del Tricolore,Eusebio Di Francesco
Marcello Gazzola,Defender,Italy,Sassuolo,Italy,Mapei Stadium  Cittoo del Tricolore,Eusebio Di Francesco
Alessandro Longhi,Defender,Italy,Sassuolo,Italy,Mapei Stadium  Cittoo del Tricolore,Eusebio Di Francesco
Thomas Manfredini,Defender,Italy,Sassuolo,Italy,Mapei Stadium  Cittoo del Tricolore,Eusebio Di Francesco
Raffaele Pucino,Defender,Italy,Sassuolo,Italy,Mapei Stadium  Cittoo del Tricolore,Eusebio Di Francesco
Emanuele Terranova,Defender,Italy,Sassuolo,Italy,Mapei Stadium  Cittoo del Tricolore,Eusebio Di Francesco
Daniele Vacondio,Defender,Italy,Sassuolo,Italy,Mapei Stadium  Cittoo del Tricolore,Eusebio Di Francesco
Davide Biondini,Midfielder,Italy,Sassuolo,Italy,Mapei Stadium  Cittoo del Tricolore,Eusebio Di Francesco
Matteo Brighi,Midfielder,Italy,Sassuolo,Italy,Mapei Stadium  Cittoo del Tricolore,Eusebio Di Francesco
Ettore Gliozzi,Midfielder,Italy,Sassuolo,Italy,Mapei Stadium  Cittoo del Tricolore,Eusebio Di Francesco
Davide Lodesani,Midfielder,Italy,Sassuolo,Italy,Mapei Stadium  Cittoo del Tricolore,Eusebio Di Francesco
Francesco Magnanelli,Midfielder,Italy,Sassuolo,Italy,Mapei Stadium  Cittoo del Tricolore,Eusebio Di Francesco
Luca Marrone,Midfielder,Italy,Sassuolo,Italy,Mapei Stadium  Cittoo del Tricolore,Eusebio Di Francesco
Simone Missiroli,Midfielder,Italy,Sassuolo,Italy,Mapei Stadium  Cittoo del Tricolore,Eusebio Di Francesco
Aleandro Rosi,Midfielder,Italy,Sassuolo,Italy,Mapei Stadium  Cittoo del Tricolore,Eusebio Di Francesco
Domenico Berardi,Forward,Italy,Sassuolo,Italy,Mapei Stadium  Cittoo del Tricolore,Eusebio Di Francesco
Eros Castelletto,Forward,Italy,Sassuolo,Italy,Mapei Stadium  Cittoo del Tricolore,Eusebio Di Francesco
Sergio Floccari,Forward,Italy,Sassuolo,Italy,Mapei Stadium  Cittoo del Tricolore,Eusebio Di Francesco
Flores Antonio Floro,Forward,Italy,Sassuolo,Italy,Mapei Stadium  Cittoo del Tricolore,Eusebio Di Francesco
Gaetano Masucci,Forward,Italy,Sassuolo,Italy,Mapei Stadium  Cittoo del Tricolore,Eusebio Di Francesco
Nicola Domenico Sansone,Forward,Italy,Sassuolo,Italy,Mapei Stadium  Cittoo del Tricolore,Eusebio Di Francesco
Simone Zaza,Forward,Italy,Sassuolo,Italy,Mapei Stadium  Cittoo del Tricolore,Eusebio Di Francesco
Andrea Consigli,Goalkeeper,Italy,Atalanta,Italy,Atleti Azzurri d'Italia,Stefano Colantuono
Giorgio Frezzolini,Goalkeeper,Italy,Atalanta,Italy,Atleti Azzurri d'Italia,Stefano Colantuono
Marco Sportiello,Goalkeeper,Italy,Atalanta,Italy,Atleti Azzurri d'Italia,Stefano Colantuono
Gianluca Barba,Defender,Italy,Atalanta,Italy,Atleti Azzurri d'Italia,Stefano Colantuono
Gianpaolo Bellini,Defender,Italy,Atalanta,Italy,Atleti Azzurri d'Italia,Stefano Colantuono
Davide Brivio,Defender,Italy,Atalanta,Italy,Atleti Azzurri d'Italia,Stefano Colantuono
Mattia Caldara,Defender,Italy,Atalanta,Italy,Atleti Azzurri d'Italia,Stefano Colantuono
Grosso Cristiano Del,Defender,Italy,Atalanta,Italy,Atleti Azzurri d'Italia,Stefano Colantuono
Stefano Lucchini,Defender,Italy,Atalanta,Italy,Atleti Azzurri d'Italia,Stefano Colantuono
Guglielmo Stendardo,Defender,Italy,Atalanta,Italy,Atleti Azzurri d'Italia,Stefano Colantuono
Daniele Baselli,Midfielder,Italy,Atalanta,Italy,Atleti Azzurri d'Italia,Stefano Colantuono
Giacomo Bonaventura,Midfielder,Italy,Atalanta,Italy,Atleti Azzurri d'Italia,Stefano Colantuono
Franco Brienza,Midfielder,Italy,Atalanta,Italy,Atleti Azzurri d'Italia,Stefano Colantuono
Riccardo Cazzola,Midfielder,Italy,Atalanta,Italy,Atleti Azzurri d'Italia,Stefano Colantuono
Luca Cigarini,Midfielder,Italy,Atalanta,Italy,Atleti Azzurri d'Italia,Stefano Colantuono
Luigi Giorgi,Midfielder,Italy,Atalanta,Italy,Atleti Azzurri d'Italia,Stefano Colantuono
Giulio Migliaccio,Midfielder,Italy,Atalanta,Italy,Atleti Azzurri d'Italia,Stefano Colantuono
Giacomo Parigi,Midfielder,Italy,Atalanta,Italy,Atleti Azzurri d'Italia,Stefano Colantuono
Cristian Raimondi,Midfielder,Italy,Atalanta,Italy,Atleti Azzurri d'Italia,Stefano Colantuono
Giuseppe De Luca,Forward,Italy,Atalanta,Italy,Atleti Azzurri d'Italia,Stefano Colantuono
Mario Pugliese,Forward,Italy,Atalanta,Italy,Atleti Azzurri d'Italia,Stefano Colantuono
Federico Varano,Forward,Italy,Atalanta,Italy,Atleti Azzurri d'Italia,Stefano Colantuono
Wladimiro Falcone,Goalkeeper,Italy,Sampdoria,Italy,Luigi Ferraris,Sinisa Mihajlovic
Vincenzo Fiorillo,Goalkeeper,Italy,Sampdoria,Italy,Luigi Ferraris,Sinisa Mihajlovic
Andrea Costa,Defender,Italy,Sampdoria,Italy,Luigi Ferraris,Sinisa Mihajlovic
Lorenzo De Silvestri,Defender,Italy,Sampdoria,Italy,Luigi Ferraris,Sinisa Mihajlovic
Michele Fornasier,Defender,Italy,Sampdoria,Italy,Luigi Ferraris,Sinisa Mihajlovic
Daniele Gastaldello,Defender,Italy,Sampdoria,Italy,Luigi Ferraris,Sinisa Mihajlovic
Angelo Palombo,Defender,Italy,Sampdoria,Italy,Luigi Ferraris,Sinisa Mihajlovic
Vasco Regini,Defender,Italy,Sampdoria,Italy,Luigi Ferraris,Sinisa Mihajlovic
Gianluca Sansone,Midfielder,Italy,Sampdoria,Italy,Luigi Ferraris,Sinisa Mihajlovic
Alessio Sestu,Midfielder,Italy,Sampdoria,Italy,Luigi Ferraris,Sinisa Mihajlovic
Roberto Soriano,Midfielder,Italy,Sampdoria,Italy,Luigi Ferraris,Sinisa Mihajlovic
Manolo Gabbiadini,Forward,Italy,Sampdoria,Italy,Luigi Ferraris,Sinisa Mihajlovic
Okaka,Forward,Italy,Sampdoria,Italy,Luigi Ferraris,Sinisa Mihajlovic
Michael Agazzi,Goalkeeper,Italy,Chievo Verona,Italy,Marcantonio Bentegodi,Eugenio Corini
Simone Moschin,Goalkeeper,Italy,Chievo Verona,Italy,Marcantonio Bentegodi,Eugenio Corini
Christian Puggioni,Goalkeeper,Italy,Chievo Verona,Italy,Marcantonio Bentegodi,Eugenio Corini
Lorenzo Squizzi,Goalkeeper,Italy,Chievo Verona,Italy,Marcantonio Bentegodi,Eugenio Corini
Simone Aldrovandi,Defender,Italy,Chievo Verona,Italy,Marcantonio Bentegodi,Eugenio Corini
Alessandro Bernardini,Defender,Italy,Chievo Verona,Italy,Marcantonio Bentegodi,Eugenio Corini
Michele Canini,Defender,Italy,Chievo Verona,Italy,Marcantonio Bentegodi,Eugenio Corini
Filippo Costa,Defender,Italy,Chievo Verona,Italy,Marcantonio Bentegodi,Eugenio Corini
Dario Dainelli,Defender,Italy,Chievo Verona,Italy,Marcantonio Bentegodi,Eugenio Corini
Matteo Rubin,Defender,Italy,Chievo Verona,Italy,Marcantonio Bentegodi,Eugenio Corini
Gennaro Sardo,Defender,Italy,Chievo Verona,Italy,Marcantonio Bentegodi,Eugenio Corini
Simone Bentivoglio,Midfielder,Italy,Chievo Verona,Italy,Marcantonio Bentegodi,Eugenio Corini
Roberto Guana,Midfielder,Italy,Chievo Verona,Italy,Marcantonio Bentegodi,Eugenio Corini
Tiberio Guarente,Midfielder,Italy,Chievo Verona,Italy,Marcantonio Bentegodi,Eugenio Corini
Luca Rigoni,Midfielder,Italy,Chievo Verona,Italy,Marcantonio Bentegodi,Eugenio Corini
Idriz Toskic,Midfielder,Italy,Chievo Verona,Italy,Marcantonio Bentegodi,Eugenio Corini
Alberto Paloschi,Forward,Italy,Chievo Verona,Italy,Marcantonio Bentegodi,Eugenio Corini
Sergio Pellissier,Forward,Italy,Chievo Verona,Italy,Marcantonio Bentegodi,Eugenio Corini
Michele Troiani,Forward,Italy,Chievo Verona,Italy,Marcantonio Bentegodi,Eugenio Corini
Gianluigi Buffon,Goalkeeper,Italy,Juventus,Italy,Juventus Stadium,Antonio Conte
Leonardo Citti,Goalkeeper,Italy,Juventus,Italy,Juventus Stadium,Antonio Conte
Marco Storari,Goalkeeper,Italy,Juventus,Italy,Juventus Stadium,Antonio Conte
Gianmarco Vannucchi,Goalkeeper,Italy,Juventus,Italy,Juventus Stadium,Antonio Conte
Andrea Barzagli,Defender,Italy,Juventus,Italy,Juventus Stadium,Antonio Conte
Leonardo Bonucci,Defender,Italy,Juventus,Italy,Juventus Stadium,Antonio Conte
Giorgio Chiellini,Defender,Italy,Juventus,Italy,Juventus Stadium,Antonio Conte
Ogbonna,Defender,Italy,Juventus,Italy,Juventus Stadium,Antonio Conte
Federico Peluso,Defender,Italy,Juventus,Italy,Juventus Stadium,Antonio Conte
Claudio Marchisio,Midfielder,Italy,Juventus,Italy,Juventus Stadium,Antonio Conte
Federico Mattiello,Midfielder,Italy,Juventus,Italy,Juventus Stadium,Antonio Conte
Simone Padoin,Midfielder,Italy,Juventus,Italy,Juventus Stadium,Antonio Conte
Simone Pepe,Midfielder,Italy,Juventus,Italy,Juventus Stadium,Antonio Conte
Andrea Pirlo,Midfielder,Italy,Juventus,Italy,Juventus Stadium,Antonio Conte
Sebastian Giovinco,Forward,Italy,Juventus,Italy,Juventus Stadium,Antonio Conte
Pablo Daniel Osvaldo,Forward,Italy,Juventus,Italy,Juventus Stadium,Antonio Conte
Fabio Quagliarella,Forward,Italy,Juventus,Italy,Juventus Stadium,Antonio Conte
Morgan De Sanctis,Goalkeeper,Italy,Roma,Italy,Olimpico,Rudi Garcia
Federico Balzaretti,Defender,Italy,Roma,Italy,Olimpico,Rudi Garcia
Alessio Romagnoli,Defender,Italy,Roma,Italy,Olimpico,Rudi Garcia
Daniele De Rossi,Midfielder,Italy,Roma,Italy,Olimpico,Rudi Garcia
Francesco Di Mariano,Midfielder,Italy,Roma,Italy,Olimpico,Rudi Garcia
Alessandro Florenzi,Midfielder,Italy,Roma,Italy,Olimpico,Rudi Garcia
Federico Ricci,Midfielder,Italy,Roma,Italy,Olimpico,Rudi Garcia
Simone Battaglia,Forward,Italy,Roma,Italy,Olimpico,Rudi Garcia
Mattia Destro,Forward,Italy,Roma,Italy,Olimpico,Rudi Garcia
Luca Mazzitelli,Forward,Italy,Roma,Italy,Olimpico,Rudi Garcia
Francesco Totti,Forward,Italy,Roma,Italy,Olimpico,Rudi Garcia
Giorgio Costanzo,Goalkeeper,Italy,Catania,Italy,Angelo Massimino,Rolando Maran
Giuseppe Ficara,Goalkeeper,Italy,Catania,Italy,Angelo Massimino,Rolando Maran
Alberto Frison,Goalkeeper,Italy,Catania,Italy,Angelo Massimino,Rolando Maran
Giuseppe Bellusci,Defender,Italy,Catania,Italy,Angelo Massimino,Rolando Maran
Cristiano Biraghi,Defender,Italy,Catania,Italy,Angelo Massimino,Rolando Maran
Simone Brugaletta,Defender,Italy,Catania,Italy,Angelo Massimino,Rolando Maran
Ciro Capuano,Defender,Italy,Catania,Italy,Angelo Massimino,Rolando Maran
Michele De Matteis,Defender,Italy,Catania,Italy,Angelo Massimino,Rolando Maran
Nicola Legrottaglie,Defender,Italy,Catania,Italy,Angelo Massimino,Rolando Maran
Sergio Agatino Garufi,Midfielder,Italy,Catania,Italy,Angelo Massimino,Rolando Maran
Francesco Lodi,Midfielder,Italy,Catania,Italy,Angelo Massimino,Rolando Maran
Kingsley Boateng,Forward,Italy,Catania,Italy,Angelo Massimino,Rolando Maran
Francesco Fedato,Forward,Italy,Catania,Italy,Angelo Massimino,Rolando Maran
Agostino Gallo,Forward,Italy,Catania,Italy,Angelo Massimino,Rolando Maran
Luca Castellazzi,Goalkeeper,Italy,Inter,Italy,Giuseppe Meazza,Walter Mazzarri
Luca Maniero,Goalkeeper,Italy,Inter,Italy,Giuseppe Meazza,Walter Mazzarri
Marco Andreolli,Defender,Italy,Inter,Italy,Giuseppe Meazza,Stefano Colantuono
Danilo D'Ambrosio,Defender,Italy,Inter,Italy,Giuseppe Meazza,Giampiero Ventura
Riva Stefano Dalla,Defender,Italy,Inter,Italy,Giuseppe Meazza,Jens Keller
Fabio Eguelfi,Defender,Italy,Inter,Italy,Giuseppe Meazza,Walter Mazzarri
Lorenzo Paramatti,Defender,Italy,Inter,Italy,Giuseppe Meazza,Walter Mazzarri
Andrea Ranocchia,Defender,Italy,Inter,Italy,Giuseppe Meazza,Walter Mazzarri
Federico Bonazzoli,Midfielder,Italy,Inter,Italy,Giuseppe Meazza,Edoardo Reja
Alessandro Capello,Midfielder,Italy,Inter,Italy,Giuseppe Meazza,Walter Mazzarri
Gennaro Acampora,Forward,Italy,Inter,Italy,Giuseppe Meazza,Walter Mazzarri
Andrea Mira,Forward,Italy,Inter,Italy,Giuseppe Meazza,Jens Keller
Marco Albertoni,Goalkeeper,Italy,Genoa,Italy,Luigi Ferraris,Gianpiero Gasperini
Antonio Donnarumma,Goalkeeper,Italy,Genoa,Italy,Luigi Ferraris,Lucien Favre
Mattia Perin,Goalkeeper,Italy,Genoa,Italy,Luigi Ferraris,Gianpiero Gasperini
Luca Antonelli,Defender,Italy,Genoa,Italy,Luigi Ferraris,Gianpiero Gasperini
Luca Antonini,Defender,Italy,Genoa,Italy,Luigi Ferraris,Lucien Favre
Paolo De Ceglie,Defender,Italy,Genoa,Italy,Luigi Ferraris,Gianpiero Gasperini
Alessandro Gamberini,Defender,Italy,Genoa,Italy,Luigi Ferraris,Gianpiero Gasperini
Giovanni Marchese,Defender,Italy,Genoa,Italy,Luigi Ferraris,Gianpiero Gasperini
Marco Motta,Defender,Italy,Genoa,Italy,Luigi Ferraris,Gianpiero Gasperini
Daniele Portanova,Defender,Italy,Genoa,Italy,Luigi Ferraris,Gianpiero Gasperini
Andrea Bertolacci,Midfielder,Italy,Genoa,Italy,Luigi Ferraris,Walter Mazzarri
Jami Rafati,Midfielder,Italy,Genoa,Italy,Luigi Ferraris,Gianpiero Gasperini
Stefano Sturaro,Midfielder,Italy,Genoa,Italy,Luigi Ferraris,Sami Hyypioooo
Emanuele Calaioo,Forward,Italy,Genoa,Italy,Luigi Ferraris,Gianpiero Gasperini
Francesco Di Marco,Forward,Italy,Genoa,Italy,Luigi Ferraris,Gianpiero Gasperini
Alberto Gilardino,Forward,Italy,Genoa,Italy,Luigi Ferraris,Gianpiero Gasperini
Giuseppe Sculli,Forward,Italy,Genoa,Italy,Luigi Ferraris,Tony Pulis
Tiberio Velocci,Forward,Italy,Genoa,Italy,Luigi Ferraris,Gianpiero Gasperini
Werther Carboni,Goalkeeper,Italy,Cagliari,Italy,Sant'Elia,Diego Lopez
Marco Silvestri,Goalkeeper,Italy,Cagliari,Italy,Sant'Elia,Diego Lopez
Davide Astori,Defender,Italy,Cagliari,Italy,Sant'Elia,Diego Lopez
Alessandro Bastrini,Defender,Italy,Cagliari,Italy,Sant'Elia,Diego Lopez
Fabro Dario Del,Defender,Italy,Cagliari,Italy,Sant'Elia,Diego Lopez
Nicola Murru,Defender,Italy,Cagliari,Italy,Sant'Elia,Diego Lopez
Gabriele Perico,Defender,Italy,Cagliari,Italy,Sant'Elia,Diego Lopez
Francesco Pisano,Defender,Italy,Cagliari,Italy,Sant'Elia,Diego Lopez
Luca Rossettini,Defender,Italy,Cagliari,Italy,Sant'Elia,Diego Lopez
Daniele Conti,Midfielder,Italy,Cagliari,Italy,Sant'Elia,Diego Lopez
Andrea Cossu,Midfielder,Italy,Cagliari,Italy,Sant'Elia,Diego Lopez
Andrea Demontis,Midfielder,Italy,Cagliari,Italy,Sant'Elia,Diego Lopez
Daniele Dessena,Midfielder,Italy,Cagliari,Italy,Sant'Elia,Diego Lopez
Simone Solinas,Midfielder,Italy,Cagliari,Italy,Sant'Elia,Diego Lopez
Michele Suella,Midfielder,Italy,Cagliari,Italy,Sant'Elia,Diego Lopez
Alessandro Masia,Forward,Italy,Cagliari,Italy,Sant'Elia,Diego Lopez
Marco Sau,Forward,Italy,Cagliari,Italy,Sant'Elia,Diego Lopez
Lorenzo Bardini,Goalkeeper,Italy,Fiorentina,Italy,Artemio Franchi,Vincenzo Montella
Luca Lezzerini,Goalkeeper,Italy,Fiorentina,Italy,Artemio Franchi,Vincenzo Montella
Cristiano Lupatelli,Goalkeeper,Italy,Fiorentina,Italy,Artemio Franchi,Vincenzo Montella
Antonio Rosati,Goalkeeper,Italy,Fiorentina,Italy,Artemio Franchi,Vincenzo Montella
Saverio Madrigali,Defender,Italy,Fiorentina,Italy,Artemio Franchi,Vincenzo Montella
Manuel Pasqual,Defender,Italy,Fiorentina,Italy,Artemio Franchi,Vincenzo Montella
Lorenzo Venuti,Defender,Italy,Fiorentina,Italy,Artemio Franchi,Vincenzo Montella
Massimo Ambrosini,Midfielder,Italy,Fiorentina,Italy,Artemio Franchi,Vincenzo Montella
Alberto Aquilani,Midfielder,Italy,Fiorentina,Italy,Artemio Franchi,Vincenzo Montella
Leonardo Capezzi,Midfielder,Italy,Fiorentina,Italy,Artemio Franchi,Vincenzo Montella
Nicoloo Fazzi,Midfielder,Italy,Fiorentina,Italy,Artemio Franchi,Vincenzo Montella
Axel Gulin,Midfielder,Italy,Fiorentina,Italy,Artemio Franchi,Vincenzo Montella
Alessandro Matri,Forward,Italy,Fiorentina,Italy,Artemio Franchi,Vincenzo Montella
Giuseppe Rossi,Forward,Italy,Fiorentina,Italy,Artemio Franchi,Vincenzo Montella
Gabriele Aldegani,Goalkeeper,Italy,Livorno,Italy,Armando Picchi,Joooorgen Klopp
Luca Anania,Goalkeeper,Italy,Livorno,Italy,Armando Picchi,Domenico Di Carlo
Francesco Bardi,Goalkeeper,Italy,Livorno,Italy,Armando Picchi,Rolando Maran
Matteo Cipriani,Goalkeeper,Italy,Livorno,Italy,Armando Picchi,Domenico Di Carlo
Paolo Castellini,Defender,Italy,Livorno,Italy,Armando Picchi,Domenico Di Carlo
Federico Ceccherini,Defender,Italy,Livorno,Italy,Armando Picchi,Domenico Di Carlo
Andrea Coda,Defender,Italy,Livorno,Italy,Armando Picchi,Domenico Di Carlo
Cristiano Piccini,Defender,Italy,Livorno,Italy,Armando Picchi,Domenico Di Carlo
Leandro Rinaudo,Defender,Italy,Livorno,Italy,Armando Picchi,Eusebio Di Francesco
Andrea Tiritiello,Defender,Italy,Livorno,Italy,Armando Picchi,Domenico Di Carlo
Daniele Bartolini,Midfielder,Italy,Livorno,Italy,Armando Picchi,Domenico Di Carlo
Marco Benassi,Midfielder,Italy,Livorno,Italy,Armando Picchi,Domenico Di Carlo
Marco Biagianti,Midfielder,Italy,Livorno,Italy,Armando Picchi,Domenico Di Carlo
Leandro Greco,Midfielder,Italy,Livorno,Italy,Armando Picchi,Markus Weinzierl
Andrea Luci,Midfielder,Italy,Livorno,Italy,Armando Picchi,Domenico Di Carlo
Tommaso Biasci,Forward,Italy,Livorno,Italy,Armando Picchi,Domenico Di Carlo
Federico Dionisi,Forward,Italy,Livorno,Italy,Armando Picchi,Domenico Di Carlo
Luca Siligardi,Forward,Italy,Livorno,Italy,Armando Picchi,Domenico Di Carlo
Keisuke Honda,Midfielder,Japan,Milan,Italy,Giuseppe Meazza,Mauro Tassotti
Yuto Nagatomo,Defender,Japan,Inter,Italy,Giuseppe Meazza,Walter Mazzarri
Mariga,Midfielder,Kenya,Inter,Italy,Giuseppe Meazza,Walter Mazzarri
Goran Pandev,Forward,Macedonia,Napoli,Italy,San Paolo,Tayfun Korkut
Agim Ibraimi,Forward,Macedonia,Cagliari,Italy,Sant'Elia,Diego Lopez
Adam Masina,Defender,Morocco,Bologna,Italy,Renato Dall'Ara,Davide Ballardini
Kaddouri Omar El,Midfielder,Morocco,Torino,Italy,Olimpico,Giampiero Ventura
Adel Taarabt,Midfielder,Morocco,Milan,Italy,Giuseppe Meazza,Mauro Tassotti
Benatia,Defender,Morocco,Roma,Italy,Olimpico,Rudi Garcia
Marko Vesovic,Forward,Montenegro,Torino,Italy,Olimpico,Mark Hughes
Mirko Vucinic,Forward,Montenegro,Juventus,Italy,Juventus Stadium,Antonio Conte
Stefan Savic,Defender,Montenegro,Fiorentina,Italy,Artemio Franchi,Vincenzo Montella
Marko Bakic,Midfielder,Montenegro,Fiorentina,Italy,Artemio Franchi,Vincenzo Montella
Nigel De Jong,Midfielder,Netherlands,Milan,Italy,Giuseppe Meazza,Mauro Tassotti
Urby Emanuelson,Midfielder,Netherlands,Milan,Italy,Giuseppe Meazza,Mauro Tassotti
Kevin Strootman,Midfielder,Netherlands,Roma,Italy,Olimpico,Rudi Garcia
Eddy Ogenyi Onazi,Midfielder,Nigeria,Lazio,Italy,Olimpico,Edoardo Reja
Joel Chukwuma Obi,Midfielder,Nigeria,Parma,Italy,Ennio Tardini,Roberto Donadoni
Obinna,Forward,Nigeria,Chievo Verona,Italy,Marcantonio Bentegodi,Eugenio Corini
Marcelo Estigarribia,Midfielder,Paraguay,Atalanta,Italy,Atleti Azzurri d'Italia,Stefano Colantuono
Vargas,Midfielder,Peru,Fiorentina,Italy,Artemio Franchi,Vincenzo Montella
Piotr Zielinski,Midfielder,Poland,Udinese,Italy,Friuli,Francesco Guidolin
Kamil Glik,Defender,Poland,Torino,Italy,Olimpico,Domenico Di Carlo
Bartosz Salamon,Midfielder,Poland,Sampdoria,Italy,Luigi Ferraris,Sinisa Mihajlovic
Pawel Wszolek,Midfielder,Poland,Sampdoria,Italy,Luigi Ferraris,Sinisa Mihajlovic
Tomasz Kupisz,Midfielder,Poland,Chievo Verona,Italy,Marcantonio Bentegodi,Eugenio Corini
Lukasz Skorupski,Goalkeeper,Poland,Roma,Italy,Olimpico,Rudi Garcia
Rafal Wolski,Midfielder,Poland,Fiorentina,Italy,Artemio Franchi,Vincenzo Montella
Fernandes,Midfielder,Portugal,Udinese,Italy,Friuli,Francesco Guidolin
Pereirinha,Defender,Portugal,Lazio,Italy,Olimpico,Edoardo Reja
Postiga Hoolder,Forward,Portugal,Lazio,Italy,Olimpico,Edoardo Reja
Pedro Filipe Teodosio Mendes,Defender,Portugal,Sassuolo,Italy,Mapei Stadium  Cittoo del Tricolore,Eusebio Di Francesco
Rolando,Defender,Portugal,Inter,Italy,Giuseppe Meazza,Jos Luhukay
Stefan Daniel Radu,Defender,Romania,Lazio,Italy,Olimpico,Edoardo Reja
Marius Alexe,Forward,Romania,Sassuolo,Italy,Mapei Stadium  Cittoo del Tricolore,Eusebio Di Francesco
Constantin Nica,Defender,Romania,Atalanta,Italy,Atleti Azzurri d'Italia,Stefano Colantuono
Adrian Stoian,Forward,Romania,Chievo Verona,Italy,Marcantonio Bentegodi,Eugenio Corini
Bogdan Lobont,Goalkeeper,Romania,Roma,Italy,Olimpico,Rudi Garcia
Cristian Chivu,Defender,Romania,Inter,Italy,Giuseppe Meazza,Walter Mazzarri
George Alexandru Puscas,Midfielder,Romania,Inter,Italy,Giuseppe Meazza,Walter Mazzarri
Lys Gomis,Goalkeeper,Senegal,Torino,Italy,Olimpico,Giampiero Ventura
Dembel Sall,Defender,Senegal,Parma,Italy,Ennio Tardini,Roberto Donadoni
Boukary Dramoo,Defender,Senegal,Chievo Verona,Italy,Marcantonio Bentegodi,Eugenio Corini
Maodo Malick Mbaye,Forward,Senegal,Chievo Verona,Italy,Marcantonio Bentegodi,Eugenio Corini
Pape Moussa Konatoo,Forward,Senegal,Genoa,Italy,Luigi Ferraris,Gianpiero Gasperini
Ibrahima Mbaye,Defender,Senegal,Livorno,Italy,Armando Picchi,Domenico Di Carlo
Zeljko Brkic,Goalkeeper,Serbia,Udinese,Italy,Friuli,Francesco Guidolin
Dusan Basta,Defender,Serbia,Udinese,Italy,Friuli,Francesco Guidolin
Bosko Jankovic,Midfielder,Serbia,Hellas Verona,Italy,Marcantonio Bentegodi,Andrea Mandorlini
Milos Antic,Midfielder,Serbia,Lazio,Italy,Olimpico,Arsoone Wenger
Nikola Maksimovic,Defender,Serbia,Torino,Italy,Olimpico,Mauro Tassotti
Filip Jankovic,Midfielder,Serbia,Parma,Italy,Ennio Tardini,Roberto Donadoni
Nenad Krsticic,Midfielder,Serbia,Sampdoria,Italy,Luigi Ferraris,Sinisa Mihajlovic
Ivan Radovanovic,Midfielder,Serbia,Chievo Verona,Italy,Marcantonio Bentegodi,Eugenio Corini
Adem Ljajic,Forward,Serbia,Roma,Italy,Olimpico,Rudi Garcia
Zdravko Kuzmanovic,Midfielder,Serbia,Inter,Italy,Giuseppe Meazza,Walter Mazzarri
Vlada Avramov,Goalkeeper,Serbia,Cagliari,Italy,Sant'Elia,Diego Lopez
Nenad Tomovic,Defender,Serbia,Fiorentina,Italy,Artemio Franchi,Vincenzo Montella
Marek Hamsik,Midfielder,Slovakia,Napoli,Italy,San Paolo,Rafael Benitez
Marek Cech,Defender,Slovakia,Bologna,Italy,Renato Dall'Ara,Davide Ballardini
Pavol Bajza,Goalkeeper,Slovakia,Parma,Italy,Ennio Tardini,Roberto Donadoni
Norbert Gyomber,Defender,Slovakia,Catania,Italy,Angelo Massimino,Rolando Maran
Juraj Kucka,Midfielder,Slovakia,Genoa,Italy,Luigi Ferraris,Gianpiero Gasperini
Rene Krhin,Midfielder,Slovenia,Bologna,Italy,Renato Dall'Ara,Davide Ballardini
Jasmin Kurtic,Midfielder,Slovenia,Torino,Italy,Olimpico,Giampiero Ventura
Zan Benedicic,Midfielder,Slovenia,Milan,Italy,Giuseppe Meazza,Mauro Tassotti
Valter Birsa,Midfielder,Slovenia,Milan,Italy,Giuseppe Meazza,Mauro Tassotti
Bostjan Cesar,Defender,Slovenia,Chievo Verona,Italy,Marcantonio Bentegodi,Eugenio Corini
Dejan Lazarevic,Forward,Slovenia,Chievo Verona,Italy,Marcantonio Bentegodi,Eugenio Corini
Samir Handanovic,Goalkeeper,Slovenia,Inter,Italy,Giuseppe Meazza,Brendan Rodgers
Josip Ilicic,Midfielder,Slovenia,Fiorentina,Italy,Artemio Franchi,Vincenzo Montella
Santana Antonio David Doblas,Goalkeeper,Spain,Napoli,Italy,San Paolo,Roberto Martinez
Josoo Manuel Reina,Goalkeeper,Spain,Napoli,Italy,San Paolo,Rafael Benitez
Raul Albiol,Defender,Spain,Napoli,Italy,San Paolo,Rafael Benitez
Josoo Marooa Callejoon,Forward,Spain,Napoli,Italy,San Paolo,Rafael Benitez
Mamadou Tounkara,Midfielder,Spain,Lazio,Italy,Olimpico,Gus Poyet
Keita,Forward,Spain,Lazio,Italy,Olimpico,Edoardo Reja
Crespo,Defender,Spain,Bologna,Italy,Renato Dall'Ara,Davide Ballardini
Obiang,Midfielder,Spain,Sampdoria,Italy,Luigi Ferraris,Sinisa Mihajlovic
Llorente,Forward,Spain,Juventus,Italy,Juventus Stadium,Antonio Conte
Keko,Forward,Spain,Catania,Italy,Angelo Massimino,Rolando Maran
Valero Borja,Midfielder,Spain,Fiorentina,Italy,Artemio Franchi,Vincenzo Montella
Joaquoon,Midfielder,Spain,Fiorentina,Italy,Artemio Franchi,Vincenzo Montella
Mikael Antonsson,Defender,Sweden,Bologna,Italy,Renato Dall'Ara,Davide Ballardini
Erik Friberg,Midfielder,Sweden,Bologna,Italy,Renato Dall'Ara,Davide Ballardini
Alexander Farnerud,Midfielder,Sweden,Torino,Italy,Olimpico,Giampiero Ventura
Joakim Olausson,Forward,Sweden,Atalanta,Italy,Atleti Azzurri d'Italia,Stefano Colantuono
Albin Ekdal,Midfielder,Sweden,Cagliari,Italy,Sant'Elia,Diego Lopez
Sebastian Eriksson,Midfielder,Sweden,Cagliari,Italy,Sant'Elia,Diego Lopez
Silvan Widmer,Defender,Switzerland,Udinese,Italy,Friuli,Francesco Guidolin
Valon Behrami,Midfielder,Switzerland,Napoli,Italy,San Paolo,Rafael Benitez
Blerim Dzemaili,Midfielder,Switzerland,Napoli,Italy,San Paolo,Rafael Benitez
Gookhan Inler,Midfielder,Switzerland,Napoli,Italy,San Paolo,Rafael Benitez
Jonathan Rossini,Defender,Switzerland,Parma,Italy,Ennio Tardini,Roberto Donadoni
Reto Ziegler,Defender,Switzerland,Sassuolo,Italy,Mapei Stadium  Cittoo del Tricolore,Eusebio Di Francesco
Gaetano Berardi,Defender,Switzerland,Sampdoria,Italy,Luigi Ferraris,Sinisa Mihajlovic
Stephan Lichtsteiner,Defender,Switzerland,Juventus,Italy,Juventus Stadium,Antonio Conte
Joel Untersee,Defender,Switzerland,Juventus,Italy,Juventus Stadium,Antonio Conte
Cabral,Midfielder,Switzerland,Genoa,Italy,Luigi Ferraris,Jos Luhukay
Innocent Emeghara,Forward,Switzerland,Livorno,Italy,Armando Picchi,Mauricio Pochettino
Yohan Benalouane,Defender,Tunisia,Atalanta,Italy,Atleti Azzurri d'Italia,Stefano Colantuono
Baranovsky Nikita Contini,Goalkeeper,Ukraine,Napoli,Italy,San Paolo,Rafael Benitez
Lopez Nico,Forward,Uruguay,Udinese,Italy,Friuli,Francesco Guidolin
Alejandro Damian Gonzalez,Defender,Uruguay,Hellas Verona,Italy,Marcantonio Bentegodi,Andrea Mandorlini
Miguel Angel Britos,Defender,Uruguay,Napoli,Italy,San Paolo,Rafael Benitez
Gonzalez,Midfielder,Uruguay,Lazio,Italy,Olimpico,Robin Dutt
Alfaro,Forward,Uruguay,Lazio,Italy,Olimpico,Edoardo Reja
Diego Perez,Midfielder,Uruguay,Bologna,Italy,Renato Dall'Ara,Davide Ballardini
Diego Laxalt,Forward,Uruguay,Bologna,Italy,Renato Dall'Ara,Davide Ballardini
Rodriguez,Defender,Uruguay,Torino,Italy,Olimpico,Giampiero Ventura
Gargano,Midfielder,Uruguay,Parma,Italy,Ennio Tardini,Roberto Donadoni
Morales Ruboon Daniel Bentancourt,Forward,Uruguay,Atalanta,Italy,Atleti Azzurri d'Italia,Stefano Colantuono
Caceres,Defender,Uruguay,Juventus,Italy,Juventus Stadium,Antonio Conte
Roloon,Defender,Uruguay,Catania,Italy,Angelo Massimino,Rolando Maran
Matias Cabrera,Midfielder,Uruguay,Cagliari,Italy,Sant'Elia,Diego Lopez
Vecino,Midfielder,Uruguay,Cagliari,Italy,Sant'Elia,Diego Lopez
Godfred Donsah,Forward,Ghana,Hellas Verona,Italy,Marcantonio Bentegodi,Sinisa Mihajlovic
