src,flight,sched_dep_time,act_dep_time,dept_gate,sched_arr_time,act_arr_time,arrival_gate
aa,CO-62-IAH-EWR,4:55 p.m.,5:08 p.m.,D5,8:05 p.m.,7:55 p.m.,4
helloflight,AA-1007-MIA-PHX,4:55 p.m.,5:08 p.m.,D5,8:05 p.m.,7:55 p.m.,4
boston,AA-1007-MIA-PHX,4:55 p.m.,5:08 p.m.,D5,8:05 p.m.,7:55 p.m.,4
airtravelcenter,UA-6273-YYC-SFO,4:55 p.m.,5:08 p.m.,D5,8:05 p.m.,7:55 p.m.,4
flightview,AA-2312-DFW-DTW,4:55 p.m.,5:08 p.m.,D5,8:05 p.m.,7:55 p.m.,4
flightstats,AA-1007-MIA-PHX,4:55 p.m.,5:08 p.m.,D5,8:05 p.m.,7:55 p.m.,4
panynj,AA-1007-MIA-PHX,4:55 p.m.,5:08 p.m.,D5,8:05 p.m.,7:55 p.m.,4
flightexplorer,CO-1561-PHX-IAH,4:55 p.m.,5:08 p.m.,D5,8:05 p.m.,7:55 p.m.,4
flights,AA-2525-DFW-MIA,4:55 p.m.,5:08 p.m.,D5,8:05 p.m.,7:55 p.m.,4
foxbusiness,AA-1007-MIA-PHX,4:55 p.m.,5:08 p.m.,D5,8:05 p.m.,7:55 p.m.,4
myrateplan,AA-2525-DFW-MIA,4:55 p.m.,5:08 p.m.,D5,8:05 p.m.,7:55 p.m.,4
orbitz,CO-52-IAH-LAX,4:55 p.m.,5:08 p.m.,D5,8:05 p.m.,7:55 p.m.,4
flytecomm,AA-1007-MIA-PHX,4:55 p.m.,5:08 p.m.,D5,8:05 p.m.,7:55 p.m.,4
mytripandmore,AA-1007-MIA-PHX,4:55 p.m.,5:08 p.m.,D5,8:05 p.m.,7:55 p.m.,4
wunderground,AA-1007-MIA-PHX,4:55 p.m.,5:08 p.m.,D5,8:05 p.m.,7:55 p.m.,4
flylouisville,AA-1007-MIA-PHX,4:55 p.m.,5:08 p.m.,D5,8:05 p.m.,7:55 p.m.,4
quicktrip,AA-1007-MIA-PHX,4:55 p.m.,5:08 p.m.,D5,8:05 p.m.,7:55 p.m.,4
allegiantair,AA-1007-MIA-PHX,4:55 p.m.,5:08 p.m.,D5,8:05 p.m.,7:55 p.m.,4
businesstravellogue,UA-3925-IAD-ORF,4:55 p.m.,5:08 p.m.,D5,8:05 p.m.,7:55 p.m.,4
gofox,AA-1007-MIA-PHX,4:55 p.m.,5:08 p.m.,D5,8:05 p.m.,7:55 p.m.,4
flightaware,AA-1007-MIA-PHX,4:55 p.m.,5:08 p.m.,D5,8:05 p.m.,7:55 p.m.,4
aa,AA-446-DFW-PHL,6:59 a.m.,7:22 a.m.,8,10:34 a.m.,10:04 a.m.,D21
helloflight,AA-1165-JFK-MIA,6:59 a.m.,7:22 a.m.,8,10:34 a.m.,10:04 a.m.,D21
boston,AA-1165-JFK-MIA,6:59 a.m.,7:22 a.m.,8,10:34 a.m.,10:04 a.m.,D21
weather,AA-1165-JFK-MIA,6:59 a.m.,7:22 a.m.,8,10:34 a.m.,10:04 a.m.,D21
airtravelcenter,AA-1165-JFK-MIA,6:59 a.m.,7:22 a.m.,8,10:34 a.m.,10:04 a.m.,D21
flightview,AA-1165-JFK-MIA,6:59 a.m.,7:22 a.m.,8,10:34 a.m.,10:04 a.m.,D21
flightstats,AA-466-IAH-MIA,6:59 a.m.,7:22 a.m.,8,10:34 a.m.,10:04 a.m.,D21
panynj,UA-3515-IAD-MSP,6:59 a.m.,7:22 a.m.,8,10:34 a.m.,10:04 a.m.,D21
flightexplorer,AA-1165-JFK-MIA,6:59 a.m.,7:22 a.m.,8,10:34 a.m.,10:04 a.m.,D21
mia,AA-1165-JFK-MIA,6:59 a.m.,7:22 a.m.,8,10:34 a.m.,10:04 a.m.,D21
flights,AA-1165-JFK-MIA,6:59 a.m.,7:22 a.m.,8,10:34 a.m.,10:04 a.m.,D21
travelocity,AA-1165-JFK-MIA,6:59 a.m.,7:22 a.m.,8,10:34 a.m.,10:04 a.m.,D21
foxbusiness,AA-1165-JFK-MIA,6:59 a.m.,7:22 a.m.,8,10:34 a.m.,10:04 a.m.,D21
myrateplan,UA-62-IAH-EWR,6:59 a.m.,7:22 a.m.,8,10:34 a.m.,10:04 a.m.,D21
orbitz,AA-1165-JFK-MIA,6:59 a.m.,7:22 a.m.,8,10:34 a.m.,10:04 a.m.,D21
flytecomm,AA-1165-JFK-MIA,6:59 a.m.,7:22 a.m.,8,10:34 a.m.,10:04 a.m.,D21
mytripandmore,AA-1165-JFK-MIA,6:59 a.m.,7:22 a.m.,8,10:34 a.m.,10:04 a.m.,D21
wunderground,CO-50-CLE-EWR,6:59 a.m.,7:22 a.m.,8,10:34 a.m.,10:04 a.m.,D21
flylouisville,AA-1165-JFK-MIA,6:59 a.m.,7:22 a.m.,8,10:34 a.m.,10:04 a.m.,D21
quicktrip,UA-2708-EWR-CLT,6:59 a.m.,7:22 a.m.,8,10:34 a.m.,10:04 a.m.,D21
allegiantair,CO-47-IAH-LAX,6:59 a.m.,7:22 a.m.,8,10:34 a.m.,10:04 a.m.,D21
businesstravellogue,AA-1165-JFK-MIA,6:59 a.m.,7:22 a.m.,8,10:34 a.m.,10:04 a.m.,D21
gofox,UA-257-JFK-SFO,6:59 a.m.,7:22 a.m.,8,10:34 a.m.,10:04 a.m.,D21
flightaware,AA-1165-JFK-MIA,6:59 a.m.,7:22 a.m.,8,10:34 a.m.,10:04 a.m.,D21
world-flight-tracker,AA-1165-JFK-MIA,6:59 a.m.,7:22 a.m.,8,10:34 a.m.,10:04 a.m.,D21
aa,AA-1221-MCO-ORD,8:00 p.m.,8:23 p.m.,15,9:45 p.m.,9:53 p.m.,H11B
helloflight,AA-1221-MCO-ORD,8:00 p.m.,8:23 p.m.,15,9:45 p.m.,9:53 p.m.,H11B
boston,CO-62-IAH-EWR,8:00 p.m.,8:23 p.m.,15,9:45 p.m.,9:53 p.m.,H11B
weather,UA-2708-EWR-CLT,8:00 p.m.,8:23 p.m.,15,9:45 p.m.,9:53 p.m.,H11B
airtravelcenter,AA-4344-ORD-DTW,8:00 p.m.,8:23 p.m.,15,9:45 p.m.,9:53 p.m.,H11B
flightview,AA-1221-MCO-ORD,8:00 p.m.,8:23 p.m.,15,9:45 p.m.,9:53 p.m.,H11B
flightstats,CO-63-EWR-IAH,8:00 p.m.,8:23 p.m.,15,9:45 p.m.,9:53 p.m.,H11B
panynj,AA-1221-MCO-ORD,8:00 p.m.,8:23 p.m.,15,9:45 p.m.,9:53 p.m.,H11B
flightexplorer,AA-1221-MCO-ORD,8:00 p.m.,8:23 p.m.,15,9:45 p.m.,9:53 p.m.,H11B
mco,AA-1221-MCO-ORD,8:00 p.m.,8:23 p.m.,15,9:45 p.m.,9:53 p.m.,H11B
flights,AA-3-JFK-LAX,8:00 p.m.,8:23 p.m.,15,9:45 p.m.,9:53 p.m.,H11B
flightarrival,CO-1586-IAH-MCO,8:00 p.m.,8:23 p.m.,15,9:45 p.m.,9:53 p.m.,H11B
travelocity,CO-1694-LAX-IAH,8:00 p.m.,8:23 p.m.,15,9:45 p.m.,9:53 p.m.,H11B
foxbusiness,AA-1221-MCO-ORD,8:00 p.m.,8:23 p.m.,15,9:45 p.m.,9:53 p.m.,H11B
usatoday,AA-1221-MCO-ORD,8:00 p.m.,8:23 p.m.,15,9:45 p.m.,9:53 p.m.,H11B
myrateplan,AA-1221-MCO-ORD,8:00 p.m.,8:23 p.m.,15,9:45 p.m.,9:53 p.m.,H11B
orbitz,AA-1221-MCO-ORD,8:00 p.m.,8:23 p.m.,15,9:45 p.m.,9:53 p.m.,H11B
flytecomm,AA-1221-MCO-ORD,8:00 p.m.,8:23 p.m.,15,9:45 p.m.,9:53 p.m.,H11B
mytripandmore,AA-1221-MCO-ORD,8:00 p.m.,8:23 p.m.,15,9:45 p.m.,9:53 p.m.,H11B
ord,AA-1434-DFW-MCO,8:00 p.m.,8:23 p.m.,15,9:45 p.m.,9:53 p.m.,H11B
wunderground,AA-1221-MCO-ORD,8:00 p.m.,8:23 p.m.,15,9:45 p.m.,9:53 p.m.,H11B
flylouisville,AA-1221-MCO-ORD,8:00 p.m.,8:23 p.m.,15,9:45 p.m.,9:53 p.m.,H11B
quicktrip,AA-1221-MCO-ORD,8:00 p.m.,8:23 p.m.,15,9:45 p.m.,9:53 p.m.,H11B
allegiantair,AA-1279-DFW-PHX,8:00 p.m.,8:23 p.m.,15,9:45 p.m.,9:53 p.m.,H11B
businesstravellogue,CO-4888-IAH-DAL,8:00 p.m.,8:23 p.m.,15,9:45 p.m.,9:53 p.m.,H11B
gofox,AA-1221-MCO-ORD,8:00 p.m.,8:23 p.m.,15,9:45 p.m.,9:53 p.m.,H11B
flightaware,AA-1221-MCO-ORD,8:00 p.m.,8:23 p.m.,15,9:45 p.m.,9:53 p.m.,H11B
world-flight-tracker,AA-1221-MCO-ORD,8:00 p.m.,8:23 p.m.,15,9:45 p.m.,9:53 p.m.,H11B
aa,AA-1279-DFW-PHX,1:00 p.m.,2:04 p.m.,E5,2:35 p.m.,3:30 p.m.,15
helloflight,CO-50-CLE-EWR,1:00 p.m.,2:04 p.m.,E5,2:35 p.m.,3:30 p.m.,15
boston,AA-1221-MCO-ORD,1:00 p.m.,2:04 p.m.,E5,2:35 p.m.,3:30 p.m.,15
weather,AA-1279-DFW-PHX,1:00 p.m.,2:04 p.m.,E5,2:35 p.m.,3:30 p.m.,15
airtravelcenter,AA-1279-DFW-PHX,1:00 p.m.,2:04 p.m.,E5,2:35 p.m.,3:30 p.m.,15
flightview,AA-1279-DFW-PHX,1:00 p.m.,2:04 p.m.,E5,2:35 p.m.,3:30 p.m.,15
flightstats,AA-1640-MIA-MCO,1:00 p.m.,2:04 p.m.,E5,2:35 p.m.,3:30 p.m.,15
panynj,UA-2708-EWR-CLT,1:00 p.m.,2:04 p.m.,E5,2:35 p.m.,3:30 p.m.,15
flightexplorer,AA-1279-DFW-PHX,1:00 p.m.,2:04 p.m.,E5,2:35 p.m.,3:30 p.m.,15
dfw,AA-1279-DFW-PHX,1:00 p.m.,2:04 p.m.,E5,2:35 p.m.,3:30 p.m.,15
flights,AA-1279-DFW-PHX,1:00 p.m.,2:04 p.m.,E5,2:35 p.m.,3:30 p.m.,15
flightarrival,CO-1586-IAH-MCO,1:00 p.m.,2:04 p.m.,E5,2:35 p.m.,3:30 p.m.,15
travelocity,AA-1279-DFW-PHX,1:00 p.m.,2:04 p.m.,E5,2:35 p.m.,3:30 p.m.,15
foxbusiness,AA-1279-DFW-PHX,1:00 p.m.,2:04 p.m.,E5,2:35 p.m.,3:30 p.m.,15
myrateplan,AA-1279-DFW-PHX,1:00 p.m.,2:04 p.m.,E5,2:35 p.m.,3:30 p.m.,15
orbitz,AA-1279-DFW-PHX,1:00 p.m.,2:04 p.m.,E5,2:35 p.m.,3:30 p.m.,15
flytecomm,AA-1279-DFW-PHX,1:00 p.m.,2:04 p.m.,E5,2:35 p.m.,3:30 p.m.,15
wunderground,AA-1279-DFW-PHX,1:00 p.m.,2:04 p.m.,E5,2:35 p.m.,3:30 p.m.,15
flylouisville,AA-222-LAX-BOS,1:00 p.m.,2:04 p.m.,E5,2:35 p.m.,3:30 p.m.,15
quicktrip,UA-233-LAX-JFK,1:00 p.m.,2:04 p.m.,E5,2:35 p.m.,3:30 p.m.,15
allegiantair,CO-47-IAH-LAX,1:00 p.m.,2:04 p.m.,E5,2:35 p.m.,3:30 p.m.,15
businesstravellogue,AA-1279-DFW-PHX,1:00 p.m.,2:04 p.m.,E5,2:35 p.m.,3:30 p.m.,15
gofox,AA-1279-DFW-PHX,1:00 p.m.,2:04 p.m.,E5,2:35 p.m.,3:30 p.m.,15
flightaware,AA-1279-DFW-PHX,1:00 p.m.,2:04 p.m.,E5,2:35 p.m.,3:30 p.m.,15
world-flight-tracker,AA-1279-DFW-PHX,1:00 p.m.,2:04 p.m.,E5,2:35 p.m.,3:30 p.m.,15
aa,AA-1434-DFW-MCO,7:15 a.m.,7:21 a.m.,A27,10:35 a.m.,10:36 a.m.,D1
helloflight,AA-1434-DFW-MCO,7:15 a.m.,7:21 a.m.,A27,10:35 a.m.,10:36 a.m.,D1
boston,AA-404-MIA-MCO,7:15 a.m.,7:21 a.m.,A27,10:35 a.m.,10:36 a.m.,D1
weather,AA-1434-DFW-MCO,7:15 a.m.,7:21 a.m.,A27,10:35 a.m.,10:36 a.m.,D1
airtravelcenter,AA-1434-DFW-MCO,7:15 a.m.,7:21 a.m.,A27,10:35 a.m.,10:36 a.m.,D1
flightview,AA-1221-MCO-ORD,7:15 a.m.,7:21 a.m.,A27,10:35 a.m.,10:36 a.m.,D1
flightstats,AA-616-DFW-DTW,7:15 a.m.,7:21 a.m.,A27,10:35 a.m.,10:36 a.m.,D1
panynj,CO-47-IAH-LAX,7:15 a.m.,7:21 a.m.,A27,10:35 a.m.,10:36 a.m.,D1
flightexplorer,AA-3786-IAH-ORD,7:15 a.m.,7:21 a.m.,A27,10:35 a.m.,10:36 a.m.,D1
mco,AA-1434-DFW-MCO,7:15 a.m.,7:21 a.m.,A27,10:35 a.m.,10:36 a.m.,D1
flights,AA-1434-DFW-MCO,7:15 a.m.,7:21 a.m.,A27,10:35 a.m.,10:36 a.m.,D1
flightwise,UA-2708-EWR-CLT,7:15 a.m.,7:21 a.m.,A27,10:35 a.m.,10:36 a.m.,D1
travelocity,AA-1434-DFW-MCO,7:15 a.m.,7:21 a.m.,A27,10:35 a.m.,10:36 a.m.,D1
foxbusiness,AA-1434-DFW-MCO,7:15 a.m.,7:21 a.m.,A27,10:35 a.m.,10:36 a.m.,D1
myrateplan,AA-1434-DFW-MCO,7:15 a.m.,7:21 a.m.,A27,10:35 a.m.,10:36 a.m.,D1
orbitz,AA-1434-DFW-MCO,7:15 a.m.,7:21 a.m.,A27,10:35 a.m.,10:36 a.m.,D1
ifly,AA-1434-DFW-MCO,7:15 a.m.,7:21 a.m.,A27,10:35 a.m.,10:36 a.m.,D1
flytecomm,AA-643-MIA-ORD,7:15 a.m.,7:21 a.m.,A27,10:35 a.m.,10:36 a.m.,D1
wunderground,UA-843-LAX-ORD,7:15 a.m.,7:21 a.m.,A27,10:35 a.m.,10:36 a.m.,D1
flylouisville,AA-1434-DFW-MCO,7:15 a.m.,7:21 a.m.,A27,10:35 a.m.,10:36 a.m.,D1
quicktrip,AA-1434-DFW-MCO,7:15 a.m.,7:21 a.m.,A27,10:35 a.m.,10:36 a.m.,D1
allegiantair,AA-1434-DFW-MCO,7:15 a.m.,7:21 a.m.,A27,10:35 a.m.,10:36 a.m.,D1
businesstravellogue,AA-1434-DFW-MCO,7:15 a.m.,7:21 a.m.,A27,10:35 a.m.,10:36 a.m.,D1
gofox,CO-16-LAX-EWR,7:15 a.m.,7:21 a.m.,A27,10:35 a.m.,10:36 a.m.,D1
flightaware,AA-204-LAX-MCO,7:15 a.m.,7:21 a.m.,A27,10:35 a.m.,10:36 a.m.,D1
world-flight-tracker,UA-414-LAX-SFO,7:15 a.m.,7:21 a.m.,A27,10:35 a.m.,10:36 a.m.,D1
aa,AA-1522-SFO-ORD,11:55 p.m.,11:55 p.m.,B13,5:50 a.m.,5:50 a.m.,58
helloflight,CO-52-IAH-LAX,11:55 p.m.,11:55 p.m.,B13,5:50 a.m.,5:50 a.m.,58
boston,CO-1193-EWR-MCO,11:55 p.m.,11:55 p.m.,B13,5:50 a.m.,5:50 a.m.,58
weather,AA-1522-SFO-ORD,11:55 p.m.,11:55 p.m.,B13,5:50 a.m.,5:50 a.m.,58
airtravelcenter,AA-1522-SFO-ORD,11:55 p.m.,11:55 p.m.,B13,5:50 a.m.,5:50 a.m.,58
flightview,AA-1522-SFO-ORD,11:55 p.m.,11:55 p.m.,B13,5:50 a.m.,5:50 a.m.,58
flightstats,AA-1733-ORD-PHX,11:55 p.m.,11:55 p.m.,B13,5:50 a.m.,5:50 a.m.,58
panynj,AA-1522-SFO-ORD,11:55 p.m.,11:55 p.m.,B13,5:50 a.m.,5:50 a.m.,58
flightexplorer,UA-2726-FLL-PHL,11:55 p.m.,11:55 p.m.,B13,5:50 a.m.,5:50 a.m.,58
flights,AA-1522-SFO-ORD,11:55 p.m.,11:55 p.m.,B13,5:50 a.m.,5:50 a.m.,58
travelocity,CO-1023-IAH-DEN,11:55 p.m.,11:55 p.m.,B13,5:50 a.m.,5:50 a.m.,58
foxbusiness,AA-1522-SFO-ORD,11:55 p.m.,11:55 p.m.,B13,5:50 a.m.,5:50 a.m.,58
usatoday,CO-1614-LAX-IAH,11:55 p.m.,11:55 p.m.,B13,5:50 a.m.,5:50 a.m.,58
myrateplan,AA-1522-SFO-ORD,11:55 p.m.,11:55 p.m.,B13,5:50 a.m.,5:50 a.m.,58
orbitz,AA-1522-SFO-ORD,11:55 p.m.,11:55 p.m.,B13,5:50 a.m.,5:50 a.m.,58
flytecomm,AA-1522-SFO-ORD,11:55 p.m.,11:55 p.m.,B13,5:50 a.m.,5:50 a.m.,58
ord,AA-1522-SFO-ORD,11:55 p.m.,11:55 p.m.,B13,5:50 a.m.,5:50 a.m.,58
flylouisville,AA-1522-SFO-ORD,11:55 p.m.,11:55 p.m.,B13,5:50 a.m.,5:50 a.m.,58
quicktrip,AA-1522-SFO-ORD,11:55 p.m.,11:55 p.m.,B13,5:50 a.m.,5:50 a.m.,58
allegiantair,AA-1522-SFO-ORD,11:55 p.m.,11:55 p.m.,B13,5:50 a.m.,5:50 a.m.,58
businesstravellogue,AA-1522-SFO-ORD,11:55 p.m.,11:55 p.m.,B13,5:50 a.m.,5:50 a.m.,58
gofox,CO-89-IAH-EWR,11:55 p.m.,11:55 p.m.,B13,5:50 a.m.,5:50 a.m.,58
world-flight-tracker,AA-1522-SFO-ORD,11:55 p.m.,11:55 p.m.,B13,5:50 a.m.,5:50 a.m.,58
aa,AA-1544-SAN-ORD,11:25 a.m.,11:40 a.m.,C126,5:25 p.m.,4:56 p.m.,39
helloflight,AA-1544-SAN-ORD,11:25 a.m.,11:40 a.m.,C126,5:25 p.m.,4:56 p.m.,39
boston,AA-1544-SAN-ORD,11:25 a.m.,11:40 a.m.,C126,5:25 p.m.,4:56 p.m.,39
weather,AA-1544-SAN-ORD,11:25 a.m.,11:40 a.m.,C126,5:25 p.m.,4:56 p.m.,39
airtravelcenter,AA-1544-SAN-ORD,11:25 a.m.,11:40 a.m.,C126,5:25 p.m.,4:56 p.m.,39
flightview,AA-1544-SAN-ORD,11:25 a.m.,11:40 a.m.,C126,5:25 p.m.,4:56 p.m.,39
panynj,AA-1544-SAN-ORD,11:25 a.m.,11:40 a.m.,C126,5:25 p.m.,4:56 p.m.,39
flightexplorer,AA-404-MIA-MCO,11:25 a.m.,11:40 a.m.,C126,5:25 p.m.,4:56 p.m.,39
flights,CO-1614-LAX-IAH,11:25 a.m.,11:40 a.m.,C126,5:25 p.m.,4:56 p.m.,39
flightarrival,AA-1544-SAN-ORD,11:25 a.m.,11:40 a.m.,C126,5:25 p.m.,4:56 p.m.,39
travelocity,AA-1544-SAN-ORD,11:25 a.m.,11:40 a.m.,C126,5:25 p.m.,4:56 p.m.,39
foxbusiness,AA-3842-MSP-ORD,11:25 a.m.,11:40 a.m.,C126,5:25 p.m.,4:56 p.m.,39
usatoday,AA-484-DFW-MIA,11:25 a.m.,11:40 a.m.,C126,5:25 p.m.,4:56 p.m.,39
myrateplan,AA-2525-DFW-MIA,11:25 a.m.,11:40 a.m.,C126,5:25 p.m.,4:56 p.m.,39
orbitz,AA-1544-SAN-ORD,11:25 a.m.,11:40 a.m.,C126,5:25 p.m.,4:56 p.m.,39
flytecomm,AA-1544-SAN-ORD,11:25 a.m.,11:40 a.m.,C126,5:25 p.m.,4:56 p.m.,39
mytripandmore,AA-1544-SAN-ORD,11:25 a.m.,11:40 a.m.,C126,5:25 p.m.,4:56 p.m.,39
ord,CO-1088-CLE-IAH,11:25 a.m.,11:40 a.m.,C126,5:25 p.m.,4:56 p.m.,39
flylouisville,AA-1544-SAN-ORD,11:25 a.m.,11:40 a.m.,C126,5:25 p.m.,4:56 p.m.,39
allegiantair,AA-1544-SAN-ORD,11:25 a.m.,11:40 a.m.,C126,5:25 p.m.,4:56 p.m.,39
businesstravellogue,UA-1500-IAH-GUA,11:25 a.m.,11:40 a.m.,C126,5:25 p.m.,4:56 p.m.,39
gofox,AA-1544-SAN-ORD,11:25 a.m.,11:40 a.m.,C126,5:25 p.m.,4:56 p.m.,39
aa,UA-3515-IAD-MSP,6:30 p.m.,6:30 p.m.,G19A,7:25 p.m.,7:25 p.m.,D28
helloflight,AA-1640-MIA-MCO,6:30 p.m.,6:30 p.m.,G19A,7:25 p.m.,7:25 p.m.,D28
boston,CO-50-CLE-EWR,6:30 p.m.,6:30 p.m.,G19A,7:25 p.m.,7:25 p.m.,D28
weather,AA-1640-MIA-MCO,6:30 p.m.,6:30 p.m.,G19A,7:25 p.m.,7:25 p.m.,D28
airtravelcenter,AA-204-LAX-MCO,6:30 p.m.,6:30 p.m.,G19A,7:25 p.m.,7:25 p.m.,D28
flightview,CO-1694-LAX-IAH,6:30 p.m.,6:30 p.m.,G19A,7:25 p.m.,7:25 p.m.,D28
flightstats,AA-1640-MIA-MCO,6:30 p.m.,6:30 p.m.,G19A,7:25 p.m.,7:25 p.m.,D28
panynj,AA-1640-MIA-MCO,6:30 p.m.,6:30 p.m.,G19A,7:25 p.m.,7:25 p.m.,D28
flightexplorer,AA-2268-PHX-ORD,6:30 p.m.,6:30 p.m.,G19A,7:25 p.m.,7:25 p.m.,D28
mco,AA-1640-MIA-MCO,6:30 p.m.,6:30 p.m.,G19A,7:25 p.m.,7:25 p.m.,D28
flights,AA-1640-MIA-MCO,6:30 p.m.,6:30 p.m.,G19A,7:25 p.m.,7:25 p.m.,D28
flightarrival,AA-1640-MIA-MCO,6:30 p.m.,6:30 p.m.,G19A,7:25 p.m.,7:25 p.m.,D28
flightwise,CO-47-IAH-LAX,6:30 p.m.,6:30 p.m.,G19A,7:25 p.m.,7:25 p.m.,D28
travelocity,CO-62-IAH-EWR,6:30 p.m.,6:30 p.m.,G19A,7:25 p.m.,7:25 p.m.,D28
foxbusiness,AA-4198-ORD-CLE,6:30 p.m.,6:30 p.m.,G19A,7:25 p.m.,7:25 p.m.,D28
usatoday,AA-1640-MIA-MCO,6:30 p.m.,6:30 p.m.,G19A,7:25 p.m.,7:25 p.m.,D28
myrateplan,CO-1694-LAX-IAH,6:30 p.m.,6:30 p.m.,G19A,7:25 p.m.,7:25 p.m.,D28
orbitz,AA-1640-MIA-MCO,6:30 p.m.,6:30 p.m.,G19A,7:25 p.m.,7:25 p.m.,D28
flytecomm,AA-1640-MIA-MCO,6:30 p.m.,6:30 p.m.,G19A,7:25 p.m.,7:25 p.m.,D28
mytripandmore,AA-484-DFW-MIA,6:30 p.m.,6:30 p.m.,G19A,7:25 p.m.,7:25 p.m.,D28
wunderground,UA-2906-PHL-MCO,6:30 p.m.,6:30 p.m.,G19A,7:25 p.m.,7:25 p.m.,D28
flylouisville,AA-204-LAX-MCO,6:30 p.m.,6:30 p.m.,G19A,7:25 p.m.,7:25 p.m.,D28
quicktrip,AA-1640-MIA-MCO,6:30 p.m.,6:30 p.m.,G19A,7:25 p.m.,7:25 p.m.,D28
allegiantair,AA-1640-MIA-MCO,6:30 p.m.,6:30 p.m.,G19A,7:25 p.m.,7:25 p.m.,D28
businesstravellogue,AA-1640-MIA-MCO,6:30 p.m.,6:30 p.m.,G19A,7:25 p.m.,7:25 p.m.,D28
gofox,AA-1640-MIA-MCO,6:30 p.m.,6:30 p.m.,G19A,7:25 p.m.,7:25 p.m.,D28
flightaware,CO-1193-EWR-MCO,6:30 p.m.,6:30 p.m.,G19A,7:25 p.m.,7:25 p.m.,D28
world-flight-tracker,AA-1640-MIA-MCO,6:30 p.m.,6:30 p.m.,G19A,7:25 p.m.,7:25 p.m.,D28
aa,UA-397-JFK-SFO,10:15 a.m.,10:18 a.m.,G1A,12:10 p.m.,11:56 a.m.,D28
helloflight,AA-1664-MIA-ATL,10:15 a.m.,10:18 a.m.,G1A,12:10 p.m.,11:56 a.m.,D28
boston,AA-1664-MIA-ATL,10:15 a.m.,10:18 a.m.,G1A,12:10 p.m.,11:56 a.m.,D28
weather,AA-3809-PHX-LAX,10:15 a.m.,10:18 a.m.,G1A,12:10 p.m.,11:56 a.m.,D28
airtravelcenter,AA-1664-MIA-ATL,10:15 a.m.,10:18 a.m.,G1A,12:10 p.m.,11:56 a.m.,D28
flightview,UA-37-EWR-MCO,10:15 a.m.,10:18 a.m.,G1A,12:10 p.m.,11:56 a.m.,D28
flightstats,AA-1664-MIA-ATL,10:15 a.m.,10:18 a.m.,G1A,12:10 p.m.,11:56 a.m.,D28
panynj,AA-1664-MIA-ATL,10:15 a.m.,10:18 a.m.,G1A,12:10 p.m.,11:56 a.m.,D28
flightexplorer,UA-3099-PHX-PHL,10:15 a.m.,10:18 a.m.,G1A,12:10 p.m.,11:56 a.m.,D28
flights,AA-1664-MIA-ATL,10:15 a.m.,10:18 a.m.,G1A,12:10 p.m.,11:56 a.m.,D28
flightarrival,AA-1664-MIA-ATL,10:15 a.m.,10:18 a.m.,G1A,12:10 p.m.,11:56 a.m.,D28
travelocity,AA-1664-MIA-ATL,10:15 a.m.,10:18 a.m.,G1A,12:10 p.m.,11:56 a.m.,D28
foxbusiness,AA-1664-MIA-ATL,10:15 a.m.,10:18 a.m.,G1A,12:10 p.m.,11:56 a.m.,D28
usatoday,AA-1664-MIA-ATL,10:15 a.m.,10:18 a.m.,G1A,12:10 p.m.,11:56 a.m.,D28
myrateplan,AA-1664-MIA-ATL,10:15 a.m.,10:18 a.m.,G1A,12:10 p.m.,11:56 a.m.,D28
orbitz,AA-1664-MIA-ATL,10:15 a.m.,10:18 a.m.,G1A,12:10 p.m.,11:56 a.m.,D28
flytecomm,AA-446-DFW-PHL,10:15 a.m.,10:18 a.m.,G1A,12:10 p.m.,11:56 a.m.,D28
mytripandmore,AA-1664-MIA-ATL,10:15 a.m.,10:18 a.m.,G1A,12:10 p.m.,11:56 a.m.,D28
wunderground,AA-1664-MIA-ATL,10:15 a.m.,10:18 a.m.,G1A,12:10 p.m.,11:56 a.m.,D28
flylouisville,AA-1664-MIA-ATL,10:15 a.m.,10:18 a.m.,G1A,12:10 p.m.,11:56 a.m.,D28
quicktrip,AA-1664-MIA-ATL,10:15 a.m.,10:18 a.m.,G1A,12:10 p.m.,11:56 a.m.,D28
allegiantair,AA-85-JFK-SFO,10:15 a.m.,10:18 a.m.,G1A,12:10 p.m.,11:56 a.m.,D28
businesstravellogue,AA-1664-MIA-ATL,10:15 a.m.,10:18 a.m.,G1A,12:10 p.m.,11:56 a.m.,D28
gofox,AA-2268-PHX-ORD,10:15 a.m.,10:18 a.m.,G1A,12:10 p.m.,11:56 a.m.,D28
flightaware,AA-2957-DFW-CVG,10:15 a.m.,10:18 a.m.,G1A,12:10 p.m.,11:56 a.m.,D28
world-flight-tracker,AA-1664-MIA-ATL,10:15 a.m.,10:18 a.m.,G1A,12:10 p.m.,11:56 a.m.,D28
aa,CO-1586-IAH-MCO,7:45 p.m.,7:58 p.m.,D51,10:30 p.m.,10:30 p.m.,49A
helloflight,AA-1733-ORD-PHX,7:45 p.m.,7:58 p.m.,D51,10:30 p.m.,10:30 p.m.,49A
boston,AA-1733-ORD-PHX,7:45 p.m.,7:58 p.m.,D51,10:30 p.m.,10:30 p.m.,49A
weather,AA-1917-JFK-MCO,7:45 p.m.,7:58 p.m.,D51,10:30 p.m.,10:30 p.m.,49A
airtravelcenter,AA-1733-ORD-PHX,7:45 p.m.,7:58 p.m.,D51,10:30 p.m.,10:30 p.m.,49A
flightview,AA-1733-ORD-PHX,7:45 p.m.,7:58 p.m.,D51,10:30 p.m.,10:30 p.m.,49A
flightstats,AA-1733-ORD-PHX,7:45 p.m.,7:58 p.m.,D51,10:30 p.m.,10:30 p.m.,49A
panynj,UA-5487-SFO-MRY,7:45 p.m.,7:58 p.m.,D51,10:30 p.m.,10:30 p.m.,49A
flightexplorer,AA-1733-ORD-PHX,7:45 p.m.,7:58 p.m.,D51,10:30 p.m.,10:30 p.m.,49A
flights,CO-47-IAH-LAX,7:45 p.m.,7:58 p.m.,D51,10:30 p.m.,10:30 p.m.,49A
travelocity,AA-3-JFK-LAX,7:45 p.m.,7:58 p.m.,D51,10:30 p.m.,10:30 p.m.,49A
foxbusiness,CO-62-IAH-EWR,7:45 p.m.,7:58 p.m.,D51,10:30 p.m.,10:30 p.m.,49A
usatoday,AA-1733-ORD-PHX,7:45 p.m.,7:58 p.m.,D51,10:30 p.m.,10:30 p.m.,49A
myrateplan,AA-1733-ORD-PHX,7:45 p.m.,7:58 p.m.,D51,10:30 p.m.,10:30 p.m.,49A
orbitz,AA-1733-ORD-PHX,7:45 p.m.,7:58 p.m.,D51,10:30 p.m.,10:30 p.m.,49A
ifly,CO-1614-LAX-IAH,7:45 p.m.,7:58 p.m.,D51,10:30 p.m.,10:30 p.m.,49A
flytecomm,AA-3979-CVG-ORD,7:45 p.m.,7:58 p.m.,D51,10:30 p.m.,10:30 p.m.,49A
mytripandmore,UA-843-LAX-ORD,7:45 p.m.,7:58 p.m.,D51,10:30 p.m.,10:30 p.m.,49A
ord,AA-1733-ORD-PHX,7:45 p.m.,7:58 p.m.,D51,10:30 p.m.,10:30 p.m.,49A
wunderground,CO-1586-IAH-MCO,7:45 p.m.,7:58 p.m.,D51,10:30 p.m.,10:30 p.m.,49A
flylouisville,AA-1733-ORD-PHX,7:45 p.m.,7:58 p.m.,D51,10:30 p.m.,10:30 p.m.,49A
quicktrip,AA-1733-ORD-PHX,7:45 p.m.,7:58 p.m.,D51,10:30 p.m.,10:30 p.m.,49A
allegiantair,AA-1733-ORD-PHX,7:45 p.m.,7:58 p.m.,D51,10:30 p.m.,10:30 p.m.,49A
businesstravellogue,UA-37-EDI-EWR,7:45 p.m.,7:58 p.m.,D51,10:30 p.m.,10:30 p.m.,49A
gofox,UA-3050-PHX-CLT,7:45 p.m.,7:58 p.m.,D51,10:30 p.m.,10:30 p.m.,49A
flightaware,AA-1733-ORD-PHX,7:45 p.m.,7:58 p.m.,D51,10:30 p.m.,10:30 p.m.,49A
world-flight-tracker,AA-1733-ORD-PHX,7:45 p.m.,7:58 p.m.,D51,10:30 p.m.,10:30 p.m.,49A
aa,AA-1886-BOS-MIA,10:45 a.m.,10:55 a.m.,C-39,2:20 p.m.,1:40 p.m.,C83
helloflight,AA-1886-BOS-MIA,10:45 a.m.,10:55 a.m.,C-39,2:20 p.m.,1:40 p.m.,C83
boston,AA-1886-BOS-MIA,10:45 a.m.,10:55 a.m.,C-39,2:20 p.m.,1:40 p.m.,C83
weather,AA-1886-BOS-MIA,10:45 a.m.,10:55 a.m.,C-39,2:20 p.m.,1:40 p.m.,C83
airtravelcenter,AA-1886-BOS-MIA,10:45 a.m.,10:55 a.m.,C-39,2:20 p.m.,1:40 p.m.,C83
flightview,CO-52-IAH-LAX,10:45 a.m.,10:55 a.m.,C-39,2:20 p.m.,1:40 p.m.,C83
panynj,AA-1886-BOS-MIA,10:45 a.m.,10:55 a.m.,C-39,2:20 p.m.,1:40 p.m.,C83
flightexplorer,AA-1886-BOS-MIA,10:45 a.m.,10:55 a.m.,C-39,2:20 p.m.,1:40 p.m.,C83
flights,AA-3063-SLC-LAX,10:45 a.m.,10:55 a.m.,C-39,2:20 p.m.,1:40 p.m.,C83
travelocity,AA-1886-BOS-MIA,10:45 a.m.,10:55 a.m.,C-39,2:20 p.m.,1:40 p.m.,C83
foxbusiness,AA-1886-BOS-MIA,10:45 a.m.,10:55 a.m.,C-39,2:20 p.m.,1:40 p.m.,C83
usatoday,AA-1886-BOS-MIA,10:45 a.m.,10:55 a.m.,C-39,2:20 p.m.,1:40 p.m.,C83
myrateplan,AA-1886-BOS-MIA,10:45 a.m.,10:55 a.m.,C-39,2:20 p.m.,1:40 p.m.,C83
orbitz,AA-3-JFK-LAX,10:45 a.m.,10:55 a.m.,C-39,2:20 p.m.,1:40 p.m.,C83
flytecomm,AA-1886-BOS-MIA,10:45 a.m.,10:55 a.m.,C-39,2:20 p.m.,1:40 p.m.,C83
flylouisville,AA-4344-ORD-DTW,10:45 a.m.,10:55 a.m.,C-39,2:20 p.m.,1:40 p.m.,C83
allegiantair,AA-1886-BOS-MIA,10:45 a.m.,10:55 a.m.,C-39,2:20 p.m.,1:40 p.m.,C83
businesstravellogue,UA-3925-IAD-ORF,10:45 a.m.,10:55 a.m.,C-39,2:20 p.m.,1:40 p.m.,C83
gofox,AA-484-DFW-MIA,10:45 a.m.,10:55 a.m.,C-39,2:20 p.m.,1:40 p.m.,C83
aa,AA-1917-JFK-MCO,2:55 p.m.,3:27 p.m.,A5D,5:55 p.m.,5:43 p.m.,D7
helloflight,AA-1917-JFK-MCO,2:55 p.m.,3:27 p.m.,A5D,5:55 p.m.,5:43 p.m.,D7
boston,AA-1917-JFK-MCO,2:55 p.m.,3:27 p.m.,A5D,5:55 p.m.,5:43 p.m.,D7
weather,AA-222-LAX-BOS,2:55 p.m.,3:27 p.m.,A5D,5:55 p.m.,5:43 p.m.,D7
airtravelcenter,AA-1917-JFK-MCO,2:55 p.m.,3:27 p.m.,A5D,5:55 p.m.,5:43 p.m.,D7
flightview,AA-1917-JFK-MCO,2:55 p.m.,3:27 p.m.,A5D,5:55 p.m.,5:43 p.m.,D7
flightstats,AA-1917-JFK-MCO,2:55 p.m.,3:27 p.m.,A5D,5:55 p.m.,5:43 p.m.,D7
panynj,AA-1917-JFK-MCO,2:55 p.m.,3:27 p.m.,A5D,5:55 p.m.,5:43 p.m.,D7
mco,AA-1917-JFK-MCO,2:55 p.m.,3:27 p.m.,A5D,5:55 p.m.,5:43 p.m.,D7
flights,AA-222-LAX-BOS,2:55 p.m.,3:27 p.m.,A5D,5:55 p.m.,5:43 p.m.,D7
travelocity,AA-1917-JFK-MCO,2:55 p.m.,3:27 p.m.,A5D,5:55 p.m.,5:43 p.m.,D7
foxbusiness,CO-1561-PHX-IAH,2:55 p.m.,3:27 p.m.,A5D,5:55 p.m.,5:43 p.m.,D7
myrateplan,UA-37-EDI-EWR,2:55 p.m.,3:27 p.m.,A5D,5:55 p.m.,5:43 p.m.,D7
orbitz,AA-1917-JFK-MCO,2:55 p.m.,3:27 p.m.,A5D,5:55 p.m.,5:43 p.m.,D7
ifly,AA-1434-DFW-MCO,2:55 p.m.,3:27 p.m.,A5D,5:55 p.m.,5:43 p.m.,D7
flytecomm,AA-1917-JFK-MCO,2:55 p.m.,3:27 p.m.,A5D,5:55 p.m.,5:43 p.m.,D7
mytripandmore,UA-3050-PHX-CLT,2:55 p.m.,3:27 p.m.,A5D,5:55 p.m.,5:43 p.m.,D7
wunderground,AA-1917-JFK-MCO,2:55 p.m.,3:27 p.m.,A5D,5:55 p.m.,5:43 p.m.,D7
flylouisville,CO-1561-PHX-IAH,2:55 p.m.,3:27 p.m.,A5D,5:55 p.m.,5:43 p.m.,D7
quicktrip,AA-1917-JFK-MCO,2:55 p.m.,3:27 p.m.,A5D,5:55 p.m.,5:43 p.m.,D7
allegiantair,AA-271-MIA-LAX,2:55 p.m.,3:27 p.m.,A5D,5:55 p.m.,5:43 p.m.,D7
businesstravellogue,AA-4198-ORD-CLE,2:55 p.m.,3:27 p.m.,A5D,5:55 p.m.,5:43 p.m.,D7
gofox,AA-4330-CVG-ORD,2:55 p.m.,3:27 p.m.,A5D,5:55 p.m.,5:43 p.m.,D7
flightaware,AA-1917-JFK-MCO,2:55 p.m.,3:27 p.m.,A5D,5:55 p.m.,5:43 p.m.,D7
world-flight-tracker,AA-1917-JFK-MCO,2:55 p.m.,3:27 p.m.,A5D,5:55 p.m.,5:43 p.m.,D7
aa,AA-204-LAX-MCO,11:25 p.m.,11:25 p.m.,C73,6:55 a.m.,6:55 a.m.,39
helloflight,UA-3050-PHX-CLT,11:25 p.m.,11:25 p.m.,C73,6:55 a.m.,6:55 a.m.,39
boston,UA-2515-DFW-CLT,11:25 p.m.,11:25 p.m.,C73,6:55 a.m.,6:55 a.m.,39
weather,AA-204-LAX-MCO,11:25 p.m.,11:25 p.m.,C73,6:55 a.m.,6:55 a.m.,39
airtravelcenter,AA-204-LAX-MCO,11:25 p.m.,11:25 p.m.,C73,6:55 a.m.,6:55 a.m.,39
flightview,AA-204-LAX-MCO,11:25 p.m.,11:25 p.m.,C73,6:55 a.m.,6:55 a.m.,39
flightstats,AA-204-LAX-MCO,11:25 p.m.,11:25 p.m.,C73,6:55 a.m.,6:55 a.m.,39
panynj,CO-50-CLE-EWR,11:25 p.m.,11:25 p.m.,C73,6:55 a.m.,6:55 a.m.,39
flightexplorer,AA-204-LAX-MCO,11:25 p.m.,11:25 p.m.,C73,6:55 a.m.,6:55 a.m.,39
mco,AA-204-LAX-MCO,11:25 p.m.,11:25 p.m.,C73,6:55 a.m.,6:55 a.m.,39
flights,CO-52-IAH-LAX,11:25 p.m.,11:25 p.m.,C73,6:55 a.m.,6:55 a.m.,39
travelocity,AA-204-LAX-MCO,11:25 p.m.,11:25 p.m.,C73,6:55 a.m.,6:55 a.m.,39
foxbusiness,AA-204-LAX-MCO,11:25 p.m.,11:25 p.m.,C73,6:55 a.m.,6:55 a.m.,39
myrateplan,AA-204-LAX-MCO,11:25 p.m.,11:25 p.m.,C73,6:55 a.m.,6:55 a.m.,39
orbitz,AA-204-LAX-MCO,11:25 p.m.,11:25 p.m.,C73,6:55 a.m.,6:55 a.m.,39
flytecomm,AA-204-LAX-MCO,11:25 p.m.,11:25 p.m.,C73,6:55 a.m.,6:55 a.m.,39
mytripandmore,AA-204-LAX-MCO,11:25 p.m.,11:25 p.m.,C73,6:55 a.m.,6:55 a.m.,39
wunderground,AA-204-LAX-MCO,11:25 p.m.,11:25 p.m.,C73,6:55 a.m.,6:55 a.m.,39
flylouisville,AA-204-LAX-MCO,11:25 p.m.,11:25 p.m.,C73,6:55 a.m.,6:55 a.m.,39
quicktrip,AA-204-LAX-MCO,11:25 p.m.,11:25 p.m.,C73,6:55 a.m.,6:55 a.m.,39
allegiantair,UA-1500-IAH-GUA,11:25 p.m.,11:25 p.m.,C73,6:55 a.m.,6:55 a.m.,39
businesstravellogue,AA-204-LAX-MCO,11:25 p.m.,11:25 p.m.,C73,6:55 a.m.,6:55 a.m.,39
gofox,CO-1090-BOS-IAH,11:25 p.m.,11:25 p.m.,C73,6:55 a.m.,6:55 a.m.,39
flightaware,AA-204-LAX-MCO,11:25 p.m.,11:25 p.m.,C73,6:55 a.m.,6:55 a.m.,39
world-flight-tracker,AA-518-MIA-JFK,11:25 p.m.,11:25 p.m.,C73,6:55 a.m.,6:55 a.m.,39
aa,AA-2050-ORD-MIA,10:40 a.m.,11:05 a.m.,G12,2:45 p.m.,2:46 p.m.,A1
helloflight,AA-2050-ORD-MIA,10:40 a.m.,11:05 a.m.,G12,2:45 p.m.,2:46 p.m.,A1
boston,AA-2050-ORD-MIA,10:40 a.m.,11:05 a.m.,G12,2:45 p.m.,2:46 p.m.,A1
weather,CO-1193-EWR-MCO,10:40 a.m.,11:05 a.m.,G12,2:45 p.m.,2:46 p.m.,A1
airtravelcenter,AA-2050-ORD-MIA,10:40 a.m.,11:05 a.m.,G12,2:45 p.m.,2:46 p.m.,A1
flightview,AA-2050-ORD-MIA,10:40 a.m.,11:05 a.m.,G12,2:45 p.m.,2:46 p.m.,A1
flightstats,CO-1023-IAH-DEN,10:40 a.m.,11:05 a.m.,G12,2:45 p.m.,2:46 p.m.,A1
panynj,AA-3-JFK-LAX,10:40 a.m.,11:05 a.m.,G12,2:45 p.m.,2:46 p.m.,A1
flightexplorer,AA-2050-ORD-MIA,10:40 a.m.,11:05 a.m.,G12,2:45 p.m.,2:46 p.m.,A1
mia,AA-2050-ORD-MIA,10:40 a.m.,11:05 a.m.,G12,2:45 p.m.,2:46 p.m.,A1
flights,AA-2050-ORD-MIA,10:40 a.m.,11:05 a.m.,G12,2:45 p.m.,2:46 p.m.,A1
flightarrival,AA-2050-ORD-MIA,10:40 a.m.,11:05 a.m.,G12,2:45 p.m.,2:46 p.m.,A1
travelocity,AA-2050-ORD-MIA,10:40 a.m.,11:05 a.m.,G12,2:45 p.m.,2:46 p.m.,A1
foxbusiness,CO-1250-MIA-IAH,10:40 a.m.,11:05 a.m.,G12,2:45 p.m.,2:46 p.m.,A1
usatoday,AA-2050-ORD-MIA,10:40 a.m.,11:05 a.m.,G12,2:45 p.m.,2:46 p.m.,A1
myrateplan,AA-415-BOS-ORD,10:40 a.m.,11:05 a.m.,G12,2:45 p.m.,2:46 p.m.,A1
orbitz,AA-2050-ORD-MIA,10:40 a.m.,11:05 a.m.,G12,2:45 p.m.,2:46 p.m.,A1
ifly,AA-2050-ORD-MIA,10:40 a.m.,11:05 a.m.,G12,2:45 p.m.,2:46 p.m.,A1
flytecomm,AA-1165-JFK-MIA,10:40 a.m.,11:05 a.m.,G12,2:45 p.m.,2:46 p.m.,A1
ord,AA-1640-MIA-MCO,10:40 a.m.,11:05 a.m.,G12,2:45 p.m.,2:46 p.m.,A1
wunderground,AA-2050-ORD-MIA,10:40 a.m.,11:05 a.m.,G12,2:45 p.m.,2:46 p.m.,A1
flylouisville,UA-843-LAX-ORD,10:40 a.m.,11:05 a.m.,G12,2:45 p.m.,2:46 p.m.,A1
quicktrip,AA-2050-ORD-MIA,10:40 a.m.,11:05 a.m.,G12,2:45 p.m.,2:46 p.m.,A1
allegiantair,CO-45-EWR-MIA,10:40 a.m.,11:05 a.m.,G12,2:45 p.m.,2:46 p.m.,A1
businesstravellogue,AA-3842-MSP-ORD,10:40 a.m.,11:05 a.m.,G12,2:45 p.m.,2:46 p.m.,A1
gofox,AA-2050-ORD-MIA,10:40 a.m.,11:05 a.m.,G12,2:45 p.m.,2:46 p.m.,A1
flightaware,AA-3823-LAX-DEN,10:40 a.m.,11:05 a.m.,G12,2:45 p.m.,2:46 p.m.,A1
world-flight-tracker,AA-2050-ORD-MIA,10:40 a.m.,11:05 a.m.,G12,2:45 p.m.,2:46 p.m.,A1
aa,AA-222-LAX-BOS,7:10 a.m.,7:31 a.m.,D23,3:30 p.m.,3:14 p.m.,D8
helloflight,AA-222-LAX-BOS,7:10 a.m.,7:31 a.m.,D23,3:30 p.m.,3:14 p.m.,D8
boston,AA-222-LAX-BOS,7:10 a.m.,7:31 a.m.,D23,3:30 p.m.,3:14 p.m.,D8
weather,AA-431-MIA-SFO,7:10 a.m.,7:31 a.m.,D23,3:30 p.m.,3:14 p.m.,D8
airtravelcenter,AA-1640-MIA-MCO,7:10 a.m.,7:31 a.m.,D23,3:30 p.m.,3:14 p.m.,D8
flightview,AA-222-LAX-BOS,7:10 a.m.,7:31 a.m.,D23,3:30 p.m.,3:14 p.m.,D8
flightstats,AA-4330-CVG-ORD,7:10 a.m.,7:31 a.m.,D23,3:30 p.m.,3:14 p.m.,D8
panynj,AA-415-BOS-ORD,7:10 a.m.,7:31 a.m.,D23,3:30 p.m.,3:14 p.m.,D8
flightexplorer,AA-222-LAX-BOS,7:10 a.m.,7:31 a.m.,D23,3:30 p.m.,3:14 p.m.,D8
flights,AA-222-LAX-BOS,7:10 a.m.,7:31 a.m.,D23,3:30 p.m.,3:14 p.m.,D8
flightarrival,AA-3804-PHL-ORD,7:10 a.m.,7:31 a.m.,D23,3:30 p.m.,3:14 p.m.,D8
travelocity,AA-222-LAX-BOS,7:10 a.m.,7:31 a.m.,D23,3:30 p.m.,3:14 p.m.,D8
foxbusiness,AA-222-LAX-BOS,7:10 a.m.,7:31 a.m.,D23,3:30 p.m.,3:14 p.m.,D8
myrateplan,AA-3842-MSP-ORD,7:10 a.m.,7:31 a.m.,D23,3:30 p.m.,3:14 p.m.,D8
orbitz,AA-1434-DFW-MCO,7:10 a.m.,7:31 a.m.,D23,3:30 p.m.,3:14 p.m.,D8
flytecomm,AA-222-LAX-BOS,7:10 a.m.,7:31 a.m.,D23,3:30 p.m.,3:14 p.m.,D8
wunderground,AA-222-LAX-BOS,7:10 a.m.,7:31 a.m.,D23,3:30 p.m.,3:14 p.m.,D8
flylouisville,AA-1886-BOS-MIA,7:10 a.m.,7:31 a.m.,D23,3:30 p.m.,3:14 p.m.,D8
quicktrip,AA-222-LAX-BOS,7:10 a.m.,7:31 a.m.,D23,3:30 p.m.,3:14 p.m.,D8
allegiantair,AA-222-LAX-BOS,7:10 a.m.,7:31 a.m.,D23,3:30 p.m.,3:14 p.m.,D8
businesstravellogue,CO-1090-BOS-IAH,7:10 a.m.,7:31 a.m.,D23,3:30 p.m.,3:14 p.m.,D8
gofox,AA-222-LAX-BOS,7:10 a.m.,7:31 a.m.,D23,3:30 p.m.,3:14 p.m.,D8
flightaware,AA-222-LAX-BOS,7:10 a.m.,7:31 a.m.,D23,3:30 p.m.,3:14 p.m.,D8
world-flight-tracker,AA-222-LAX-BOS,7:10 a.m.,7:31 a.m.,D23,3:30 p.m.,3:14 p.m.,D8
aa,UA-664-ORD-PHL,7:15 a.m.,7:22 a.m.,42B,11:35 a.m.,11:06 a.m.,B35
helloflight,UA-2906-PHL-MCO,7:15 a.m.,7:22 a.m.,42B,11:35 a.m.,11:06 a.m.,B35
boston,AA-59-JFK-SFO,7:15 a.m.,7:22 a.m.,42B,11:35 a.m.,11:06 a.m.,B35
weather,AA-2268-PHX-ORD,7:15 a.m.,7:22 a.m.,42B,11:35 a.m.,11:06 a.m.,B35
airtravelcenter,AA-2268-PHX-ORD,7:15 a.m.,7:22 a.m.,42B,11:35 a.m.,11:06 a.m.,B35
flightview,AA-431-MIA-SFO,7:15 a.m.,7:22 a.m.,42B,11:35 a.m.,11:06 a.m.,B35
flightstats,AA-1917-JFK-MCO,7:15 a.m.,7:22 a.m.,42B,11:35 a.m.,11:06 a.m.,B35
panynj,AA-3823-LAX-DEN,7:15 a.m.,7:22 a.m.,42B,11:35 a.m.,11:06 a.m.,B35
flightexplorer,AA-2268-PHX-ORD,7:15 a.m.,7:22 a.m.,42B,11:35 a.m.,11:06 a.m.,B35
flights,AA-2268-PHX-ORD,7:15 a.m.,7:22 a.m.,42B,11:35 a.m.,11:06 a.m.,B35
flightarrival,AA-2268-PHX-ORD,7:15 a.m.,7:22 a.m.,42B,11:35 a.m.,11:06 a.m.,B35
travelocity,AA-2268-PHX-ORD,7:15 a.m.,7:22 a.m.,42B,11:35 a.m.,11:06 a.m.,B35
foxbusiness,AA-1522-SFO-ORD,7:15 a.m.,7:22 a.m.,42B,11:35 a.m.,11:06 a.m.,B35
usatoday,UA-1500-IAH-GUA,7:15 a.m.,7:22 a.m.,42B,11:35 a.m.,11:06 a.m.,B35
myrateplan,AA-2268-PHX-ORD,7:15 a.m.,7:22 a.m.,42B,11:35 a.m.,11:06 a.m.,B35
orbitz,UA-2314-ATL-PHL,7:15 a.m.,7:22 a.m.,42B,11:35 a.m.,11:06 a.m.,B35
flytecomm,AA-2268-PHX-ORD,7:15 a.m.,7:22 a.m.,42B,11:35 a.m.,11:06 a.m.,B35
ord,AA-3804-PHL-ORD,7:15 a.m.,7:22 a.m.,42B,11:35 a.m.,11:06 a.m.,B35
wunderground,AA-2268-PHX-ORD,7:15 a.m.,7:22 a.m.,42B,11:35 a.m.,11:06 a.m.,B35
flylouisville,AA-789-ORD-DEN,7:15 a.m.,7:22 a.m.,42B,11:35 a.m.,11:06 a.m.,B35
quicktrip,AA-2268-PHX-ORD,7:15 a.m.,7:22 a.m.,42B,11:35 a.m.,11:06 a.m.,B35
allegiantair,AA-2268-PHX-ORD,7:15 a.m.,7:22 a.m.,42B,11:35 a.m.,11:06 a.m.,B35
businesstravellogue,AA-2268-PHX-ORD,7:15 a.m.,7:22 a.m.,42B,11:35 a.m.,11:06 a.m.,B35
gofox,AA-2268-PHX-ORD,7:15 a.m.,7:22 a.m.,42B,11:35 a.m.,11:06 a.m.,B35
flightaware,AA-2268-PHX-ORD,7:15 a.m.,7:22 a.m.,42B,11:35 a.m.,11:06 a.m.,B35
world-flight-tracker,AA-2268-PHX-ORD,7:15 a.m.,7:22 a.m.,42B,11:35 a.m.,11:06 a.m.,B35
aa,AA-2312-DFW-DTW,8:25 p.m.,8:25 p.m.,C4,11:50 p.m.,11:50 p.m.,44
helloflight,CO-58-DEN-IAH,8:25 p.m.,8:25 p.m.,C4,11:50 p.m.,11:50 p.m.,44
boston,AA-2312-DFW-DTW,8:25 p.m.,8:25 p.m.,C4,11:50 p.m.,11:50 p.m.,44
weather,AA-2312-DFW-DTW,8:25 p.m.,8:25 p.m.,C4,11:50 p.m.,11:50 p.m.,44
airtravelcenter,AA-1007-MIA-PHX,8:25 p.m.,8:25 p.m.,C4,11:50 p.m.,11:50 p.m.,44
flightview,AA-2312-DFW-DTW,8:25 p.m.,8:25 p.m.,C4,11:50 p.m.,11:50 p.m.,44
flightstats,AA-518-MIA-JFK,8:25 p.m.,8:25 p.m.,C4,11:50 p.m.,11:50 p.m.,44
panynj,AA-2312-DFW-DTW,8:25 p.m.,8:25 p.m.,C4,11:50 p.m.,11:50 p.m.,44
flightexplorer,AA-2312-DFW-DTW,8:25 p.m.,8:25 p.m.,C4,11:50 p.m.,11:50 p.m.,44
dfw,UA-1500-IAH-GUA,8:25 p.m.,8:25 p.m.,C4,11:50 p.m.,11:50 p.m.,44
flights,UA-2704-DTW-PHX,8:25 p.m.,8:25 p.m.,C4,11:50 p.m.,11:50 p.m.,44
flightarrival,AA-2312-DFW-DTW,8:25 p.m.,8:25 p.m.,C4,11:50 p.m.,11:50 p.m.,44
flightwise,AA-2312-DFW-DTW,8:25 p.m.,8:25 p.m.,C4,11:50 p.m.,11:50 p.m.,44
travelocity,AA-2312-DFW-DTW,8:25 p.m.,8:25 p.m.,C4,11:50 p.m.,11:50 p.m.,44
foxbusiness,AA-2312-DFW-DTW,8:25 p.m.,8:25 p.m.,C4,11:50 p.m.,11:50 p.m.,44
myrateplan,AA-2312-DFW-DTW,8:25 p.m.,8:25 p.m.,C4,11:50 p.m.,11:50 p.m.,44
orbitz,AA-2312-DFW-DTW,8:25 p.m.,8:25 p.m.,C4,11:50 p.m.,11:50 p.m.,44
flytecomm,UA-854-SFO-IAH,8:25 p.m.,8:25 p.m.,C4,11:50 p.m.,11:50 p.m.,44
mytripandmore,UA-37-EDI-EWR,8:25 p.m.,8:25 p.m.,C4,11:50 p.m.,11:50 p.m.,44
wunderground,CO-1090-BOS-IAH,8:25 p.m.,8:25 p.m.,C4,11:50 p.m.,11:50 p.m.,44
flylouisville,AA-446-DFW-PHL,8:25 p.m.,8:25 p.m.,C4,11:50 p.m.,11:50 p.m.,44
quicktrip,AA-2312-DFW-DTW,8:25 p.m.,8:25 p.m.,C4,11:50 p.m.,11:50 p.m.,44
allegiantair,AA-2525-DFW-MIA,8:25 p.m.,8:25 p.m.,C4,11:50 p.m.,11:50 p.m.,44
businesstravellogue,AA-2312-DFW-DTW,8:25 p.m.,8:25 p.m.,C4,11:50 p.m.,11:50 p.m.,44
gofox,AA-2312-DFW-DTW,8:25 p.m.,8:25 p.m.,C4,11:50 p.m.,11:50 p.m.,44
flightaware,UA-2945-PHL-CLT,8:25 p.m.,8:25 p.m.,C4,11:50 p.m.,11:50 p.m.,44
world-flight-tracker,AA-2312-DFW-DTW,8:25 p.m.,8:25 p.m.,C4,11:50 p.m.,11:50 p.m.,44
aa,AA-2525-DFW-MIA,7:25 a.m.,7:39 a.m.,D25,11:10 a.m.,11:06 a.m.,A19
helloflight,UA-938-DEN-ORD,7:25 a.m.,7:39 a.m.,D25,11:10 a.m.,11:06 a.m.,A19
boston,AA-2525-DFW-MIA,7:25 a.m.,7:39 a.m.,D25,11:10 a.m.,11:06 a.m.,A19
weather,AA-1165-JFK-MIA,7:25 a.m.,7:39 a.m.,D25,11:10 a.m.,11:06 a.m.,A19
airtravelcenter,AA-2525-DFW-MIA,7:25 a.m.,7:39 a.m.,D25,11:10 a.m.,11:06 a.m.,A19
flightview,AA-2525-DFW-MIA,7:25 a.m.,7:39 a.m.,D25,11:10 a.m.,11:06 a.m.,A19
flightstats,AA-2525-DFW-MIA,7:25 a.m.,7:39 a.m.,D25,11:10 a.m.,11:06 a.m.,A19
panynj,AA-2957-DFW-CVG,7:25 a.m.,7:39 a.m.,D25,11:10 a.m.,11:06 a.m.,A19
flightexplorer,AA-2525-DFW-MIA,7:25 a.m.,7:39 a.m.,D25,11:10 a.m.,11:06 a.m.,A19
mia,AA-2525-DFW-MIA,7:25 a.m.,7:39 a.m.,D25,11:10 a.m.,11:06 a.m.,A19
flights,AA-2525-DFW-MIA,7:25 a.m.,7:39 a.m.,D25,11:10 a.m.,11:06 a.m.,A19
flightwise,AA-2525-DFW-MIA,7:25 a.m.,7:39 a.m.,D25,11:10 a.m.,11:06 a.m.,A19
travelocity,AA-1640-MIA-MCO,7:25 a.m.,7:39 a.m.,D25,11:10 a.m.,11:06 a.m.,A19
foxbusiness,AA-2525-DFW-MIA,7:25 a.m.,7:39 a.m.,D25,11:10 a.m.,11:06 a.m.,A19
myrateplan,AA-2525-DFW-MIA,7:25 a.m.,7:39 a.m.,D25,11:10 a.m.,11:06 a.m.,A19
orbitz,AA-2525-DFW-MIA,7:25 a.m.,7:39 a.m.,D25,11:10 a.m.,11:06 a.m.,A19
flytecomm,AA-2525-DFW-MIA,7:25 a.m.,7:39 a.m.,D25,11:10 a.m.,11:06 a.m.,A19
mytripandmore,AA-2525-DFW-MIA,7:25 a.m.,7:39 a.m.,D25,11:10 a.m.,11:06 a.m.,A19
wunderground,AA-3468-CVG-MIA,7:25 a.m.,7:39 a.m.,D25,11:10 a.m.,11:06 a.m.,A19
flylouisville,UA-2945-PHL-CLT,7:25 a.m.,7:39 a.m.,D25,11:10 a.m.,11:06 a.m.,A19
quicktrip,AA-2525-DFW-MIA,7:25 a.m.,7:39 a.m.,D25,11:10 a.m.,11:06 a.m.,A19
allegiantair,AA-2525-DFW-MIA,7:25 a.m.,7:39 a.m.,D25,11:10 a.m.,11:06 a.m.,A19
businesstravellogue,AA-3859-IAH-ORD,7:25 a.m.,7:39 a.m.,D25,11:10 a.m.,11:06 a.m.,A19
gofox,AA-2525-DFW-MIA,7:25 a.m.,7:39 a.m.,D25,11:10 a.m.,11:06 a.m.,A19
flightaware,AA-2525-DFW-MIA,7:25 a.m.,7:39 a.m.,D25,11:10 a.m.,11:06 a.m.,A19
world-flight-tracker,CO-1561-PHX-IAH,7:25 a.m.,7:39 a.m.,D25,11:10 a.m.,11:06 a.m.,A19
aa,AA-271-MIA-LAX,11:35 a.m.,11:52 a.m.,C113,2:25 p.m.,2:27 p.m.,39
helloflight,AA-271-MIA-LAX,11:35 a.m.,11:52 a.m.,C113,2:25 p.m.,2:27 p.m.,39
boston,AA-271-MIA-LAX,11:35 a.m.,11:52 a.m.,C113,2:25 p.m.,2:27 p.m.,39
weather,AA-271-MIA-LAX,11:35 a.m.,11:52 a.m.,C113,2:25 p.m.,2:27 p.m.,39
airtravelcenter,CO-62-IAH-EWR,11:35 a.m.,11:52 a.m.,C113,2:25 p.m.,2:27 p.m.,39
flightview,UA-414-LAX-SFO,11:35 a.m.,11:52 a.m.,C113,2:25 p.m.,2:27 p.m.,39
flightstats,CO-1586-IAH-MCO,11:35 a.m.,11:52 a.m.,C113,2:25 p.m.,2:27 p.m.,39
panynj,AA-3979-CVG-ORD,11:35 a.m.,11:52 a.m.,C113,2:25 p.m.,2:27 p.m.,39
flightexplorer,UA-2830-MCO-CLT,11:35 a.m.,11:52 a.m.,C113,2:25 p.m.,2:27 p.m.,39
flights,AA-404-MIA-MCO,11:35 a.m.,11:52 a.m.,C113,2:25 p.m.,2:27 p.m.,39
flightarrival,UA-397-JFK-SFO,11:35 a.m.,11:52 a.m.,C113,2:25 p.m.,2:27 p.m.,39
travelocity,AA-271-MIA-LAX,11:35 a.m.,11:52 a.m.,C113,2:25 p.m.,2:27 p.m.,39
foxbusiness,CO-1586-IAH-MCO,11:35 a.m.,11:52 a.m.,C113,2:25 p.m.,2:27 p.m.,39
myrateplan,AA-271-MIA-LAX,11:35 a.m.,11:52 a.m.,C113,2:25 p.m.,2:27 p.m.,39
orbitz,UA-1500-IAH-GUA,11:35 a.m.,11:52 a.m.,C113,2:25 p.m.,2:27 p.m.,39
flytecomm,AA-271-MIA-LAX,11:35 a.m.,11:52 a.m.,C113,2:25 p.m.,2:27 p.m.,39
mytripandmore,AA-271-MIA-LAX,11:35 a.m.,11:52 a.m.,C113,2:25 p.m.,2:27 p.m.,39
wunderground,AA-271-MIA-LAX,11:35 a.m.,11:52 a.m.,C113,2:25 p.m.,2:27 p.m.,39
flylouisville,CO-1088-CLE-IAH,11:35 a.m.,11:52 a.m.,C113,2:25 p.m.,2:27 p.m.,39
quicktrip,AA-271-MIA-LAX,11:35 a.m.,11:52 a.m.,C113,2:25 p.m.,2:27 p.m.,39
allegiantair,AA-271-MIA-LAX,11:35 a.m.,11:52 a.m.,C113,2:25 p.m.,2:27 p.m.,39
businesstravellogue,AA-59-JFK-SFO,11:35 a.m.,11:52 a.m.,C113,2:25 p.m.,2:27 p.m.,39
gofox,UA-2708-EWR-CLT,11:35 a.m.,11:52 a.m.,C113,2:25 p.m.,2:27 p.m.,39
flightaware,AA-271-MIA-LAX,11:35 a.m.,11:52 a.m.,C113,2:25 p.m.,2:27 p.m.,39
world-flight-tracker,AA-271-MIA-LAX,11:35 a.m.,11:52 a.m.,C113,2:25 p.m.,2:27 p.m.,39
aa,AA-3063-SLC-LAX,7:55 a.m.,8:04 a.m.,D44,11:05 a.m.,11:01 a.m.,57
helloflight,AA-2957-DFW-CVG,7:55 a.m.,8:04 a.m.,D44,11:05 a.m.,11:01 a.m.,57
boston,AA-3063-SLC-LAX,7:55 a.m.,8:04 a.m.,D44,11:05 a.m.,11:01 a.m.,57
weather,AA-2957-DFW-CVG,7:55 a.m.,8:04 a.m.,D44,11:05 a.m.,11:01 a.m.,57
airtravelcenter,AA-2957-DFW-CVG,7:55 a.m.,8:04 a.m.,D44,11:05 a.m.,11:01 a.m.,57
flightview,CO-1088-CLE-IAH,7:55 a.m.,8:04 a.m.,D44,11:05 a.m.,11:01 a.m.,57
flightstats,AA-2957-DFW-CVG,7:55 a.m.,8:04 a.m.,D44,11:05 a.m.,11:01 a.m.,57
panynj,AA-2268-PHX-ORD,7:55 a.m.,8:04 a.m.,D44,11:05 a.m.,11:01 a.m.,57
flightexplorer,AA-2957-DFW-CVG,7:55 a.m.,8:04 a.m.,D44,11:05 a.m.,11:01 a.m.,57
flights,UA-2830-MCO-CLT,7:55 a.m.,8:04 a.m.,D44,11:05 a.m.,11:01 a.m.,57
flightarrival,AA-85-JFK-SFO,7:55 a.m.,8:04 a.m.,D44,11:05 a.m.,11:01 a.m.,57
travelocity,AA-3468-CVG-MIA,7:55 a.m.,8:04 a.m.,D44,11:05 a.m.,11:01 a.m.,57
foxbusiness,AA-2957-DFW-CVG,7:55 a.m.,8:04 a.m.,D44,11:05 a.m.,11:01 a.m.,57
usatoday,UA-414-LAX-SFO,7:55 a.m.,8:04 a.m.,D44,11:05 a.m.,11:01 a.m.,57
myrateplan,CO-63-EWR-IAH,7:55 a.m.,8:04 a.m.,D44,11:05 a.m.,11:01 a.m.,57
orbitz,AA-2957-DFW-CVG,7:55 a.m.,8:04 a.m.,D44,11:05 a.m.,11:01 a.m.,57
flytecomm,AA-484-DFW-MIA,7:55 a.m.,8:04 a.m.,D44,11:05 a.m.,11:01 a.m.,57
wunderground,AA-2050-ORD-MIA,7:55 a.m.,8:04 a.m.,D44,11:05 a.m.,11:01 a.m.,57
flylouisville,AA-2957-DFW-CVG,7:55 a.m.,8:04 a.m.,D44,11:05 a.m.,11:01 a.m.,57
quicktrip,AA-2957-DFW-CVG,7:55 a.m.,8:04 a.m.,D44,11:05 a.m.,11:01 a.m.,57
allegiantair,AA-2957-DFW-CVG,7:55 a.m.,8:04 a.m.,D44,11:05 a.m.,11:01 a.m.,57
businesstravellogue,UA-2830-MCO-CLT,7:55 a.m.,8:04 a.m.,D44,11:05 a.m.,11:01 a.m.,57
gofox,AA-2957-DFW-CVG,7:55 a.m.,8:04 a.m.,D44,11:05 a.m.,11:01 a.m.,57
flightaware,AA-2957-DFW-CVG,7:55 a.m.,8:04 a.m.,D44,11:05 a.m.,11:01 a.m.,57
world-flight-tracker,AA-2957-DFW-CVG,7:55 a.m.,8:04 a.m.,D44,11:05 a.m.,11:01 a.m.,57
aa,AA-3063-SLC-LAX,8:20 p.m.,8:39 p.m.,A29,9:20 p.m.,9:20 p.m.,H3A
helloflight,AA-3063-SLC-LAX,8:20 p.m.,8:39 p.m.,A29,9:20 p.m.,9:20 p.m.,H3A
boston,AA-3063-SLC-LAX,8:20 p.m.,8:39 p.m.,A29,9:20 p.m.,9:20 p.m.,H3A
weather,AA-3063-SLC-LAX,8:20 p.m.,8:39 p.m.,A29,9:20 p.m.,9:20 p.m.,H3A
airtravelcenter,AA-3063-SLC-LAX,8:20 p.m.,8:39 p.m.,A29,9:20 p.m.,9:20 p.m.,H3A
flightview,AA-3063-SLC-LAX,8:20 p.m.,8:39 p.m.,A29,9:20 p.m.,9:20 p.m.,H3A
flightstats,AA-3842-MSP-ORD,8:20 p.m.,8:39 p.m.,A29,9:20 p.m.,9:20 p.m.,H3A
panynj,AA-3063-SLC-LAX,8:20 p.m.,8:39 p.m.,A29,9:20 p.m.,9:20 p.m.,H3A
flights,CO-50-CLE-EWR,8:20 p.m.,8:39 p.m.,A29,9:20 p.m.,9:20 p.m.,H3A
flightarrival,AA-3063-SLC-LAX,8:20 p.m.,8:39 p.m.,A29,9:20 p.m.,9:20 p.m.,H3A
travelocity,CO-16-LAX-EWR,8:20 p.m.,8:39 p.m.,A29,9:20 p.m.,9:20 p.m.,H3A
foxbusiness,AA-3063-SLC-LAX,8:20 p.m.,8:39 p.m.,A29,9:20 p.m.,9:20 p.m.,H3A
myrateplan,AA-3063-SLC-LAX,8:20 p.m.,8:39 p.m.,A29,9:20 p.m.,9:20 p.m.,H3A
orbitz,AA-3063-SLC-LAX,8:20 p.m.,8:39 p.m.,A29,9:20 p.m.,9:20 p.m.,H3A
ifly,AA-3063-SLC-LAX,8:20 p.m.,8:39 p.m.,A29,9:20 p.m.,9:20 p.m.,H3A
flytecomm,AA-466-IAH-MIA,8:20 p.m.,8:39 p.m.,A29,9:20 p.m.,9:20 p.m.,H3A
mytripandmore,CO-4888-IAH-DAL,8:20 p.m.,8:39 p.m.,A29,9:20 p.m.,9:20 p.m.,H3A
wunderground,AA-3063-SLC-LAX,8:20 p.m.,8:39 p.m.,A29,9:20 p.m.,9:20 p.m.,H3A
flylouisville,AA-3063-SLC-LAX,8:20 p.m.,8:39 p.m.,A29,9:20 p.m.,9:20 p.m.,H3A
quicktrip,UA-938-DEN-ORD,8:20 p.m.,8:39 p.m.,A29,9:20 p.m.,9:20 p.m.,H3A
allegiantair,AA-3063-SLC-LAX,8:20 p.m.,8:39 p.m.,A29,9:20 p.m.,9:20 p.m.,H3A
businesstravellogue,AA-3063-SLC-LAX,8:20 p.m.,8:39 p.m.,A29,9:20 p.m.,9:20 p.m.,H3A
gofox,AA-2525-DFW-MIA,8:20 p.m.,8:39 p.m.,A29,9:20 p.m.,9:20 p.m.,H3A
flightaware,UA-3925-IAD-ORF,8:20 p.m.,8:39 p.m.,A29,9:20 p.m.,9:20 p.m.,H3A
aa,CO-4888-IAH-DAL,7:00 a.m.,7:25 a.m.,G3,9:55 a.m.,9:45 a.m.,D28
helloflight,AA-3468-CVG-MIA,7:00 a.m.,7:25 a.m.,G3,9:55 a.m.,9:45 a.m.,D28
boston,CO-45-EWR-MIA,7:00 a.m.,7:25 a.m.,G3,9:55 a.m.,9:45 a.m.,D28
weather,AA-4307-ORD-DTW,7:00 a.m.,7:25 a.m.,G3,9:55 a.m.,9:45 a.m.,D28
airtravelcenter,CO-4888-IAH-DAL,7:00 a.m.,7:25 a.m.,G3,9:55 a.m.,9:45 a.m.,D28
flightview,AA-3809-PHX-LAX,7:00 a.m.,7:25 a.m.,G3,9:55 a.m.,9:45 a.m.,D28
flightstats,AA-3468-CVG-MIA,7:00 a.m.,7:25 a.m.,G3,9:55 a.m.,9:45 a.m.,D28
panynj,AA-3468-CVG-MIA,7:00 a.m.,7:25 a.m.,G3,9:55 a.m.,9:45 a.m.,D28
flightexplorer,AA-2312-DFW-DTW,7:00 a.m.,7:25 a.m.,G3,9:55 a.m.,9:45 a.m.,D28
flights,AA-3468-CVG-MIA,7:00 a.m.,7:25 a.m.,G3,9:55 a.m.,9:45 a.m.,D28
flightarrival,AA-3468-CVG-MIA,7:00 a.m.,7:25 a.m.,G3,9:55 a.m.,9:45 a.m.,D28
travelocity,AA-3468-CVG-MIA,7:00 a.m.,7:25 a.m.,G3,9:55 a.m.,9:45 a.m.,D28
foxbusiness,AA-3468-CVG-MIA,7:00 a.m.,7:25 a.m.,G3,9:55 a.m.,9:45 a.m.,D28
usatoday,AA-1165-JFK-MIA,7:00 a.m.,7:25 a.m.,G3,9:55 a.m.,9:45 a.m.,D28
myrateplan,AA-3063-SLC-LAX,7:00 a.m.,7:25 a.m.,G3,9:55 a.m.,9:45 a.m.,D28
orbitz,AA-3468-CVG-MIA,7:00 a.m.,7:25 a.m.,G3,9:55 a.m.,9:45 a.m.,D28
ifly,AA-3468-CVG-MIA,7:00 a.m.,7:25 a.m.,G3,9:55 a.m.,9:45 a.m.,D28
flytecomm,CO-89-IAH-EWR,7:00 a.m.,7:25 a.m.,G3,9:55 a.m.,9:45 a.m.,D28
mytripandmore,AA-3468-CVG-MIA,7:00 a.m.,7:25 a.m.,G3,9:55 a.m.,9:45 a.m.,D28
wunderground,AA-3468-CVG-MIA,7:00 a.m.,7:25 a.m.,G3,9:55 a.m.,9:45 a.m.,D28
flylouisville,CO-62-IAH-EWR,7:00 a.m.,7:25 a.m.,G3,9:55 a.m.,9:45 a.m.,D28
quicktrip,UA-5487-SFO-MRY,7:00 a.m.,7:25 a.m.,G3,9:55 a.m.,9:45 a.m.,D28
allegiantair,AA-3468-CVG-MIA,7:00 a.m.,7:25 a.m.,G3,9:55 a.m.,9:45 a.m.,D28
businesstravellogue,AA-3859-IAH-ORD,7:00 a.m.,7:25 a.m.,G3,9:55 a.m.,9:45 a.m.,D28
gofox,AA-3468-CVG-MIA,7:00 a.m.,7:25 a.m.,G3,9:55 a.m.,9:45 a.m.,D28
flightaware,AA-3468-CVG-MIA,7:00 a.m.,7:25 a.m.,G3,9:55 a.m.,9:45 a.m.,D28
world-flight-tracker,AA-3468-CVG-MIA,7:00 a.m.,7:25 a.m.,G3,9:55 a.m.,9:45 a.m.,D28
aa,AA-3756-ORD-SLC,12:15 p.m.,12:41 p.m.,87A,2:45 p.m.,2:50 p.m.,--
helloflight,AA-3756-ORD-SLC,12:15 p.m.,12:41 p.m.,87A,2:45 p.m.,2:50 p.m.,--
boston,AA-3756-ORD-SLC,12:15 p.m.,12:41 p.m.,87A,2:45 p.m.,2:50 p.m.,--
weather,UA-828-SFO-ORD,12:15 p.m.,12:41 p.m.,87A,2:45 p.m.,2:50 p.m.,--
airtravelcenter,UA-828-SFO-ORD,12:15 p.m.,12:41 p.m.,87A,2:45 p.m.,2:50 p.m.,--
flightview,UA-414-LAX-SFO,12:15 p.m.,12:41 p.m.,87A,2:45 p.m.,2:50 p.m.,--
flightstats,AA-4277-CVG-JFK,12:15 p.m.,12:41 p.m.,87A,2:45 p.m.,2:50 p.m.,--
panynj,UA-6273-YYC-SFO,12:15 p.m.,12:41 p.m.,87A,2:45 p.m.,2:50 p.m.,--
flightexplorer,AA-3756-ORD-SLC,12:15 p.m.,12:41 p.m.,87A,2:45 p.m.,2:50 p.m.,--
flights,AA-3756-ORD-SLC,12:15 p.m.,12:41 p.m.,87A,2:45 p.m.,2:50 p.m.,--
travelocity,AA-3756-ORD-SLC,12:15 p.m.,12:41 p.m.,87A,2:45 p.m.,2:50 p.m.,--
foxbusiness,UA-938-DEN-ORD,12:15 p.m.,12:41 p.m.,87A,2:45 p.m.,2:50 p.m.,--
usatoday,UA-257-JFK-SFO,12:15 p.m.,12:41 p.m.,87A,2:45 p.m.,2:50 p.m.,--
myrateplan,AA-3468-CVG-MIA,12:15 p.m.,12:41 p.m.,87A,2:45 p.m.,2:50 p.m.,--
orbitz,AA-3756-ORD-SLC,12:15 p.m.,12:41 p.m.,87A,2:45 p.m.,2:50 p.m.,--
ifly,AA-3756-ORD-SLC,12:15 p.m.,12:41 p.m.,87A,2:45 p.m.,2:50 p.m.,--
flytecomm,AA-3756-ORD-SLC,12:15 p.m.,12:41 p.m.,87A,2:45 p.m.,2:50 p.m.,--
ord,AA-3823-LAX-DEN,12:15 p.m.,12:41 p.m.,87A,2:45 p.m.,2:50 p.m.,--
wunderground,AA-3756-ORD-SLC,12:15 p.m.,12:41 p.m.,87A,2:45 p.m.,2:50 p.m.,--
flylouisville,AA-3756-ORD-SLC,12:15 p.m.,12:41 p.m.,87A,2:45 p.m.,2:50 p.m.,--
quicktrip,AA-3756-ORD-SLC,12:15 p.m.,12:41 p.m.,87A,2:45 p.m.,2:50 p.m.,--
allegiantair,AA-3823-LAX-DEN,12:15 p.m.,12:41 p.m.,87A,2:45 p.m.,2:50 p.m.,--
businesstravellogue,AA-3756-ORD-SLC,12:15 p.m.,12:41 p.m.,87A,2:45 p.m.,2:50 p.m.,--
gofox,UA-858-PVG-SFO,12:15 p.m.,12:41 p.m.,87A,2:45 p.m.,2:50 p.m.,--
flightaware,AA-4277-CVG-JFK,12:15 p.m.,12:41 p.m.,87A,2:45 p.m.,2:50 p.m.,--
world-flight-tracker,AA-3756-ORD-SLC,12:15 p.m.,12:41 p.m.,87A,2:45 p.m.,2:50 p.m.,--
aa,AA-3756-ORD-SLC,4:00 p.m.,4:12 p.m.,C14,6:40 p.m.,6:15 p.m.,D32
helloflight,AA-3756-ORD-SLC,4:00 p.m.,4:12 p.m.,C14,6:40 p.m.,6:15 p.m.,D32
boston,AA-3786-IAH-ORD,4:00 p.m.,4:12 p.m.,C14,6:40 p.m.,6:15 p.m.,D32
weather,UA-2515-DFW-CLT,4:00 p.m.,4:12 p.m.,C14,6:40 p.m.,6:15 p.m.,D32
airtravelcenter,AA-3786-IAH-ORD,4:00 p.m.,4:12 p.m.,C14,6:40 p.m.,6:15 p.m.,D32
flightview,AA-3786-IAH-ORD,4:00 p.m.,4:12 p.m.,C14,6:40 p.m.,6:15 p.m.,D32
flightstats,UA-37-EDI-EWR,4:00 p.m.,4:12 p.m.,C14,6:40 p.m.,6:15 p.m.,D32
panynj,CO-50-CLE-EWR,4:00 p.m.,4:12 p.m.,C14,6:40 p.m.,6:15 p.m.,D32
flights,AA-3786-IAH-ORD,4:00 p.m.,4:12 p.m.,C14,6:40 p.m.,6:15 p.m.,D32
flightarrival,AA-4198-ORD-CLE,4:00 p.m.,4:12 p.m.,C14,6:40 p.m.,6:15 p.m.,D32
flightwise,AA-3786-IAH-ORD,4:00 p.m.,4:12 p.m.,C14,6:40 p.m.,6:15 p.m.,D32
travelocity,CO-50-CLE-EWR,4:00 p.m.,4:12 p.m.,C14,6:40 p.m.,6:15 p.m.,D32
foxbusiness,UA-2704-DTW-PHX,4:00 p.m.,4:12 p.m.,C14,6:40 p.m.,6:15 p.m.,D32
usatoday,AA-3786-IAH-ORD,4:00 p.m.,4:12 p.m.,C14,6:40 p.m.,6:15 p.m.,D32
myrateplan,CO-47-IAH-LAX,4:00 p.m.,4:12 p.m.,C14,6:40 p.m.,6:15 p.m.,D32
orbitz,UA-938-DEN-ORD,4:00 p.m.,4:12 p.m.,C14,6:40 p.m.,6:15 p.m.,D32
ifly,AA-3786-IAH-ORD,4:00 p.m.,4:12 p.m.,C14,6:40 p.m.,6:15 p.m.,D32
flytecomm,AA-3786-IAH-ORD,4:00 p.m.,4:12 p.m.,C14,6:40 p.m.,6:15 p.m.,D32
mytripandmore,UA-1500-IAH-GUA,4:00 p.m.,4:12 p.m.,C14,6:40 p.m.,6:15 p.m.,D32
ord,AA-3786-IAH-ORD,4:00 p.m.,4:12 p.m.,C14,6:40 p.m.,6:15 p.m.,D32
wunderground,AA-3786-IAH-ORD,4:00 p.m.,4:12 p.m.,C14,6:40 p.m.,6:15 p.m.,D32
flylouisville,AA-3786-IAH-ORD,4:00 p.m.,4:12 p.m.,C14,6:40 p.m.,6:15 p.m.,D32
quicktrip,AA-3786-IAH-ORD,4:00 p.m.,4:12 p.m.,C14,6:40 p.m.,6:15 p.m.,D32
allegiantair,CO-1193-EWR-MCO,4:00 p.m.,4:12 p.m.,C14,6:40 p.m.,6:15 p.m.,D32
businesstravellogue,AA-3786-IAH-ORD,4:00 p.m.,4:12 p.m.,C14,6:40 p.m.,6:15 p.m.,D32
gofox,AA-3786-IAH-ORD,4:00 p.m.,4:12 p.m.,C14,6:40 p.m.,6:15 p.m.,D32
flightaware,AA-3786-IAH-ORD,4:00 p.m.,4:12 p.m.,C14,6:40 p.m.,6:15 p.m.,D32
world-flight-tracker,AA-3786-IAH-ORD,4:00 p.m.,4:12 p.m.,C14,6:40 p.m.,6:15 p.m.,D32
aa,AA-3-JFK-LAX,2:35 p.m.,2:44 p.m.,A29,4:05 p.m.,3:43 p.m.,H4
helloflight,UA-2726-FLL-PHL,2:35 p.m.,2:44 p.m.,A29,4:05 p.m.,3:43 p.m.,H4
boston,AA-3804-PHL-ORD,2:35 p.m.,2:44 p.m.,A29,4:05 p.m.,3:43 p.m.,H4
weather,AA-643-MIA-ORD,2:35 p.m.,2:44 p.m.,A29,4:05 p.m.,3:43 p.m.,H4
airtravelcenter,AA-3804-PHL-ORD,2:35 p.m.,2:44 p.m.,A29,4:05 p.m.,3:43 p.m.,H4
flightview,AA-4344-ORD-DTW,2:35 p.m.,2:44 p.m.,A29,4:05 p.m.,3:43 p.m.,H4
flightstats,AA-3804-PHL-ORD,2:35 p.m.,2:44 p.m.,A29,4:05 p.m.,3:43 p.m.,H4
panynj,AA-3804-PHL-ORD,2:35 p.m.,2:44 p.m.,A29,4:05 p.m.,3:43 p.m.,H4
flightexplorer,UA-3515-IAD-MSP,2:35 p.m.,2:44 p.m.,A29,4:05 p.m.,3:43 p.m.,H4
flights,AA-3804-PHL-ORD,2:35 p.m.,2:44 p.m.,A29,4:05 p.m.,3:43 p.m.,H4
travelocity,AA-649-ORD-SNA,2:35 p.m.,2:44 p.m.,A29,4:05 p.m.,3:43 p.m.,H4
foxbusiness,AA-3804-PHL-ORD,2:35 p.m.,2:44 p.m.,A29,4:05 p.m.,3:43 p.m.,H4
usatoday,AA-3804-PHL-ORD,2:35 p.m.,2:44 p.m.,A29,4:05 p.m.,3:43 p.m.,H4
myrateplan,AA-3804-PHL-ORD,2:35 p.m.,2:44 p.m.,A29,4:05 p.m.,3:43 p.m.,H4
orbitz,AA-3804-PHL-ORD,2:35 p.m.,2:44 p.m.,A29,4:05 p.m.,3:43 p.m.,H4
phl,AA-3804-PHL-ORD,2:35 p.m.,2:44 p.m.,A29,4:05 p.m.,3:43 p.m.,H4
ifly,AA-3804-PHL-ORD,2:35 p.m.,2:44 p.m.,A29,4:05 p.m.,3:43 p.m.,H4
flytecomm,UA-3515-IAD-MSP,2:35 p.m.,2:44 p.m.,A29,4:05 p.m.,3:43 p.m.,H4
ord,UA-854-SFO-IAH,2:35 p.m.,2:44 p.m.,A29,4:05 p.m.,3:43 p.m.,H4
wunderground,AA-3804-PHL-ORD,2:35 p.m.,2:44 p.m.,A29,4:05 p.m.,3:43 p.m.,H4
flylouisville,AA-3804-PHL-ORD,2:35 p.m.,2:44 p.m.,A29,4:05 p.m.,3:43 p.m.,H4
quicktrip,AA-2050-ORD-MIA,2:35 p.m.,2:44 p.m.,A29,4:05 p.m.,3:43 p.m.,H4
allegiantair,AA-3859-IAH-ORD,2:35 p.m.,2:44 p.m.,A29,4:05 p.m.,3:43 p.m.,H4
businesstravellogue,AA-3804-PHL-ORD,2:35 p.m.,2:44 p.m.,A29,4:05 p.m.,3:43 p.m.,H4
gofox,AA-3804-PHL-ORD,2:35 p.m.,2:44 p.m.,A29,4:05 p.m.,3:43 p.m.,H4
flightaware,AA-3804-PHL-ORD,2:35 p.m.,2:44 p.m.,A29,4:05 p.m.,3:43 p.m.,H4
world-flight-tracker,AA-446-DFW-PHL,2:35 p.m.,2:44 p.m.,A29,4:05 p.m.,3:43 p.m.,H4
aa,UA-397-JFK-SFO,6:00 a.m.,6:10 a.m.,D12,6:40 a.m.,6:19 a.m.,46A
helloflight,UA-37-EDI-EWR,6:00 a.m.,6:10 a.m.,D12,6:40 a.m.,6:19 a.m.,46A
boston,AA-3809-PHX-LAX,6:00 a.m.,6:10 a.m.,D12,6:40 a.m.,6:19 a.m.,46A
weather,AA-3809-PHX-LAX,6:00 a.m.,6:10 a.m.,D12,6:40 a.m.,6:19 a.m.,46A
airtravelcenter,AA-3809-PHX-LAX,6:00 a.m.,6:10 a.m.,D12,6:40 a.m.,6:19 a.m.,46A
flightview,AA-3809-PHX-LAX,6:00 a.m.,6:10 a.m.,D12,6:40 a.m.,6:19 a.m.,46A
flightstats,CO-1694-LAX-IAH,6:00 a.m.,6:10 a.m.,D12,6:40 a.m.,6:19 a.m.,46A
panynj,AA-3809-PHX-LAX,6:00 a.m.,6:10 a.m.,D12,6:40 a.m.,6:19 a.m.,46A
flightexplorer,AA-3809-PHX-LAX,6:00 a.m.,6:10 a.m.,D12,6:40 a.m.,6:19 a.m.,46A
flights,AA-3809-PHX-LAX,6:00 a.m.,6:10 a.m.,D12,6:40 a.m.,6:19 a.m.,46A
flightarrival,AA-3809-PHX-LAX,6:00 a.m.,6:10 a.m.,D12,6:40 a.m.,6:19 a.m.,46A
flightwise,UA-2906-PHL-MCO,6:00 a.m.,6:10 a.m.,D12,6:40 a.m.,6:19 a.m.,46A
travelocity,AA-3809-PHX-LAX,6:00 a.m.,6:10 a.m.,D12,6:40 a.m.,6:19 a.m.,46A
foxbusiness,UA-938-DEN-ORD,6:00 a.m.,6:10 a.m.,D12,6:40 a.m.,6:19 a.m.,46A
usatoday,AA-3809-PHX-LAX,6:00 a.m.,6:10 a.m.,D12,6:40 a.m.,6:19 a.m.,46A
myrateplan,AA-3809-PHX-LAX,6:00 a.m.,6:10 a.m.,D12,6:40 a.m.,6:19 a.m.,46A
orbitz,UA-2314-ATL-PHL,6:00 a.m.,6:10 a.m.,D12,6:40 a.m.,6:19 a.m.,46A
ifly,UA-2515-DFW-CLT,6:00 a.m.,6:10 a.m.,D12,6:40 a.m.,6:19 a.m.,46A
flytecomm,AA-3809-PHX-LAX,6:00 a.m.,6:10 a.m.,D12,6:40 a.m.,6:19 a.m.,46A
wunderground,AA-3809-PHX-LAX,6:00 a.m.,6:10 a.m.,D12,6:40 a.m.,6:19 a.m.,46A
flylouisville,AA-3809-PHX-LAX,6:00 a.m.,6:10 a.m.,D12,6:40 a.m.,6:19 a.m.,46A
quicktrip,AA-3809-PHX-LAX,6:00 a.m.,6:10 a.m.,D12,6:40 a.m.,6:19 a.m.,46A
allegiantair,AA-3468-CVG-MIA,6:00 a.m.,6:10 a.m.,D12,6:40 a.m.,6:19 a.m.,46A
businesstravellogue,AA-3809-PHX-LAX,6:00 a.m.,6:10 a.m.,D12,6:40 a.m.,6:19 a.m.,46A
gofox,AA-2268-PHX-ORD,6:00 a.m.,6:10 a.m.,D12,6:40 a.m.,6:19 a.m.,46A
flightaware,AA-3809-PHX-LAX,6:00 a.m.,6:10 a.m.,D12,6:40 a.m.,6:19 a.m.,46A
world-flight-tracker,AA-3809-PHX-LAX,6:00 a.m.,6:10 a.m.,D12,6:40 a.m.,6:19 a.m.,46A
aa,AA-3823-LAX-DEN,9:00 p.m.,9:00 p.m.,C26,12:15 a.m.,12:15 a.m.,D7
helloflight,AA-3823-LAX-DEN,9:00 p.m.,9:00 p.m.,C26,12:15 a.m.,12:15 a.m.,D7
boston,AA-3823-LAX-DEN,9:00 p.m.,9:00 p.m.,C26,12:15 a.m.,12:15 a.m.,D7
weather,AA-3823-LAX-DEN,9:00 p.m.,9:00 p.m.,C26,12:15 a.m.,12:15 a.m.,D7
airtravelcenter,AA-3756-ORD-SLC,9:00 p.m.,9:00 p.m.,C26,12:15 a.m.,12:15 a.m.,D7
flightview,AA-3823-LAX-DEN,9:00 p.m.,9:00 p.m.,C26,12:15 a.m.,12:15 a.m.,D7
flightstats,AA-1434-DFW-MCO,9:00 p.m.,9:00 p.m.,C26,12:15 a.m.,12:15 a.m.,D7
panynj,AA-3823-LAX-DEN,9:00 p.m.,9:00 p.m.,C26,12:15 a.m.,12:15 a.m.,D7
flightexplorer,AA-3823-LAX-DEN,9:00 p.m.,9:00 p.m.,C26,12:15 a.m.,12:15 a.m.,D7
flights,AA-3979-CVG-ORD,9:00 p.m.,9:00 p.m.,C26,12:15 a.m.,12:15 a.m.,D7
travelocity,AA-4277-CVG-JFK,9:00 p.m.,9:00 p.m.,C26,12:15 a.m.,12:15 a.m.,D7
foxbusiness,AA-3823-LAX-DEN,9:00 p.m.,9:00 p.m.,C26,12:15 a.m.,12:15 a.m.,D7
myrateplan,AA-1522-SFO-ORD,9:00 p.m.,9:00 p.m.,C26,12:15 a.m.,12:15 a.m.,D7
orbitz,AA-1664-MIA-ATL,9:00 p.m.,9:00 p.m.,C26,12:15 a.m.,12:15 a.m.,D7
ifly,AA-3823-LAX-DEN,9:00 p.m.,9:00 p.m.,C26,12:15 a.m.,12:15 a.m.,D7
flytecomm,AA-3823-LAX-DEN,9:00 p.m.,9:00 p.m.,C26,12:15 a.m.,12:15 a.m.,D7
mytripandmore,AA-3823-LAX-DEN,9:00 p.m.,9:00 p.m.,C26,12:15 a.m.,12:15 a.m.,D7
wunderground,AA-2268-PHX-ORD,9:00 p.m.,9:00 p.m.,C26,12:15 a.m.,12:15 a.m.,D7
flylouisville,AA-3823-LAX-DEN,9:00 p.m.,9:00 p.m.,C26,12:15 a.m.,12:15 a.m.,D7
quicktrip,AA-3823-LAX-DEN,9:00 p.m.,9:00 p.m.,C26,12:15 a.m.,12:15 a.m.,D7
allegiantair,AA-3823-LAX-DEN,9:00 p.m.,9:00 p.m.,C26,12:15 a.m.,12:15 a.m.,D7
businesstravellogue,CO-1250-MIA-IAH,9:00 p.m.,9:00 p.m.,C26,12:15 a.m.,12:15 a.m.,D7
den,AA-2268-PHX-ORD,9:00 p.m.,9:00 p.m.,C26,12:15 a.m.,12:15 a.m.,D7
gofox,AA-3823-LAX-DEN,9:00 p.m.,9:00 p.m.,C26,12:15 a.m.,12:15 a.m.,D7
flightaware,AA-466-IAH-MIA,9:00 p.m.,9:00 p.m.,C26,12:15 a.m.,12:15 a.m.,D7
world-flight-tracker,AA-3823-LAX-DEN,9:00 p.m.,9:00 p.m.,C26,12:15 a.m.,12:15 a.m.,D7
aa,AA-3842-MSP-ORD,6:00 a.m.,6:56 a.m.,G19A,7:30 a.m.,7:51 a.m.,D28
helloflight,AA-3842-MSP-ORD,6:00 a.m.,6:56 a.m.,G19A,7:30 a.m.,7:51 a.m.,D28
boston,AA-3842-MSP-ORD,6:00 a.m.,6:56 a.m.,G19A,7:30 a.m.,7:51 a.m.,D28
weather,AA-3842-MSP-ORD,6:00 a.m.,6:56 a.m.,G19A,7:30 a.m.,7:51 a.m.,D28
airtravelcenter,AA-3842-MSP-ORD,6:00 a.m.,6:56 a.m.,G19A,7:30 a.m.,7:51 a.m.,D28
flightview,AA-3842-MSP-ORD,6:00 a.m.,6:56 a.m.,G19A,7:30 a.m.,7:51 a.m.,D28
flightstats,AA-3842-MSP-ORD,6:00 a.m.,6:56 a.m.,G19A,7:30 a.m.,7:51 a.m.,D28
panynj,AA-3842-MSP-ORD,6:00 a.m.,6:56 a.m.,G19A,7:30 a.m.,7:51 a.m.,D28
flightexplorer,AA-3842-MSP-ORD,6:00 a.m.,6:56 a.m.,G19A,7:30 a.m.,7:51 a.m.,D28
flights,AA-3842-MSP-ORD,6:00 a.m.,6:56 a.m.,G19A,7:30 a.m.,7:51 a.m.,D28
flightwise,AA-4277-CVG-JFK,6:00 a.m.,6:56 a.m.,G19A,7:30 a.m.,7:51 a.m.,D28
travelocity,AA-3842-MSP-ORD,6:00 a.m.,6:56 a.m.,G19A,7:30 a.m.,7:51 a.m.,D28
foxbusiness,AA-3842-MSP-ORD,6:00 a.m.,6:56 a.m.,G19A,7:30 a.m.,7:51 a.m.,D28
myrateplan,CO-1250-MIA-IAH,6:00 a.m.,6:56 a.m.,G19A,7:30 a.m.,7:51 a.m.,D28
orbitz,UA-2515-DFW-CLT,6:00 a.m.,6:56 a.m.,G19A,7:30 a.m.,7:51 a.m.,D28
ifly,AA-3842-MSP-ORD,6:00 a.m.,6:56 a.m.,G19A,7:30 a.m.,7:51 a.m.,D28
flytecomm,AA-3842-MSP-ORD,6:00 a.m.,6:56 a.m.,G19A,7:30 a.m.,7:51 a.m.,D28
mytripandmore,AA-3842-MSP-ORD,6:00 a.m.,6:56 a.m.,G19A,7:30 a.m.,7:51 a.m.,D28
ord,UA-854-SFO-IAH,6:00 a.m.,6:56 a.m.,G19A,7:30 a.m.,7:51 a.m.,D28
wunderground,AA-789-ORD-DEN,6:00 a.m.,6:56 a.m.,G19A,7:30 a.m.,7:51 a.m.,D28
flylouisville,UA-828-SFO-ORD,6:00 a.m.,6:56 a.m.,G19A,7:30 a.m.,7:51 a.m.,D28
quicktrip,AA-3842-MSP-ORD,6:00 a.m.,6:56 a.m.,G19A,7:30 a.m.,7:51 a.m.,D28
allegiantair,AA-2525-DFW-MIA,6:00 a.m.,6:56 a.m.,G19A,7:30 a.m.,7:51 a.m.,D28
businesstravellogue,UA-233-LAX-JFK,6:00 a.m.,6:56 a.m.,G19A,7:30 a.m.,7:51 a.m.,D28
gofox,AA-3842-MSP-ORD,6:00 a.m.,6:56 a.m.,G19A,7:30 a.m.,7:51 a.m.,D28
flightaware,AA-404-MIA-MCO,6:00 a.m.,6:56 a.m.,G19A,7:30 a.m.,7:51 a.m.,D28
world-flight-tracker,AA-3842-MSP-ORD,6:00 a.m.,6:56 a.m.,G19A,7:30 a.m.,7:51 a.m.,D28
aa,AA-3859-IAH-ORD,7:10 a.m.,7:16 a.m.,E14,9:40 a.m.,9:32 a.m.,H5
helloflight,AA-3859-IAH-ORD,7:10 a.m.,7:16 a.m.,E14,9:40 a.m.,9:32 a.m.,H5
boston,AA-415-BOS-ORD,7:10 a.m.,7:16 a.m.,E14,9:40 a.m.,9:32 a.m.,H5
weather,AA-3859-IAH-ORD,7:10 a.m.,7:16 a.m.,E14,9:40 a.m.,9:32 a.m.,H5
airtravelcenter,AA-2957-DFW-CVG,7:10 a.m.,7:16 a.m.,E14,9:40 a.m.,9:32 a.m.,H5
flightview,AA-3859-IAH-ORD,7:10 a.m.,7:16 a.m.,E14,9:40 a.m.,9:32 a.m.,H5
flightstats,AA-3823-LAX-DEN,7:10 a.m.,7:16 a.m.,E14,9:40 a.m.,9:32 a.m.,H5
panynj,AA-1522-SFO-ORD,7:10 a.m.,7:16 a.m.,E14,9:40 a.m.,9:32 a.m.,H5
flightexplorer,AA-3859-IAH-ORD,7:10 a.m.,7:16 a.m.,E14,9:40 a.m.,9:32 a.m.,H5
flights,CO-1090-BOS-IAH,7:10 a.m.,7:16 a.m.,E14,9:40 a.m.,9:32 a.m.,H5
flightarrival,UA-858-PVG-SFO,7:10 a.m.,7:16 a.m.,E14,9:40 a.m.,9:32 a.m.,H5
flightwise,AA-3859-IAH-ORD,7:10 a.m.,7:16 a.m.,E14,9:40 a.m.,9:32 a.m.,H5
travelocity,AA-3859-IAH-ORD,7:10 a.m.,7:16 a.m.,E14,9:40 a.m.,9:32 a.m.,H5
foxbusiness,AA-3859-IAH-ORD,7:10 a.m.,7:16 a.m.,E14,9:40 a.m.,9:32 a.m.,H5
usatoday,AA-3859-IAH-ORD,7:10 a.m.,7:16 a.m.,E14,9:40 a.m.,9:32 a.m.,H5
myrateplan,AA-3859-IAH-ORD,7:10 a.m.,7:16 a.m.,E14,9:40 a.m.,9:32 a.m.,H5
orbitz,AA-3859-IAH-ORD,7:10 a.m.,7:16 a.m.,E14,9:40 a.m.,9:32 a.m.,H5
flytecomm,AA-3859-IAH-ORD,7:10 a.m.,7:16 a.m.,E14,9:40 a.m.,9:32 a.m.,H5
ord,AA-3859-IAH-ORD,7:10 a.m.,7:16 a.m.,E14,9:40 a.m.,9:32 a.m.,H5
wunderground,CO-4888-IAH-DAL,7:10 a.m.,7:16 a.m.,E14,9:40 a.m.,9:32 a.m.,H5
flylouisville,UA-6273-YYC-SFO,7:10 a.m.,7:16 a.m.,E14,9:40 a.m.,9:32 a.m.,H5
quicktrip,CO-47-IAH-LAX,7:10 a.m.,7:16 a.m.,E14,9:40 a.m.,9:32 a.m.,H5
allegiantair,AA-1733-ORD-PHX,7:10 a.m.,7:16 a.m.,E14,9:40 a.m.,9:32 a.m.,H5
businesstravellogue,AA-3859-IAH-ORD,7:10 a.m.,7:16 a.m.,E14,9:40 a.m.,9:32 a.m.,H5
gofox,AA-3859-IAH-ORD,7:10 a.m.,7:16 a.m.,E14,9:40 a.m.,9:32 a.m.,H5
flightaware,AA-3859-IAH-ORD,7:10 a.m.,7:16 a.m.,E14,9:40 a.m.,9:32 a.m.,H5
world-flight-tracker,AA-3859-IAH-ORD,7:10 a.m.,7:16 a.m.,E14,9:40 a.m.,9:32 a.m.,H5
aa,CO-89-IAH-EWR,7:30 a.m.,8:04 a.m.,D32,8:00 a.m.,8:06 a.m.,6
helloflight,AA-3979-CVG-ORD,7:30 a.m.,8:04 a.m.,D32,8:00 a.m.,8:06 a.m.,6
boston,AA-3979-CVG-ORD,7:30 a.m.,8:04 a.m.,D32,8:00 a.m.,8:06 a.m.,6
weather,UA-1500-IAH-GUA,7:30 a.m.,8:04 a.m.,D32,8:00 a.m.,8:06 a.m.,6
airtravelcenter,UA-233-LAX-JFK,7:30 a.m.,8:04 a.m.,D32,8:00 a.m.,8:06 a.m.,6
flightview,AA-3979-CVG-ORD,7:30 a.m.,8:04 a.m.,D32,8:00 a.m.,8:06 a.m.,6
flightstats,AA-3979-CVG-ORD,7:30 a.m.,8:04 a.m.,D32,8:00 a.m.,8:06 a.m.,6
panynj,UA-397-JFK-SFO,7:30 a.m.,8:04 a.m.,D32,8:00 a.m.,8:06 a.m.,6
flightexplorer,AA-3979-CVG-ORD,7:30 a.m.,8:04 a.m.,D32,8:00 a.m.,8:06 a.m.,6
flights,AA-3979-CVG-ORD,7:30 a.m.,8:04 a.m.,D32,8:00 a.m.,8:06 a.m.,6
travelocity,AA-3979-CVG-ORD,7:30 a.m.,8:04 a.m.,D32,8:00 a.m.,8:06 a.m.,6
foxbusiness,AA-3979-CVG-ORD,7:30 a.m.,8:04 a.m.,D32,8:00 a.m.,8:06 a.m.,6
myrateplan,AA-1007-MIA-PHX,7:30 a.m.,8:04 a.m.,D32,8:00 a.m.,8:06 a.m.,6
orbitz,CO-58-DEN-IAH,7:30 a.m.,8:04 a.m.,D32,8:00 a.m.,8:06 a.m.,6
ifly,AA-3979-CVG-ORD,7:30 a.m.,8:04 a.m.,D32,8:00 a.m.,8:06 a.m.,6
flytecomm,UA-854-SFO-IAH,7:30 a.m.,8:04 a.m.,D32,8:00 a.m.,8:06 a.m.,6
mytripandmore,AA-3979-CVG-ORD,7:30 a.m.,8:04 a.m.,D32,8:00 a.m.,8:06 a.m.,6
ord,AA-3979-CVG-ORD,7:30 a.m.,8:04 a.m.,D32,8:00 a.m.,8:06 a.m.,6
wunderground,AA-3979-CVG-ORD,7:30 a.m.,8:04 a.m.,D32,8:00 a.m.,8:06 a.m.,6
flylouisville,AA-3979-CVG-ORD,7:30 a.m.,8:04 a.m.,D32,8:00 a.m.,8:06 a.m.,6
quicktrip,AA-3979-CVG-ORD,7:30 a.m.,8:04 a.m.,D32,8:00 a.m.,8:06 a.m.,6
allegiantair,AA-3979-CVG-ORD,7:30 a.m.,8:04 a.m.,D32,8:00 a.m.,8:06 a.m.,6
businesstravellogue,AA-4330-CVG-ORD,7:30 a.m.,8:04 a.m.,D32,8:00 a.m.,8:06 a.m.,6
gofox,AA-3842-MSP-ORD,7:30 a.m.,8:04 a.m.,D32,8:00 a.m.,8:06 a.m.,6
flightaware,AA-3979-CVG-ORD,7:30 a.m.,8:04 a.m.,D32,8:00 a.m.,8:06 a.m.,6
world-flight-tracker,UA-248-PHX-ORD,7:30 a.m.,8:04 a.m.,D32,8:00 a.m.,8:06 a.m.,6
aa,AA-3-JFK-LAX,12:00 p.m.,12:11 p.m.,75B,3:15 p.m.,3:16 p.m.,C19
helloflight,AA-3-JFK-LAX,12:00 p.m.,12:11 p.m.,75B,3:15 p.m.,3:16 p.m.,C19
boston,AA-3-JFK-LAX,12:00 p.m.,12:11 p.m.,75B,3:15 p.m.,3:16 p.m.,C19
weather,AA-3-JFK-LAX,12:00 p.m.,12:11 p.m.,75B,3:15 p.m.,3:16 p.m.,C19
airtravelcenter,AA-3-JFK-LAX,12:00 p.m.,12:11 p.m.,75B,3:15 p.m.,3:16 p.m.,C19
flightview,AA-3-JFK-LAX,12:00 p.m.,12:11 p.m.,75B,3:15 p.m.,3:16 p.m.,C19
flightstats,AA-3-JFK-LAX,12:00 p.m.,12:11 p.m.,75B,3:15 p.m.,3:16 p.m.,C19
panynj,AA-3-JFK-LAX,12:00 p.m.,12:11 p.m.,75B,3:15 p.m.,3:16 p.m.,C19
flightexplorer,AA-3-JFK-LAX,12:00 p.m.,12:11 p.m.,75B,3:15 p.m.,3:16 p.m.,C19
flights,AA-3-JFK-LAX,12:00 p.m.,12:11 p.m.,75B,3:15 p.m.,3:16 p.m.,C19
flightarrival,UA-3099-PHX-PHL,12:00 p.m.,12:11 p.m.,75B,3:15 p.m.,3:16 p.m.,C19
travelocity,AA-3-JFK-LAX,12:00 p.m.,12:11 p.m.,75B,3:15 p.m.,3:16 p.m.,C19
foxbusiness,AA-3-JFK-LAX,12:00 p.m.,12:11 p.m.,75B,3:15 p.m.,3:16 p.m.,C19
myrateplan,AA-3-JFK-LAX,12:00 p.m.,12:11 p.m.,75B,3:15 p.m.,3:16 p.m.,C19
orbitz,AA-3-JFK-LAX,12:00 p.m.,12:11 p.m.,75B,3:15 p.m.,3:16 p.m.,C19
ifly,AA-3-JFK-LAX,12:00 p.m.,12:11 p.m.,75B,3:15 p.m.,3:16 p.m.,C19
flytecomm,UA-3515-IAD-MSP,12:00 p.m.,12:11 p.m.,75B,3:15 p.m.,3:16 p.m.,C19
wunderground,AA-4344-ORD-DTW,12:00 p.m.,12:11 p.m.,75B,3:15 p.m.,3:16 p.m.,C19
flylouisville,AA-3-JFK-LAX,12:00 p.m.,12:11 p.m.,75B,3:15 p.m.,3:16 p.m.,C19
quicktrip,AA-1544-SAN-ORD,12:00 p.m.,12:11 p.m.,75B,3:15 p.m.,3:16 p.m.,C19
allegiantair,AA-3-JFK-LAX,12:00 p.m.,12:11 p.m.,75B,3:15 p.m.,3:16 p.m.,C19
businesstravellogue,AA-484-DFW-MIA,12:00 p.m.,12:11 p.m.,75B,3:15 p.m.,3:16 p.m.,C19
gofox,AA-3-JFK-LAX,12:00 p.m.,12:11 p.m.,75B,3:15 p.m.,3:16 p.m.,C19
flightaware,AA-3-JFK-LAX,12:00 p.m.,12:11 p.m.,75B,3:15 p.m.,3:16 p.m.,C19
world-flight-tracker,AA-3-JFK-LAX,12:00 p.m.,12:11 p.m.,B11,3:15 p.m.,3:16 p.m.,58
aa,AA-400-DFW-JFK,10:40 a.m.,11:01 a.m.,B11,2:59 p.m.,3:04 p.m.,58
helloflight,AA-400-DFW-JFK,10:40 a.m.,11:01 a.m.,B11,2:59 p.m.,3:04 p.m.,58
boston,AA-400-DFW-JFK,10:40 a.m.,11:01 a.m.,B11,2:59 p.m.,3:04 p.m.,58
weather,AA-400-DFW-JFK,10:40 a.m.,11:01 a.m.,B11,2:59 p.m.,3:04 p.m.,58
airtravelcenter,AA-400-DFW-JFK,10:40 a.m.,11:01 a.m.,B11,2:59 p.m.,3:04 p.m.,58
flightview,AA-400-DFW-JFK,10:40 a.m.,11:01 a.m.,B11,2:59 p.m.,3:04 p.m.,58
flightstats,AA-400-DFW-JFK,10:40 a.m.,11:01 a.m.,B11,2:59 p.m.,3:04 p.m.,58
panynj,AA-400-DFW-JFK,10:40 a.m.,11:01 a.m.,B11,2:59 p.m.,3:04 p.m.,58
dfw,AA-400-DFW-JFK,10:40 a.m.,11:01 a.m.,B11,2:59 p.m.,3:04 p.m.,58
flights,AA-400-DFW-JFK,10:40 a.m.,11:01 a.m.,B11,2:59 p.m.,3:04 p.m.,58
flightarrival,AA-400-DFW-JFK,10:40 a.m.,11:01 a.m.,B11,2:59 p.m.,3:04 p.m.,58
travelocity,AA-400-DFW-JFK,10:40 a.m.,11:01 a.m.,B11,2:59 p.m.,3:04 p.m.,58
foxbusiness,AA-400-DFW-JFK,10:40 a.m.,11:01 a.m.,B11,2:59 p.m.,3:04 p.m.,58
usatoday,AA-400-DFW-JFK,10:40 a.m.,11:01 a.m.,B11,2:59 p.m.,3:04 p.m.,58
myrateplan,AA-400-DFW-JFK,10:40 a.m.,11:01 a.m.,B11,2:59 p.m.,3:04 p.m.,58
orbitz,AA-400-DFW-JFK,10:40 a.m.,11:01 a.m.,B11,2:59 p.m.,3:04 p.m.,58
flytecomm,AA-400-DFW-JFK,10:40 a.m.,11:01 a.m.,B11,2:59 p.m.,3:04 p.m.,58
wunderground,AA-400-DFW-JFK,10:40 a.m.,11:01 a.m.,B11,2:59 p.m.,3:04 p.m.,58
flylouisville,AA-400-DFW-JFK,10:40 a.m.,11:01 a.m.,B11,2:59 p.m.,3:04 p.m.,58
quicktrip,AA-400-DFW-JFK,10:40 a.m.,11:01 a.m.,B11,2:59 p.m.,3:04 p.m.,58
allegiantair,AA-400-DFW-JFK,10:40 a.m.,11:01 a.m.,B11,2:59 p.m.,3:04 p.m.,58
businesstravellogue,AA-400-DFW-JFK,10:40 a.m.,11:01 a.m.,B11,2:59 p.m.,3:04 p.m.,58
gofox,AA-400-DFW-JFK,10:40 a.m.,11:01 a.m.,B11,2:59 p.m.,3:04 p.m.,58
flightaware,AA-400-DFW-JFK,10:40 a.m.,11:01 a.m.,B11,2:59 p.m.,3:04 p.m.,58
aa,AA-404-MIA-MCO,6:45 a.m.,6:57 a.m.,C11,7:45 a.m.,7:40 a.m.,73
helloflight,AA-404-MIA-MCO,6:45 a.m.,6:57 a.m.,C11,7:45 a.m.,7:40 a.m.,73
boston,AA-404-MIA-MCO,6:45 a.m.,6:57 a.m.,C11,7:45 a.m.,7:40 a.m.,73
weather,AA-404-MIA-MCO,6:45 a.m.,6:57 a.m.,C11,7:45 a.m.,7:40 a.m.,73
airtravelcenter,AA-404-MIA-MCO,6:45 a.m.,6:57 a.m.,C11,7:45 a.m.,7:40 a.m.,73
flightview,AA-404-MIA-MCO,6:45 a.m.,6:57 a.m.,C11,7:45 a.m.,7:40 a.m.,73
flightstats,AA-404-MIA-MCO,6:45 a.m.,6:57 a.m.,C11,7:45 a.m.,7:40 a.m.,73
panynj,AA-404-MIA-MCO,6:45 a.m.,6:57 a.m.,C11,7:45 a.m.,7:40 a.m.,73
flightexplorer,AA-404-MIA-MCO,6:45 a.m.,6:57 a.m.,C11,7:45 a.m.,7:40 a.m.,73
mco,AA-404-MIA-MCO,6:45 a.m.,6:57 a.m.,C11,7:45 a.m.,7:40 a.m.,73
flights,AA-404-MIA-MCO,6:45 a.m.,6:57 a.m.,C11,7:45 a.m.,7:40 a.m.,73
flightarrival,AA-404-MIA-MCO,6:45 a.m.,6:57 a.m.,C11,7:45 a.m.,7:40 a.m.,73
travelocity,AA-404-MIA-MCO,6:45 a.m.,6:57 a.m.,C11,7:45 a.m.,7:40 a.m.,73
foxbusiness,AA-404-MIA-MCO,6:45 a.m.,6:57 a.m.,C11,7:45 a.m.,7:40 a.m.,73
usatoday,AA-404-MIA-MCO,6:45 a.m.,6:57 a.m.,C11,7:45 a.m.,7:40 a.m.,73
myrateplan,AA-404-MIA-MCO,6:45 a.m.,6:57 a.m.,C11,7:45 a.m.,7:40 a.m.,73
orbitz,AA-404-MIA-MCO,6:45 a.m.,6:57 a.m.,C11,7:45 a.m.,7:40 a.m.,73
flytecomm,AA-404-MIA-MCO,6:45 a.m.,6:57 a.m.,C11,7:45 a.m.,7:40 a.m.,73
mytripandmore,AA-404-MIA-MCO,6:45 a.m.,6:57 a.m.,C11,7:45 a.m.,7:40 a.m.,73
wunderground,AA-404-MIA-MCO,6:45 a.m.,6:57 a.m.,C11,7:45 a.m.,7:40 a.m.,73
flylouisville,AA-404-MIA-MCO,6:45 a.m.,6:57 a.m.,C11,7:45 a.m.,7:40 a.m.,73
quicktrip,AA-404-MIA-MCO,6:45 a.m.,6:57 a.m.,C11,7:45 a.m.,7:40 a.m.,73
allegiantair,AA-404-MIA-MCO,6:45 a.m.,6:57 a.m.,C11,7:45 a.m.,7:40 a.m.,73
businesstravellogue,AA-404-MIA-MCO,6:45 a.m.,6:57 a.m.,C11,7:45 a.m.,7:40 a.m.,73
gofox,AA-404-MIA-MCO,6:45 a.m.,6:57 a.m.,C11,7:45 a.m.,7:40 a.m.,73
flightaware,AA-404-MIA-MCO,6:45 a.m.,6:57 a.m.,C11,7:45 a.m.,7:40 a.m.,73
world-flight-tracker,AA-404-MIA-MCO,6:45 a.m.,6:57 a.m.,C11,7:45 a.m.,7:40 a.m.,73
aa,AA-415-BOS-ORD,8:35 a.m.,8:56 a.m.,A1G,10:40 a.m.,10:16 a.m.,1C
helloflight,AA-415-BOS-ORD,8:35 a.m.,8:56 a.m.,A1G,10:40 a.m.,10:16 a.m.,1C
boston,AA-415-BOS-ORD,8:35 a.m.,8:56 a.m.,A1G,10:40 a.m.,10:16 a.m.,1C
weather,AA-415-BOS-ORD,8:35 a.m.,8:56 a.m.,A1G,10:40 a.m.,10:16 a.m.,1C
airtravelcenter,AA-415-BOS-ORD,8:35 a.m.,8:56 a.m.,A1G,10:40 a.m.,10:16 a.m.,1C
flightview,AA-415-BOS-ORD,8:35 a.m.,8:56 a.m.,A1G,10:40 a.m.,10:16 a.m.,1C
flightstats,AA-415-BOS-ORD,8:35 a.m.,8:56 a.m.,A1G,10:40 a.m.,10:16 a.m.,1C
panynj,AA-415-BOS-ORD,8:35 a.m.,8:56 a.m.,A1G,10:40 a.m.,10:16 a.m.,1C
flights,AA-415-BOS-ORD,8:35 a.m.,8:56 a.m.,A1G,10:40 a.m.,10:16 a.m.,1C
travelocity,AA-415-BOS-ORD,8:35 a.m.,8:56 a.m.,A1G,10:40 a.m.,10:16 a.m.,1C
foxbusiness,AA-415-BOS-ORD,8:35 a.m.,8:56 a.m.,A1G,10:40 a.m.,10:16 a.m.,1C
myrateplan,AA-415-BOS-ORD,8:35 a.m.,8:56 a.m.,A1G,10:40 a.m.,10:16 a.m.,1C
orbitz,AA-415-BOS-ORD,8:35 a.m.,8:56 a.m.,A1G,10:40 a.m.,10:16 a.m.,1C
ifly,AA-415-BOS-ORD,8:35 a.m.,8:56 a.m.,A1G,10:40 a.m.,10:16 a.m.,1C
flytecomm,AA-415-BOS-ORD,8:35 a.m.,8:56 a.m.,A1G,10:40 a.m.,10:16 a.m.,1C
mytripandmore,AA-415-BOS-ORD,8:35 a.m.,8:56 a.m.,A1G,10:40 a.m.,10:16 a.m.,1C
ord,AA-415-BOS-ORD,8:35 a.m.,8:56 a.m.,A1G,10:40 a.m.,10:16 a.m.,1C
flylouisville,AA-415-BOS-ORD,8:35 a.m.,8:56 a.m.,A1G,10:40 a.m.,10:16 a.m.,1C
quicktrip,AA-415-BOS-ORD,8:35 a.m.,8:56 a.m.,A1G,10:40 a.m.,10:16 a.m.,1C
allegiantair,AA-415-BOS-ORD,8:35 a.m.,8:56 a.m.,A1G,10:40 a.m.,10:16 a.m.,1C
businesstravellogue,AA-415-BOS-ORD,8:35 a.m.,8:56 a.m.,A1G,10:40 a.m.,10:16 a.m.,1C
gofox,AA-415-BOS-ORD,8:35 a.m.,8:56 a.m.,A1G,10:40 a.m.,10:16 a.m.,1C
aa,AA-4198-ORD-CLE,10:40 a.m.,10:54 a.m.,B9,12:55 p.m.,12:50 p.m.,C8
helloflight,AA-4198-ORD-CLE,10:40 a.m.,10:54 a.m.,B9,12:55 p.m.,12:50 p.m.,C8
boston,AA-4198-ORD-CLE,10:40 a.m.,10:54 a.m.,B9,12:55 p.m.,12:50 p.m.,C8
weather,AA-4198-ORD-CLE,10:40 a.m.,10:54 a.m.,B9,12:55 p.m.,12:50 p.m.,C8
airtravelcenter,AA-4198-ORD-CLE,10:40 a.m.,10:54 a.m.,B9,12:55 p.m.,12:50 p.m.,C8
flightview,AA-4198-ORD-CLE,10:40 a.m.,10:54 a.m.,B9,12:55 p.m.,12:50 p.m.,C8
flightstats,AA-4198-ORD-CLE,10:40 a.m.,10:54 a.m.,B9,12:55 p.m.,12:50 p.m.,C8
panynj,AA-4198-ORD-CLE,10:40 a.m.,10:54 a.m.,B9,12:55 p.m.,12:50 p.m.,C8
flightexplorer,AA-4198-ORD-CLE,10:40 a.m.,10:54 a.m.,B9,12:55 p.m.,12:50 p.m.,C8
flights,AA-4198-ORD-CLE,10:40 a.m.,10:54 a.m.,B9,12:55 p.m.,12:50 p.m.,C8
flightarrival,AA-4198-ORD-CLE,10:40 a.m.,10:54 a.m.,B9,12:55 p.m.,12:50 p.m.,C8
travelocity,AA-4198-ORD-CLE,10:40 a.m.,10:54 a.m.,B9,12:55 p.m.,12:50 p.m.,C8
foxbusiness,AA-4198-ORD-CLE,10:40 a.m.,10:54 a.m.,B9,12:55 p.m.,12:50 p.m.,C8
myrateplan,AA-4198-ORD-CLE,10:40 a.m.,10:54 a.m.,B9,12:55 p.m.,12:50 p.m.,C8
orbitz,AA-4198-ORD-CLE,10:40 a.m.,10:54 a.m.,B9,12:55 p.m.,12:50 p.m.,C8
flytecomm,AA-4198-ORD-CLE,10:40 a.m.,10:54 a.m.,B9,12:55 p.m.,12:50 p.m.,C8
ord,AA-4198-ORD-CLE,10:40 a.m.,10:54 a.m.,B9,12:55 p.m.,12:50 p.m.,C8
wunderground,AA-4198-ORD-CLE,10:40 a.m.,10:54 a.m.,B9,12:55 p.m.,12:50 p.m.,C8
flylouisville,AA-4198-ORD-CLE,10:40 a.m.,10:54 a.m.,B9,12:55 p.m.,12:50 p.m.,C8
quicktrip,AA-4198-ORD-CLE,10:40 a.m.,10:54 a.m.,B9,12:55 p.m.,12:50 p.m.,C8
allegiantair,AA-4198-ORD-CLE,10:40 a.m.,10:54 a.m.,B9,12:55 p.m.,12:50 p.m.,C8
businesstravellogue,AA-4198-ORD-CLE,10:40 a.m.,10:54 a.m.,B9,12:55 p.m.,12:50 p.m.,C8
gofox,AA-4198-ORD-CLE,10:40 a.m.,10:54 a.m.,B9,12:55 p.m.,12:50 p.m.,C8
flightaware,AA-4198-ORD-CLE,10:40 a.m.,10:54 a.m.,B9,12:55 p.m.,12:50 p.m.,C8
world-flight-tracker,AA-4198-ORD-CLE,10:40 a.m.,10:54 a.m.,B9,12:55 p.m.,12:50 p.m.,C8
aa,AA-4277-CVG-JFK,12:10 p.m.,12:10 p.m.,70B,2:15 p.m.,1:43 p.m.,5
helloflight,AA-4277-CVG-JFK,12:10 p.m.,12:10 p.m.,70B,2:15 p.m.,1:43 p.m.,5
boston,AA-4277-CVG-JFK,12:10 p.m.,12:10 p.m.,70B,2:15 p.m.,1:43 p.m.,5
weather,AA-4277-CVG-JFK,12:10 p.m.,12:10 p.m.,70B,2:15 p.m.,1:43 p.m.,5
airtravelcenter,AA-4277-CVG-JFK,12:10 p.m.,12:10 p.m.,70B,2:15 p.m.,1:43 p.m.,5
flightview,AA-4277-CVG-JFK,12:10 p.m.,12:10 p.m.,70B,2:15 p.m.,1:43 p.m.,5
flightstats,AA-4277-CVG-JFK,12:10 p.m.,12:10 p.m.,70B,2:15 p.m.,1:43 p.m.,5
panynj,AA-4277-CVG-JFK,12:10 p.m.,12:10 p.m.,70B,2:15 p.m.,1:43 p.m.,5
flightexplorer,AA-4277-CVG-JFK,12:10 p.m.,12:10 p.m.,70B,2:15 p.m.,1:43 p.m.,5
flights,AA-4277-CVG-JFK,12:10 p.m.,12:10 p.m.,70B,2:15 p.m.,1:43 p.m.,5
flightarrival,AA-4277-CVG-JFK,12:10 p.m.,12:10 p.m.,70B,2:15 p.m.,1:43 p.m.,5
travelocity,AA-4277-CVG-JFK,12:10 p.m.,12:10 p.m.,70B,2:15 p.m.,1:43 p.m.,5
foxbusiness,AA-4277-CVG-JFK,12:10 p.m.,12:10 p.m.,70B,2:15 p.m.,1:43 p.m.,5
usatoday,AA-4277-CVG-JFK,12:10 p.m.,12:10 p.m.,70B,2:15 p.m.,1:43 p.m.,5
myrateplan,AA-4277-CVG-JFK,12:10 p.m.,12:10 p.m.,70B,2:15 p.m.,1:43 p.m.,5
orbitz,AA-4277-CVG-JFK,12:10 p.m.,12:10 p.m.,70B,2:15 p.m.,1:43 p.m.,5
flytecomm,AA-4277-CVG-JFK,12:10 p.m.,12:10 p.m.,70B,2:15 p.m.,1:43 p.m.,5
mytripandmore,AA-4277-CVG-JFK,12:10 p.m.,12:10 p.m.,70B,2:15 p.m.,1:43 p.m.,5
wunderground,AA-4277-CVG-JFK,12:10 p.m.,12:10 p.m.,70B,2:15 p.m.,1:43 p.m.,5
flylouisville,AA-4277-CVG-JFK,12:10 p.m.,12:10 p.m.,70B,2:15 p.m.,1:43 p.m.,5
quicktrip,AA-4277-CVG-JFK,12:10 p.m.,12:10 p.m.,70B,2:15 p.m.,1:43 p.m.,5
allegiantair,AA-4277-CVG-JFK,12:10 p.m.,12:10 p.m.,70B,2:15 p.m.,1:43 p.m.,5
businesstravellogue,AA-4277-CVG-JFK,12:10 p.m.,12:10 p.m.,70B,2:15 p.m.,1:43 p.m.,5
gofox,AA-4277-CVG-JFK,12:10 p.m.,12:10 p.m.,70B,2:15 p.m.,1:43 p.m.,5
flightaware,AA-4277-CVG-JFK,12:10 p.m.,12:10 p.m.,70B,2:15 p.m.,1:43 p.m.,5
world-flight-tracker,AA-4277-CVG-JFK,12:10 p.m.,12:10 p.m.,70B,2:15 p.m.,1:43 p.m.,5
aa,AA-4307-ORD-DTW,6:45 p.m.,6:55 p.m.,A3C,9:10 p.m.,8:53 p.m.,D7
helloflight,AA-4307-ORD-DTW,6:45 p.m.,6:55 p.m.,A3C,9:10 p.m.,8:53 p.m.,D7
boston,AA-4307-ORD-DTW,6:45 p.m.,6:55 p.m.,A3C,9:10 p.m.,8:53 p.m.,D7
weather,AA-4307-ORD-DTW,6:45 p.m.,6:55 p.m.,A3C,9:10 p.m.,8:53 p.m.,D7
airtravelcenter,AA-4307-ORD-DTW,6:45 p.m.,6:55 p.m.,A3C,9:10 p.m.,8:53 p.m.,D7
flightview,AA-4307-ORD-DTW,6:45 p.m.,6:55 p.m.,A3C,9:10 p.m.,8:53 p.m.,D7
flightstats,AA-4307-ORD-DTW,6:45 p.m.,6:55 p.m.,A3C,9:10 p.m.,8:53 p.m.,D7
panynj,AA-4307-ORD-DTW,6:45 p.m.,6:55 p.m.,A3C,9:10 p.m.,8:53 p.m.,D7
flightexplorer,AA-4307-ORD-DTW,6:45 p.m.,6:55 p.m.,A3C,9:10 p.m.,8:53 p.m.,D7
flights,AA-4307-ORD-DTW,6:45 p.m.,6:55 p.m.,A3C,9:10 p.m.,8:53 p.m.,D7
flightarrival,AA-4307-ORD-DTW,6:45 p.m.,6:55 p.m.,A3C,9:10 p.m.,8:53 p.m.,D7
flightwise,AA-4307-ORD-DTW,6:45 p.m.,6:55 p.m.,A3C,9:10 p.m.,8:53 p.m.,D7
travelocity,AA-4307-ORD-DTW,6:45 p.m.,6:55 p.m.,A3C,9:10 p.m.,8:53 p.m.,D7
foxbusiness,AA-4307-ORD-DTW,6:45 p.m.,6:55 p.m.,A3C,9:10 p.m.,8:53 p.m.,D7
usatoday,AA-4307-ORD-DTW,6:45 p.m.,6:55 p.m.,A3C,9:10 p.m.,8:53 p.m.,D7
myrateplan,AA-4307-ORD-DTW,6:45 p.m.,6:55 p.m.,A3C,9:10 p.m.,8:53 p.m.,D7
orbitz,AA-4307-ORD-DTW,6:45 p.m.,6:55 p.m.,A3C,9:10 p.m.,8:53 p.m.,D7
flytecomm,AA-4307-ORD-DTW,6:45 p.m.,6:55 p.m.,A3C,9:10 p.m.,8:53 p.m.,D7
mytripandmore,AA-4307-ORD-DTW,6:45 p.m.,6:55 p.m.,A3C,9:10 p.m.,8:53 p.m.,D7
ord,AA-4307-ORD-DTW,6:45 p.m.,6:55 p.m.,A3C,9:10 p.m.,8:53 p.m.,D7
wunderground,AA-4307-ORD-DTW,6:45 p.m.,6:55 p.m.,A3C,9:10 p.m.,8:53 p.m.,D7
flylouisville,AA-4307-ORD-DTW,6:45 p.m.,6:55 p.m.,A3C,9:10 p.m.,8:53 p.m.,D7
quicktrip,AA-4307-ORD-DTW,6:45 p.m.,6:55 p.m.,A3C,9:10 p.m.,8:53 p.m.,D7
allegiantair,AA-4307-ORD-DTW,6:45 p.m.,6:55 p.m.,A3C,9:10 p.m.,8:53 p.m.,D7
businesstravellogue,AA-4307-ORD-DTW,6:45 p.m.,6:55 p.m.,A3C,9:10 p.m.,8:53 p.m.,D7
gofox,AA-4307-ORD-DTW,6:45 p.m.,6:55 p.m.,A3C,9:10 p.m.,8:53 p.m.,D7
flightaware,AA-4307-ORD-DTW,6:45 p.m.,6:55 p.m.,A3C,9:10 p.m.,8:53 p.m.,D7
world-flight-tracker,AA-4307-ORD-DTW,6:45 p.m.,6:55 p.m.,A3C,9:10 p.m.,8:53 p.m.,D7
aa,AA-431-MIA-SFO,8:35 a.m.,8:51 a.m.,B26,11:50 a.m.,11:44 a.m.,C26
helloflight,AA-431-MIA-SFO,8:35 a.m.,8:51 a.m.,B26,11:50 a.m.,11:44 a.m.,C26
boston,AA-431-MIA-SFO,8:35 a.m.,8:51 a.m.,B26,11:50 a.m.,11:44 a.m.,C26
weather,AA-431-MIA-SFO,8:35 a.m.,8:51 a.m.,B26,11:50 a.m.,11:44 a.m.,C26
airtravelcenter,AA-431-MIA-SFO,8:35 a.m.,8:51 a.m.,B26,11:50 a.m.,11:44 a.m.,C26
flightview,AA-431-MIA-SFO,8:35 a.m.,8:51 a.m.,B26,11:50 a.m.,11:44 a.m.,C26
flightstats,AA-431-MIA-SFO,8:35 a.m.,8:51 a.m.,B26,11:50 a.m.,11:44 a.m.,C26
panynj,AA-431-MIA-SFO,8:35 a.m.,8:51 a.m.,B26,11:50 a.m.,11:44 a.m.,C26
flightexplorer,AA-431-MIA-SFO,8:35 a.m.,8:51 a.m.,B26,11:50 a.m.,11:44 a.m.,C26
flights,AA-431-MIA-SFO,8:35 a.m.,8:51 a.m.,B26,11:50 a.m.,11:44 a.m.,C26
flightarrival,AA-431-MIA-SFO,8:35 a.m.,8:51 a.m.,B26,11:50 a.m.,11:44 a.m.,C26
travelocity,AA-431-MIA-SFO,8:35 a.m.,8:51 a.m.,B26,11:50 a.m.,11:44 a.m.,C26
foxbusiness,AA-431-MIA-SFO,8:35 a.m.,8:51 a.m.,B26,11:50 a.m.,11:44 a.m.,C26
myrateplan,AA-431-MIA-SFO,8:35 a.m.,8:51 a.m.,B26,11:50 a.m.,11:44 a.m.,C26
orbitz,AA-431-MIA-SFO,8:35 a.m.,8:51 a.m.,B26,11:50 a.m.,11:44 a.m.,C26
ifly,AA-431-MIA-SFO,8:35 a.m.,8:51 a.m.,B26,11:50 a.m.,11:44 a.m.,C26
sfo,AA-431-MIA-SFO,8:35 a.m.,8:51 a.m.,B26,11:50 a.m.,11:44 a.m.,C26
flytecomm,AA-431-MIA-SFO,8:35 a.m.,8:51 a.m.,B26,11:50 a.m.,11:44 a.m.,C26
mytripandmore,AA-431-MIA-SFO,8:35 a.m.,8:51 a.m.,B26,11:50 a.m.,11:44 a.m.,C26
wunderground,AA-431-MIA-SFO,8:35 a.m.,8:51 a.m.,B26,11:50 a.m.,11:44 a.m.,C26
flylouisville,AA-431-MIA-SFO,8:35 a.m.,8:51 a.m.,B26,11:50 a.m.,11:44 a.m.,C26
quicktrip,AA-431-MIA-SFO,8:35 a.m.,8:51 a.m.,B26,11:50 a.m.,11:44 a.m.,C26
allegiantair,AA-431-MIA-SFO,8:35 a.m.,8:51 a.m.,B26,11:50 a.m.,11:44 a.m.,C26
businesstravellogue,AA-431-MIA-SFO,8:35 a.m.,8:51 a.m.,B26,11:50 a.m.,11:44 a.m.,C26
gofox,AA-431-MIA-SFO,8:35 a.m.,8:51 a.m.,B26,11:50 a.m.,11:44 a.m.,C26
flightaware,AA-431-MIA-SFO,8:35 a.m.,8:51 a.m.,B26,11:50 a.m.,11:44 a.m.,C26
world-flight-tracker,AA-431-MIA-SFO,8:35 a.m.,8:51 a.m.,B26,11:50 a.m.,11:44 a.m.,C26
aa,AA-4330-CVG-ORD,3:35 p.m.,3:36 p.m.,B42,4:00 p.m.,3:33 p.m.,C15
helloflight,AA-4330-CVG-ORD,3:35 p.m.,3:36 p.m.,B42,4:00 p.m.,3:33 p.m.,C15
boston,AA-4330-CVG-ORD,3:35 p.m.,3:36 p.m.,B42,4:00 p.m.,3:33 p.m.,C15
airtravelcenter,AA-4330-CVG-ORD,3:35 p.m.,3:36 p.m.,B42,4:00 p.m.,3:33 p.m.,C15
flightview,AA-4330-CVG-ORD,3:35 p.m.,3:36 p.m.,B42,4:00 p.m.,3:33 p.m.,C15
flightstats,AA-4330-CVG-ORD,3:35 p.m.,3:36 p.m.,B42,4:00 p.m.,3:33 p.m.,C15
panynj,AA-4330-CVG-ORD,3:35 p.m.,3:36 p.m.,B42,4:00 p.m.,3:33 p.m.,C15
flightexplorer,AA-4330-CVG-ORD,3:35 p.m.,3:36 p.m.,B42,4:00 p.m.,3:33 p.m.,C15
flights,AA-4330-CVG-ORD,3:35 p.m.,3:36 p.m.,B42,4:00 p.m.,3:33 p.m.,C15
flightwise,AA-4330-CVG-ORD,3:35 p.m.,3:36 p.m.,B42,4:00 p.m.,3:33 p.m.,C15
foxbusiness,AA-4330-CVG-ORD,3:35 p.m.,3:36 p.m.,B42,4:00 p.m.,3:33 p.m.,C15
usatoday,AA-4330-CVG-ORD,3:35 p.m.,3:36 p.m.,B42,4:00 p.m.,3:33 p.m.,C15
myrateplan,AA-4330-CVG-ORD,3:35 p.m.,3:36 p.m.,B42,4:00 p.m.,3:33 p.m.,C15
orbitz,AA-4330-CVG-ORD,3:35 p.m.,3:36 p.m.,B42,4:00 p.m.,3:33 p.m.,C15
flytecomm,AA-4330-CVG-ORD,3:35 p.m.,3:36 p.m.,B42,4:00 p.m.,3:33 p.m.,C15
ord,AA-4330-CVG-ORD,3:35 p.m.,3:36 p.m.,B42,4:00 p.m.,3:33 p.m.,C15
wunderground,AA-4330-CVG-ORD,3:35 p.m.,3:36 p.m.,B42,4:00 p.m.,3:33 p.m.,C15
flylouisville,AA-4330-CVG-ORD,3:35 p.m.,3:36 p.m.,B42,4:00 p.m.,3:33 p.m.,C15
quicktrip,AA-4330-CVG-ORD,3:35 p.m.,3:36 p.m.,B42,4:00 p.m.,3:33 p.m.,C15
allegiantair,AA-4330-CVG-ORD,3:35 p.m.,3:36 p.m.,B42,4:00 p.m.,3:33 p.m.,C15
businesstravellogue,AA-4330-CVG-ORD,3:35 p.m.,3:36 p.m.,B42,4:00 p.m.,3:33 p.m.,C15
gofox,AA-4330-CVG-ORD,3:35 p.m.,3:36 p.m.,B42,4:00 p.m.,3:33 p.m.,C15
flightaware,AA-4330-CVG-ORD,3:35 p.m.,3:36 p.m.,B42,4:00 p.m.,3:33 p.m.,C15
aa,AA-4344-ORD-DTW,11:45 a.m.,12:13 p.m.,D25,2:00 p.m.,2:10 p.m.,A6
helloflight,AA-4344-ORD-DTW,11:45 a.m.,12:13 p.m.,D25,2:00 p.m.,2:10 p.m.,A6
boston,AA-4344-ORD-DTW,11:45 a.m.,12:13 p.m.,D25,2:00 p.m.,2:10 p.m.,A6
weather,AA-4344-ORD-DTW,11:45 a.m.,12:13 p.m.,D25,2:00 p.m.,2:10 p.m.,A6
airtravelcenter,AA-4344-ORD-DTW,11:45 a.m.,12:13 p.m.,D25,2:00 p.m.,2:10 p.m.,A6
flightview,AA-4344-ORD-DTW,11:45 a.m.,12:13 p.m.,D25,2:00 p.m.,2:10 p.m.,A6
flightstats,AA-4344-ORD-DTW,11:45 a.m.,12:13 p.m.,D25,2:00 p.m.,2:10 p.m.,A6
panynj,AA-4344-ORD-DTW,11:45 a.m.,12:13 p.m.,D25,2:00 p.m.,2:10 p.m.,A6
flightexplorer,AA-4344-ORD-DTW,11:45 a.m.,12:13 p.m.,D25,2:00 p.m.,2:10 p.m.,A6
flights,AA-4344-ORD-DTW,11:45 a.m.,12:13 p.m.,D25,2:00 p.m.,2:10 p.m.,A6
flightarrival,AA-4344-ORD-DTW,11:45 a.m.,12:13 p.m.,D25,2:00 p.m.,2:10 p.m.,A6
travelocity,AA-4344-ORD-DTW,11:45 a.m.,12:13 p.m.,D25,2:00 p.m.,2:10 p.m.,A6
foxbusiness,AA-4344-ORD-DTW,11:45 a.m.,12:13 p.m.,D25,2:00 p.m.,2:10 p.m.,A6
myrateplan,AA-4344-ORD-DTW,11:45 a.m.,12:13 p.m.,D25,2:00 p.m.,2:10 p.m.,A6
orbitz,AA-4344-ORD-DTW,11:45 a.m.,12:13 p.m.,D25,2:00 p.m.,2:10 p.m.,A6
flytecomm,AA-4344-ORD-DTW,11:45 a.m.,12:13 p.m.,D25,2:00 p.m.,2:10 p.m.,A6
mytripandmore,AA-4344-ORD-DTW,11:45 a.m.,12:13 p.m.,D25,2:00 p.m.,2:10 p.m.,A6
ord,AA-4344-ORD-DTW,11:45 a.m.,12:13 p.m.,D25,2:00 p.m.,2:10 p.m.,A6
flylouisville,AA-4344-ORD-DTW,11:45 a.m.,12:13 p.m.,D25,2:00 p.m.,2:10 p.m.,A6
quicktrip,AA-4344-ORD-DTW,11:45 a.m.,12:13 p.m.,D25,2:00 p.m.,2:10 p.m.,A6
allegiantair,AA-4344-ORD-DTW,11:45 a.m.,12:13 p.m.,D25,2:00 p.m.,2:10 p.m.,A6
businesstravellogue,AA-4344-ORD-DTW,11:45 a.m.,12:13 p.m.,D25,2:00 p.m.,2:10 p.m.,A6
gofox,AA-4344-ORD-DTW,11:45 a.m.,12:13 p.m.,D25,2:00 p.m.,2:10 p.m.,A6
aa,AA-446-DFW-PHL,11:50 a.m.,12:12 p.m.,A2G,3:50 p.m.,4:09 p.m.,--
helloflight,AA-446-DFW-PHL,11:50 a.m.,12:12 p.m.,A2G,3:50 p.m.,4:09 p.m.,--
boston,AA-446-DFW-PHL,11:50 a.m.,12:12 p.m.,A2G,3:50 p.m.,4:09 p.m.,--
weather,AA-446-DFW-PHL,11:50 a.m.,12:12 p.m.,A2G,3:50 p.m.,4:09 p.m.,--
airtravelcenter,AA-446-DFW-PHL,11:50 a.m.,12:12 p.m.,A2G,3:50 p.m.,4:09 p.m.,--
flightview,AA-446-DFW-PHL,11:50 a.m.,12:12 p.m.,A2G,3:50 p.m.,4:09 p.m.,--
flightstats,AA-446-DFW-PHL,11:50 a.m.,12:12 p.m.,A2G,3:50 p.m.,4:09 p.m.,--
panynj,AA-446-DFW-PHL,11:50 a.m.,12:12 p.m.,A2G,3:50 p.m.,4:09 p.m.,--
flightexplorer,AA-446-DFW-PHL,11:50 a.m.,12:12 p.m.,A2G,3:50 p.m.,4:09 p.m.,--
dfw,AA-446-DFW-PHL,11:50 a.m.,12:12 p.m.,A2G,3:50 p.m.,4:09 p.m.,--
flights,AA-446-DFW-PHL,11:50 a.m.,12:12 p.m.,A2G,3:50 p.m.,4:09 p.m.,--
travelocity,AA-446-DFW-PHL,11:50 a.m.,12:12 p.m.,A2G,3:50 p.m.,4:09 p.m.,--
foxbusiness,AA-446-DFW-PHL,11:50 a.m.,12:12 p.m.,A2G,3:50 p.m.,4:09 p.m.,--
myrateplan,AA-446-DFW-PHL,11:50 a.m.,12:12 p.m.,A2G,3:50 p.m.,4:09 p.m.,--
orbitz,AA-446-DFW-PHL,11:50 a.m.,12:12 p.m.,A2G,3:50 p.m.,4:09 p.m.,--
phl,AA-446-DFW-PHL,11:50 a.m.,12:12 p.m.,A2G,3:50 p.m.,4:09 p.m.,--
ifly,AA-446-DFW-PHL,11:50 a.m.,12:12 p.m.,A2G,3:50 p.m.,4:09 p.m.,--
flytecomm,AA-446-DFW-PHL,11:50 a.m.,12:12 p.m.,A2G,3:50 p.m.,4:09 p.m.,--
wunderground,AA-446-DFW-PHL,11:50 a.m.,12:12 p.m.,A2G,3:50 p.m.,4:09 p.m.,--
flylouisville,AA-446-DFW-PHL,11:50 a.m.,12:12 p.m.,A2G,3:50 p.m.,4:09 p.m.,--
quicktrip,AA-446-DFW-PHL,11:50 a.m.,12:12 p.m.,A2G,3:50 p.m.,4:09 p.m.,--
allegiantair,AA-446-DFW-PHL,11:50 a.m.,12:12 p.m.,A2G,3:50 p.m.,4:09 p.m.,--
businesstravellogue,AA-446-DFW-PHL,11:50 a.m.,12:12 p.m.,A2G,3:50 p.m.,4:09 p.m.,--
gofox,AA-446-DFW-PHL,11:50 a.m.,12:12 p.m.,A2G,3:50 p.m.,4:09 p.m.,--
flightaware,AA-446-DFW-PHL,11:50 a.m.,12:12 p.m.,A2G,3:50 p.m.,4:09 p.m.,--
world-flight-tracker,AA-446-DFW-PHL,11:50 a.m.,12:12 p.m.,A2G,3:50 p.m.,4:09 p.m.,--
aa,AA-466-IAH-MIA,6:00 a.m.,6:08 a.m.,C24,9:20 a.m.,9:05 a.m.,D9
helloflight,AA-466-IAH-MIA,6:00 a.m.,6:08 a.m.,C24,9:20 a.m.,9:05 a.m.,D9
boston,AA-466-IAH-MIA,6:00 a.m.,6:08 a.m.,C24,9:20 a.m.,9:05 a.m.,D9
weather,AA-466-IAH-MIA,6:00 a.m.,6:08 a.m.,C24,9:20 a.m.,9:05 a.m.,D9
airtravelcenter,AA-466-IAH-MIA,6:00 a.m.,6:08 a.m.,C24,9:20 a.m.,9:05 a.m.,D9
flightview,AA-466-IAH-MIA,6:00 a.m.,6:08 a.m.,C24,9:20 a.m.,9:05 a.m.,D9
flightstats,AA-466-IAH-MIA,6:00 a.m.,6:08 a.m.,C24,9:20 a.m.,9:05 a.m.,D9
panynj,AA-466-IAH-MIA,6:00 a.m.,6:08 a.m.,C24,9:20 a.m.,9:05 a.m.,D9
flightexplorer,AA-466-IAH-MIA,6:00 a.m.,6:08 a.m.,C24,9:20 a.m.,9:05 a.m.,D9
mia,AA-466-IAH-MIA,6:00 a.m.,6:08 a.m.,C24,9:20 a.m.,9:05 a.m.,D9
flights,AA-466-IAH-MIA,6:00 a.m.,6:08 a.m.,C24,9:20 a.m.,9:05 a.m.,D9
flightarrival,AA-466-IAH-MIA,6:00 a.m.,6:08 a.m.,C24,9:20 a.m.,9:05 a.m.,D9
travelocity,AA-466-IAH-MIA,6:00 a.m.,6:08 a.m.,C24,9:20 a.m.,9:05 a.m.,D9
foxbusiness,AA-466-IAH-MIA,6:00 a.m.,6:08 a.m.,C24,9:20 a.m.,9:05 a.m.,D9
usatoday,AA-466-IAH-MIA,6:00 a.m.,6:08 a.m.,C24,9:20 a.m.,9:05 a.m.,D9
myrateplan,AA-466-IAH-MIA,6:00 a.m.,6:08 a.m.,C24,9:20 a.m.,9:05 a.m.,D9
orbitz,AA-466-IAH-MIA,6:00 a.m.,6:08 a.m.,C24,9:20 a.m.,9:05 a.m.,D9
flytecomm,AA-466-IAH-MIA,6:00 a.m.,6:08 a.m.,C24,9:20 a.m.,9:05 a.m.,D9
mytripandmore,AA-466-IAH-MIA,6:00 a.m.,6:08 a.m.,C24,9:20 a.m.,9:05 a.m.,D9
wunderground,AA-466-IAH-MIA,6:00 a.m.,6:08 a.m.,C24,9:20 a.m.,9:05 a.m.,D9
flylouisville,AA-466-IAH-MIA,6:00 a.m.,6:08 a.m.,C24,9:20 a.m.,9:05 a.m.,D9
quicktrip,AA-466-IAH-MIA,6:00 a.m.,6:08 a.m.,C24,9:20 a.m.,9:05 a.m.,D9
allegiantair,AA-466-IAH-MIA,6:00 a.m.,6:08 a.m.,C24,9:20 a.m.,9:05 a.m.,D9
businesstravellogue,AA-466-IAH-MIA,6:00 a.m.,6:08 a.m.,C24,9:20 a.m.,9:05 a.m.,D9
gofox,AA-466-IAH-MIA,6:00 a.m.,6:08 a.m.,C24,9:20 a.m.,9:05 a.m.,D9
flightaware,AA-466-IAH-MIA,6:00 a.m.,6:08 a.m.,C24,9:20 a.m.,9:05 a.m.,D9
world-flight-tracker,AA-466-IAH-MIA,6:00 a.m.,6:08 a.m.,C24,9:20 a.m.,9:05 a.m.,D9
aa,AA-484-DFW-MIA,4:15 p.m.,4:29 p.m.,D23,7:55 p.m.,7:39 p.m.,B6
helloflight,AA-484-DFW-MIA,4:15 p.m.,4:29 p.m.,D23,7:55 p.m.,7:39 p.m.,B6
boston,AA-484-DFW-MIA,4:15 p.m.,4:29 p.m.,D23,7:55 p.m.,7:39 p.m.,B6
weather,AA-484-DFW-MIA,4:15 p.m.,4:29 p.m.,D23,7:55 p.m.,7:39 p.m.,B6
airtravelcenter,AA-484-DFW-MIA,4:15 p.m.,4:29 p.m.,D23,7:55 p.m.,7:39 p.m.,B6
flightview,AA-484-DFW-MIA,4:15 p.m.,4:29 p.m.,D23,7:55 p.m.,7:39 p.m.,B6
flightstats,AA-484-DFW-MIA,4:15 p.m.,4:29 p.m.,D23,7:55 p.m.,7:39 p.m.,B6
panynj,AA-484-DFW-MIA,4:15 p.m.,4:29 p.m.,D23,7:55 p.m.,7:39 p.m.,B6
flightexplorer,AA-484-DFW-MIA,4:15 p.m.,4:29 p.m.,D23,7:55 p.m.,7:39 p.m.,B6
mia,AA-484-DFW-MIA,4:15 p.m.,4:29 p.m.,D23,7:55 p.m.,7:39 p.m.,B6
dfw,AA-484-DFW-MIA,4:15 p.m.,4:29 p.m.,D23,7:55 p.m.,7:39 p.m.,B6
flights,AA-484-DFW-MIA,4:15 p.m.,4:29 p.m.,D23,7:55 p.m.,7:39 p.m.,B6
travelocity,AA-484-DFW-MIA,4:15 p.m.,4:29 p.m.,D23,7:55 p.m.,7:39 p.m.,B6
foxbusiness,AA-484-DFW-MIA,4:15 p.m.,4:29 p.m.,D23,7:55 p.m.,7:39 p.m.,B6
usatoday,AA-484-DFW-MIA,4:15 p.m.,4:29 p.m.,D23,7:55 p.m.,7:39 p.m.,B6
myrateplan,AA-484-DFW-MIA,4:15 p.m.,4:29 p.m.,D23,7:55 p.m.,7:39 p.m.,B6
orbitz,AA-484-DFW-MIA,4:15 p.m.,4:29 p.m.,D23,7:55 p.m.,7:39 p.m.,B6
flytecomm,AA-484-DFW-MIA,4:15 p.m.,4:29 p.m.,D23,7:55 p.m.,7:39 p.m.,B6
wunderground,AA-484-DFW-MIA,4:15 p.m.,4:29 p.m.,D23,7:55 p.m.,7:39 p.m.,B6
flylouisville,AA-484-DFW-MIA,4:15 p.m.,4:29 p.m.,D23,7:55 p.m.,7:39 p.m.,B6
quicktrip,AA-484-DFW-MIA,4:15 p.m.,4:29 p.m.,D23,7:55 p.m.,7:39 p.m.,B6
allegiantair,AA-484-DFW-MIA,4:15 p.m.,4:29 p.m.,D23,7:55 p.m.,7:39 p.m.,B6
businesstravellogue,AA-484-DFW-MIA,4:15 p.m.,4:29 p.m.,D23,7:55 p.m.,7:39 p.m.,B6
gofox,AA-484-DFW-MIA,4:15 p.m.,4:29 p.m.,D23,7:55 p.m.,7:39 p.m.,B6
flightaware,AA-484-DFW-MIA,4:15 p.m.,4:29 p.m.,D23,7:55 p.m.,7:39 p.m.,B6
world-flight-tracker,AA-484-DFW-MIA,4:15 p.m.,4:29 p.m.,D23,7:55 p.m.,7:39 p.m.,B6
aa,AA-518-MIA-JFK,6:40 a.m.,6:54 a.m.,B9,9:25 a.m.,9:28 a.m.,D11
helloflight,AA-518-MIA-JFK,6:40 a.m.,6:54 a.m.,B9,9:25 a.m.,9:28 a.m.,D11
boston,AA-518-MIA-JFK,6:40 a.m.,6:54 a.m.,B9,9:25 a.m.,9:28 a.m.,D11
weather,AA-518-MIA-JFK,6:40 a.m.,6:54 a.m.,B9,9:25 a.m.,9:28 a.m.,D11
airtravelcenter,AA-518-MIA-JFK,6:40 a.m.,6:54 a.m.,B9,9:25 a.m.,9:28 a.m.,D11
flightview,AA-518-MIA-JFK,6:40 a.m.,6:54 a.m.,B9,9:25 a.m.,9:28 a.m.,D11
flightstats,AA-518-MIA-JFK,6:40 a.m.,6:54 a.m.,B9,9:25 a.m.,9:28 a.m.,D11
panynj,AA-518-MIA-JFK,6:40 a.m.,6:54 a.m.,B9,9:25 a.m.,9:28 a.m.,D11
flights,AA-518-MIA-JFK,6:40 a.m.,6:54 a.m.,B9,9:25 a.m.,9:28 a.m.,D11
travelocity,AA-518-MIA-JFK,6:40 a.m.,6:54 a.m.,B9,9:25 a.m.,9:28 a.m.,D11
foxbusiness,AA-518-MIA-JFK,6:40 a.m.,6:54 a.m.,B9,9:25 a.m.,9:28 a.m.,D11
usatoday,AA-518-MIA-JFK,6:40 a.m.,6:54 a.m.,B9,9:25 a.m.,9:28 a.m.,D11
myrateplan,AA-518-MIA-JFK,6:40 a.m.,6:54 a.m.,B9,9:25 a.m.,9:28 a.m.,D11
orbitz,AA-518-MIA-JFK,6:40 a.m.,6:54 a.m.,B9,9:25 a.m.,9:28 a.m.,D11
flytecomm,AA-518-MIA-JFK,6:40 a.m.,6:54 a.m.,B9,9:25 a.m.,9:28 a.m.,D11
wunderground,AA-518-MIA-JFK,6:40 a.m.,6:54 a.m.,B9,9:25 a.m.,9:28 a.m.,D11
flylouisville,AA-518-MIA-JFK,6:40 a.m.,6:54 a.m.,B9,9:25 a.m.,9:28 a.m.,D11
quicktrip,AA-518-MIA-JFK,6:40 a.m.,6:54 a.m.,B9,9:25 a.m.,9:28 a.m.,D11
allegiantair,AA-518-MIA-JFK,6:40 a.m.,6:54 a.m.,B9,9:25 a.m.,9:28 a.m.,D11
businesstravellogue,AA-518-MIA-JFK,6:40 a.m.,6:54 a.m.,B9,9:25 a.m.,9:28 a.m.,D11
gofox,AA-518-MIA-JFK,6:40 a.m.,6:54 a.m.,B9,9:25 a.m.,9:28 a.m.,D11
flightaware,AA-518-MIA-JFK,6:40 a.m.,6:54 a.m.,B9,9:25 a.m.,9:28 a.m.,D11
world-flight-tracker,AA-518-MIA-JFK,6:40 a.m.,6:54 a.m.,B9,9:25 a.m.,9:28 a.m.,D11
aa,AA-59-JFK-SFO,7:10 a.m.,7:39 a.m.,70B,10:45 a.m.,11:12 a.m.,6
helloflight,AA-59-JFK-SFO,7:10 a.m.,7:39 a.m.,70B,10:45 a.m.,11:12 a.m.,6
boston,AA-59-JFK-SFO,7:10 a.m.,7:39 a.m.,70B,10:45 a.m.,11:12 a.m.,6
weather,AA-59-JFK-SFO,7:10 a.m.,7:39 a.m.,70B,10:45 a.m.,11:12 a.m.,6
airtravelcenter,AA-59-JFK-SFO,7:10 a.m.,7:39 a.m.,70B,10:45 a.m.,11:12 a.m.,6
flightview,AA-59-JFK-SFO,7:10 a.m.,7:39 a.m.,70B,10:45 a.m.,11:12 a.m.,6
flightstats,AA-59-JFK-SFO,7:10 a.m.,7:39 a.m.,70B,10:45 a.m.,11:12 a.m.,6
panynj,AA-59-JFK-SFO,7:10 a.m.,7:39 a.m.,70B,10:45 a.m.,11:12 a.m.,6
flightexplorer,AA-59-JFK-SFO,7:10 a.m.,7:39 a.m.,70B,10:45 a.m.,11:12 a.m.,6
flights,AA-59-JFK-SFO,7:10 a.m.,7:39 a.m.,70B,10:45 a.m.,11:12 a.m.,6
flightarrival,AA-59-JFK-SFO,7:10 a.m.,7:39 a.m.,70B,10:45 a.m.,11:12 a.m.,6
flightwise,AA-59-JFK-SFO,7:10 a.m.,7:39 a.m.,70B,10:45 a.m.,11:12 a.m.,6
travelocity,AA-59-JFK-SFO,7:10 a.m.,7:39 a.m.,70B,10:45 a.m.,11:12 a.m.,6
foxbusiness,AA-59-JFK-SFO,7:10 a.m.,7:39 a.m.,70B,10:45 a.m.,11:12 a.m.,6
usatoday,AA-59-JFK-SFO,7:10 a.m.,7:39 a.m.,70B,10:45 a.m.,11:12 a.m.,6
myrateplan,AA-59-JFK-SFO,7:10 a.m.,7:39 a.m.,70B,10:45 a.m.,11:12 a.m.,6
orbitz,AA-59-JFK-SFO,7:10 a.m.,7:39 a.m.,70B,10:45 a.m.,11:12 a.m.,6
ifly,AA-59-JFK-SFO,7:10 a.m.,7:39 a.m.,70B,10:45 a.m.,11:12 a.m.,6
sfo,AA-59-JFK-SFO,7:10 a.m.,7:39 a.m.,70B,10:45 a.m.,11:12 a.m.,6
flytecomm,AA-59-JFK-SFO,7:10 a.m.,7:39 a.m.,70B,10:45 a.m.,11:12 a.m.,6
mytripandmore,AA-59-JFK-SFO,7:10 a.m.,7:39 a.m.,70B,10:45 a.m.,11:12 a.m.,6
wunderground,AA-59-JFK-SFO,7:10 a.m.,7:39 a.m.,70B,10:45 a.m.,11:12 a.m.,6
flylouisville,AA-59-JFK-SFO,7:10 a.m.,7:39 a.m.,70B,10:45 a.m.,11:12 a.m.,6
quicktrip,AA-59-JFK-SFO,7:10 a.m.,7:39 a.m.,70B,10:45 a.m.,11:12 a.m.,6
allegiantair,AA-59-JFK-SFO,7:10 a.m.,7:39 a.m.,70B,10:45 a.m.,11:12 a.m.,6
businesstravellogue,AA-59-JFK-SFO,7:10 a.m.,7:39 a.m.,70B,10:45 a.m.,11:12 a.m.,6
gofox,AA-59-JFK-SFO,7:10 a.m.,7:39 a.m.,70B,10:45 a.m.,11:12 a.m.,6
flightaware,AA-59-JFK-SFO,7:10 a.m.,7:39 a.m.,70B,10:45 a.m.,11:12 a.m.,6
world-flight-tracker,AA-59-JFK-SFO,7:10 a.m.,7:39 a.m.,70B,10:45 a.m.,11:12 a.m.,6
aa,AA-616-DFW-DTW,9:05 a.m.,10:10 a.m.,B13,12:35 p.m.,1:27 p.m.,58
helloflight,AA-616-DFW-DTW,9:05 a.m.,10:10 a.m.,B13,12:35 p.m.,1:27 p.m.,58
boston,AA-616-DFW-DTW,9:05 a.m.,10:10 a.m.,B13,12:35 p.m.,1:27 p.m.,58
weather,AA-616-DFW-DTW,9:05 a.m.,10:10 a.m.,B13,12:35 p.m.,1:27 p.m.,58
airtravelcenter,AA-616-DFW-DTW,9:05 a.m.,10:10 a.m.,B13,12:35 p.m.,1:27 p.m.,58
flightview,AA-616-DFW-DTW,9:05 a.m.,10:10 a.m.,B13,12:35 p.m.,1:27 p.m.,58
flightstats,AA-616-DFW-DTW,9:05 a.m.,10:10 a.m.,B13,12:35 p.m.,1:27 p.m.,58
panynj,AA-616-DFW-DTW,9:05 a.m.,10:10 a.m.,B13,12:35 p.m.,1:27 p.m.,58
flightexplorer,AA-616-DFW-DTW,9:05 a.m.,10:10 a.m.,B13,12:35 p.m.,1:27 p.m.,58
flights,AA-616-DFW-DTW,9:05 a.m.,10:10 a.m.,B13,12:35 p.m.,1:27 p.m.,58
flightarrival,AA-616-DFW-DTW,9:05 a.m.,10:10 a.m.,B13,12:35 p.m.,1:27 p.m.,58
travelocity,AA-616-DFW-DTW,9:05 a.m.,10:10 a.m.,B13,12:35 p.m.,1:27 p.m.,58
foxbusiness,AA-616-DFW-DTW,9:05 a.m.,10:10 a.m.,B13,12:35 p.m.,1:27 p.m.,58
myrateplan,AA-616-DFW-DTW,9:05 a.m.,10:10 a.m.,B13,12:35 p.m.,1:27 p.m.,58
orbitz,AA-616-DFW-DTW,9:05 a.m.,10:10 a.m.,B13,12:35 p.m.,1:27 p.m.,58
ifly,AA-616-DFW-DTW,9:05 a.m.,10:10 a.m.,B13,12:35 p.m.,1:27 p.m.,58
flytecomm,AA-616-DFW-DTW,9:05 a.m.,10:10 a.m.,B13,12:35 p.m.,1:27 p.m.,58
mytripandmore,AA-616-DFW-DTW,9:05 a.m.,10:10 a.m.,B13,12:35 p.m.,1:27 p.m.,58
wunderground,AA-616-DFW-DTW,9:05 a.m.,10:10 a.m.,B13,12:35 p.m.,1:27 p.m.,58
flylouisville,AA-616-DFW-DTW,9:05 a.m.,10:10 a.m.,B13,12:35 p.m.,1:27 p.m.,58
quicktrip,AA-616-DFW-DTW,9:05 a.m.,10:10 a.m.,B13,12:35 p.m.,1:27 p.m.,58
allegiantair,AA-616-DFW-DTW,9:05 a.m.,10:10 a.m.,B13,12:35 p.m.,1:27 p.m.,58
businesstravellogue,AA-616-DFW-DTW,9:05 a.m.,10:10 a.m.,B13,12:35 p.m.,1:27 p.m.,58
gofox,AA-616-DFW-DTW,9:05 a.m.,10:10 a.m.,B13,12:35 p.m.,1:27 p.m.,58
flightaware,AA-616-DFW-DTW,9:05 a.m.,10:10 a.m.,B13,12:35 p.m.,1:27 p.m.,58
world-flight-tracker,AA-616-DFW-DTW,9:05 a.m.,10:10 a.m.,B13,12:35 p.m.,1:27 p.m.,58
aa,AA-643-MIA-ORD,7:10 a.m.,7:30 a.m.,A38,9:35 a.m.,9:31 a.m.,D6
helloflight,AA-643-MIA-ORD,7:10 a.m.,7:30 a.m.,A38,9:35 a.m.,9:31 a.m.,D6
boston,AA-643-MIA-ORD,7:10 a.m.,7:30 a.m.,A38,9:35 a.m.,9:31 a.m.,D6
weather,AA-643-MIA-ORD,7:10 a.m.,7:30 a.m.,A38,9:35 a.m.,9:31 a.m.,D6
airtravelcenter,AA-643-MIA-ORD,7:10 a.m.,7:30 a.m.,A38,9:35 a.m.,9:31 a.m.,D6
flightview,AA-643-MIA-ORD,7:10 a.m.,5:30 p.m.,A38,9:35 a.m.,9:31 a.m.,D6
flightstats,AA-643-MIA-ORD,7:10 a.m.,7:30 a.m.,A38,9:35 a.m.,9:31 a.m.,D6
panynj,AA-643-MIA-ORD,7:10 a.m.,7:30 a.m.,A38,9:35 a.m.,9:31 a.m.,D6
flightexplorer,AA-643-MIA-ORD,7:10 a.m.,11:15 a.m.,A38,9:35 a.m.,9:31 a.m.,D6
flights,AA-643-MIA-ORD,7:10 a.m.,7:30 a.m.,A38,9:35 a.m.,9:31 a.m.,D6
flightwise,AA-643-MIA-ORD,7:10 a.m.,7:30 a.m.,A38,9:35 a.m.,9:31 a.m.,D6
travelocity,AA-643-MIA-ORD,7:10 a.m.,7:30 a.m.,A38,9:35 a.m.,9:31 a.m.,D6
foxbusiness,AA-643-MIA-ORD,7:10 a.m.,7:30 a.m.,A38,9:35 a.m.,9:31 a.m.,D6
myrateplan,AA-643-MIA-ORD,7:10 a.m.,7:30 a.m.,A38,9:35 a.m.,9:31 a.m.,D6
orbitz,AA-643-MIA-ORD,7:10 a.m.,6:02 a.m.,A38,9:35 a.m.,9:31 a.m.,D6
flytecomm,AA-643-MIA-ORD,7:10 a.m.,3:36 p.m.,A38,9:35 a.m.,9:31 a.m.,D6
mytripandmore,AA-643-MIA-ORD,7:10 a.m.,7:30 a.m.,A38,9:35 a.m.,9:31 a.m.,D6
ord,AA-643-MIA-ORD,7:10 a.m.,8:51 a.m.,A38,9:35 a.m.,9:31 a.m.,D6
wunderground,AA-643-MIA-ORD,7:10 a.m.,7:30 a.m.,A38,9:35 a.m.,9:31 a.m.,D6
flylouisville,AA-643-MIA-ORD,7:10 a.m.,7:30 a.m.,A38,9:35 a.m.,9:31 a.m.,D6
quicktrip,AA-643-MIA-ORD,7:10 a.m.,7:30 a.m.,A38,9:35 a.m.,9:31 a.m.,D6
allegiantair,AA-643-MIA-ORD,7:10 a.m.,7:30 a.m.,A38,9:35 a.m.,9:31 a.m.,D6
businesstravellogue,AA-643-MIA-ORD,7:10 a.m.,7:30 a.m.,A38,9:35 a.m.,9:31 a.m.,D6
gofox,AA-643-MIA-ORD,7:10 a.m.,7:30 a.m.,A38,9:35 a.m.,9:31 a.m.,D6
flightaware,AA-643-MIA-ORD,7:10 a.m.,10:10 a.m.,A38,9:35 a.m.,9:31 a.m.,D6
world-flight-tracker,AA-643-MIA-ORD,7:10 a.m.,7:30 a.m.,A38,9:35 a.m.,9:31 a.m.,D6
aa,AA-649-ORD-SNA,1:30 p.m.,1:30 p.m.,D23,3:50 p.m.,3:50 p.m.,C17
helloflight,AA-649-ORD-SNA,1:30 p.m.,1:30 p.m.,D23,3:50 p.m.,3:50 p.m.,C17
boston,AA-649-ORD-SNA,1:30 p.m.,1:30 p.m.,D23,3:50 p.m.,3:50 p.m.,C17
weather,AA-649-ORD-SNA,1:30 p.m.,1:30 p.m.,D23,3:50 p.m.,3:50 p.m.,C17
airtravelcenter,AA-649-ORD-SNA,1:30 p.m.,3:01 p.m.,D23,3:50 p.m.,3:50 p.m.,C17
flightview,AA-649-ORD-SNA,1:30 p.m.,1:30 p.m.,D23,3:50 p.m.,3:50 p.m.,C17
panynj,AA-649-ORD-SNA,1:30 p.m.,11:55 a.m.,D23,3:50 p.m.,3:50 p.m.,C17
flightexplorer,AA-649-ORD-SNA,1:30 p.m.,3:31 p.m.,D23,3:50 p.m.,3:50 p.m.,C17
flights,AA-649-ORD-SNA,1:30 p.m.,1:30 p.m.,D23,3:50 p.m.,3:50 p.m.,C17
travelocity,AA-649-ORD-SNA,1:30 p.m.,1:30 p.m.,D23,3:50 p.m.,3:50 p.m.,C17
foxbusiness,AA-649-ORD-SNA,1:30 p.m.,1:30 p.m.,D23,3:50 p.m.,3:50 p.m.,C17
myrateplan,AA-649-ORD-SNA,1:30 p.m.,1:30 p.m.,D23,3:50 p.m.,1:27 p.m.,C17
orbitz,AA-649-ORD-SNA,1:30 p.m.,6:56 a.m.,D23,3:50 p.m.,3:50 p.m.,C17
flytecomm,AA-649-ORD-SNA,1:30 p.m.,1:30 p.m.,D23,3:50 p.m.,1:40 p.m.,C17
mytripandmore,AA-649-ORD-SNA,1:30 p.m.,1:30 p.m.,D23,3:50 p.m.,3:50 p.m.,C17
wunderground,AA-649-ORD-SNA,1:30 p.m.,1:30 p.m.,D23,3:50 p.m.,3:50 p.m.,C17
flylouisville,AA-649-ORD-SNA,1:30 p.m.,1:30 p.m.,D23,3:50 p.m.,1:15 p.m.,C17
allegiantair,AA-649-ORD-SNA,1:30 p.m.,1:30 p.m.,D23,3:50 p.m.,3:50 p.m.,C17
businesstravellogue,AA-649-ORD-SNA,1:30 p.m.,1:30 p.m.,D23,3:50 p.m.,3:50 p.m.,C17
gofox,AA-649-ORD-SNA,1:30 p.m.,1:30 p.m.,D23,3:50 p.m.,3:50 p.m.,C17
flightaware,AA-649-ORD-SNA,1:30 p.m.,1:30 p.m.,D23,3:50 p.m.,3:50 p.m.,C17
world-flight-tracker,AA-649-ORD-SNA,1:30 p.m.,1:30 p.m.,D23,3:50 p.m.,3:50 p.m.,C17
aa,AA-789-ORD-DEN,1:05 p.m.,1:32 p.m.,H12,2:35 p.m.,3:13 p.m.,7
helloflight,AA-789-ORD-DEN,1:05 p.m.,1:19 p.m.,H12,2:35 p.m.,3:13 p.m.,7
boston,AA-789-ORD-DEN,1:05 p.m.,1:19 p.m.,H12,2:35 p.m.,3:13 p.m.,7
weather,AA-789-ORD-DEN,1:05 p.m.,1:19 p.m.,H12,2:35 p.m.,11:21 a.m.,7
airtravelcenter,AA-789-ORD-DEN,1:05 p.m.,1:19 p.m.,H12,2:35 p.m.,3:13 p.m.,7
flightview,AA-789-ORD-DEN,1:05 p.m.,1:19 p.m.,H12,2:35 p.m.,4:23 p.m.,7
flightstats,AA-789-ORD-DEN,1:05 p.m.,1:19 p.m.,H12,2:35 p.m.,3:13 p.m.,7
panynj,AA-789-ORD-DEN,1:05 p.m.,1:19 p.m.,H12,2:35 p.m.,3:13 p.m.,7
flightexplorer,AA-789-ORD-DEN,1:05 p.m.,1:19 p.m.,H12,2:35 p.m.,3:13 p.m.,7
flights,AA-789-ORD-DEN,1:05 p.m.,8:26 a.m.,H12,2:35 p.m.,3:13 p.m.,7
flightwise,AA-789-ORD-DEN,1:05 p.m.,1:19 p.m.,H12,2:35 p.m.,3:13 p.m.,7
travelocity,AA-789-ORD-DEN,1:05 p.m.,12:35 p.m.,H12,2:35 p.m.,3:13 p.m.,7
foxbusiness,AA-789-ORD-DEN,1:05 p.m.,11:32 a.m.,H12,2:35 p.m.,3:13 p.m.,7
usatoday,AA-789-ORD-DEN,1:05 p.m.,1:19 p.m.,H12,2:35 p.m.,4:17 p.m.,7
myrateplan,AA-789-ORD-DEN,1:05 p.m.,1:19 p.m.,H12,2:35 p.m.,3:13 p.m.,7
orbitz,AA-789-ORD-DEN,1:05 p.m.,7:30 a.m.,H12,2:35 p.m.,3:13 p.m.,7
ifly,AA-789-ORD-DEN,1:05 p.m.,1:19 p.m.,H12,2:35 p.m.,3:13 p.m.,7
flytecomm,AA-789-ORD-DEN,1:05 p.m.,1:19 p.m.,H12,2:35 p.m.,9:28 a.m.,7
ord,AA-789-ORD-DEN,1:05 p.m.,12:11 p.m.,H12,2:35 p.m.,3:13 p.m.,7
wunderground,AA-789-ORD-DEN,1:05 p.m.,1:19 p.m.,H12,2:35 p.m.,3:13 p.m.,7
flylouisville,AA-789-ORD-DEN,1:05 p.m.,1:19 p.m.,H12,2:35 p.m.,3:13 p.m.,7
quicktrip,AA-789-ORD-DEN,1:05 p.m.,1:19 p.m.,H12,2:35 p.m.,3:13 p.m.,7
allegiantair,AA-789-ORD-DEN,1:05 p.m.,1:19 p.m.,H12,2:35 p.m.,3:13 p.m.,7
businesstravellogue,AA-789-ORD-DEN,1:05 p.m.,1:19 p.m.,H12,2:35 p.m.,3:13 p.m.,7
den,AA-789-ORD-DEN,1:05 p.m.,8:52 a.m.,H12,2:35 p.m.,3:13 p.m.,7
gofox,AA-789-ORD-DEN,1:05 p.m.,1:19 p.m.,H12,2:35 p.m.,3:13 p.m.,7
flightaware,AA-789-ORD-DEN,1:05 p.m.,1:19 p.m.,H12,2:35 p.m.,3:13 p.m.,7
world-flight-tracker,AA-789-ORD-DEN,1:05 p.m.,12:41 p.m.,H12,2:35 p.m.,3:13 p.m.,7
aa,AA-85-JFK-SFO,3:05 p.m.,12:10 p.m.,D42,6:30 p.m.,6:43 p.m.,14
helloflight,AA-85-JFK-SFO,3:05 p.m.,3:36 p.m.,D42,6:30 p.m.,2:27 p.m.,14
boston,AA-85-JFK-SFO,3:05 p.m.,7:16 a.m.,D42,6:30 p.m.,6:43 p.m.,14
weather,AA-85-JFK-SFO,3:05 p.m.,3:36 p.m.,D42,6:30 p.m.,6:43 p.m.,14
airtravelcenter,AA-85-JFK-SFO,3:05 p.m.,10:54 a.m.,D42,6:30 p.m.,6:43 p.m.,14
flightview,AA-85-JFK-SFO,3:05 p.m.,3:36 p.m.,D42,6:30 p.m.,6:43 p.m.,14
flightstats,AA-85-JFK-SFO,3:05 p.m.,3:36 p.m.,D42,6:30 p.m.,6:43 p.m.,14
panynj,AA-85-JFK-SFO,3:05 p.m.,3:36 p.m.,D42,6:30 p.m.,6:43 p.m.,14
flights,AA-85-JFK-SFO,3:05 p.m.,3:36 p.m.,D42,6:30 p.m.,6:43 p.m.,14
flightarrival,AA-85-JFK-SFO,3:05 p.m.,3:36 p.m.,D42,6:30 p.m.,6:43 p.m.,14
flightwise,AA-85-JFK-SFO,3:05 p.m.,3:36 p.m.,D42,6:30 p.m.,6:43 p.m.,14
travelocity,AA-85-JFK-SFO,3:05 p.m.,3:36 p.m.,D42,6:30 p.m.,6:43 p.m.,14
foxbusiness,AA-85-JFK-SFO,3:05 p.m.,3:36 p.m.,D42,6:30 p.m.,6:40 p.m.,14
usatoday,AA-85-JFK-SFO,3:05 p.m.,8:51 a.m.,D42,6:30 p.m.,6:43 p.m.,14
myrateplan,AA-85-JFK-SFO,3:05 p.m.,8:23 p.m.,D42,6:30 p.m.,6:43 p.m.,14
orbitz,AA-85-JFK-SFO,3:05 p.m.,3:36 p.m.,D42,6:30 p.m.,6:43 p.m.,14
sfo,AA-85-JFK-SFO,3:05 p.m.,3:36 p.m.,D42,6:30 p.m.,6:36 p.m.,14
flytecomm,AA-85-JFK-SFO,3:05 p.m.,3:36 p.m.,D42,6:30 p.m.,6:43 p.m.,14
wunderground,AA-85-JFK-SFO,3:05 p.m.,3:36 p.m.,D42,6:30 p.m.,6:43 p.m.,14
flylouisville,AA-85-JFK-SFO,3:05 p.m.,3:36 p.m.,D42,6:30 p.m.,6:43 p.m.,14
quicktrip,AA-85-JFK-SFO,3:05 p.m.,5:30 p.m.,D42,6:30 p.m.,6:43 p.m.,14
allegiantair,AA-85-JFK-SFO,3:05 p.m.,3:36 p.m.,D42,6:30 p.m.,6:43 p.m.,14
businesstravellogue,AA-85-JFK-SFO,3:05 p.m.,3:36 p.m.,D42,6:30 p.m.,9:32 a.m.,14
gofox,AA-85-JFK-SFO,3:05 p.m.,3:36 p.m.,D42,6:30 p.m.,6:43 p.m.,14
flightaware,AA-85-JFK-SFO,3:05 p.m.,3:36 p.m.,D42,6:30 p.m.,3:33 p.m.,14
world-flight-tracker,AA-85-JFK-SFO,3:05 p.m.,3:36 p.m.,D42,6:30 p.m.,6:43 p.m.,14
helloflight,CO-1023-IAH-DEN,11:40 a.m.,7:31 a.m.,D18,1:17 p.m.,1:14 p.m.,E6
boston,CO-1023-IAH-DEN,11:40 a.m.,8:23 p.m.,D18,1:17 p.m.,1:14 p.m.,E6
airtravelcenter,CO-1023-IAH-DEN,11:40 a.m.,9:14 a.m.,D18,1:17 p.m.,1:14 p.m.,E6
flightview,CO-1023-IAH-DEN,11:40 a.m.,11:56 a.m.,D18,1:17 p.m.,1:14 p.m.,E6
flightstats,CO-1023-IAH-DEN,11:40 a.m.,11:56 a.m.,D18,1:17 p.m.,3:13 p.m.,E6
panynj,CO-1023-IAH-DEN,11:40 a.m.,11:56 a.m.,D18,1:17 p.m.,1:14 p.m.,E6
flightexplorer,CO-1023-IAH-DEN,11:40 a.m.,11:56 a.m.,D18,1:17 p.m.,1:14 p.m.,E6
flights,CO-1023-IAH-DEN,11:40 a.m.,7:31 a.m.,D18,1:17 p.m.,1:14 p.m.,E6
foxbusiness,CO-1023-IAH-DEN,11:40 a.m.,11:56 a.m.,D18,1:17 p.m.,1:14 p.m.,E6
myrateplan,CO-1023-IAH-DEN,11:40 a.m.,11:56 a.m.,D18,1:17 p.m.,2:50 p.m.,E6
orbitz,CO-1023-IAH-DEN,11:40 a.m.,11:56 a.m.,D18,1:17 p.m.,1:14 p.m.,E6
CO,CO-1023-IAH-DEN,11:40 a.m.,7:39 a.m.,D18,1:17 p.m.,1:14 p.m.,E6
flytecomm,CO-1023-IAH-DEN,11:40 a.m.,11:56 a.m.,D18,1:17 p.m.,1:14 p.m.,E6
mytripandmore,CO-1023-IAH-DEN,11:40 a.m.,11:56 a.m.,D18,1:17 p.m.,1:14 p.m.,E6
wunderground,CO-1023-IAH-DEN,11:40 a.m.,11:56 a.m.,D18,1:17 p.m.,1:14 p.m.,E6
flylouisville,CO-1023-IAH-DEN,11:40 a.m.,11:56 a.m.,D18,1:17 p.m.,3:43 p.m.,E6
quicktrip,CO-1023-IAH-DEN,11:40 a.m.,11:56 a.m.,D18,1:17 p.m.,1:14 p.m.,E6
allegiantair,CO-1023-IAH-DEN,11:40 a.m.,11:56 a.m.,D18,1:17 p.m.,6:43 p.m.,E6
businesstravellogue,CO-1023-IAH-DEN,11:40 a.m.,11:56 a.m.,D18,1:17 p.m.,1:14 p.m.,E6
den,CO-1023-IAH-DEN,11:40 a.m.,11:56 a.m.,D18,1:17 p.m.,1:14 p.m.,E6
gofox,CO-1023-IAH-DEN,11:40 a.m.,11:56 a.m.,D18,1:17 p.m.,1:14 p.m.,E6
flightaware,CO-1023-IAH-DEN,11:40 a.m.,12:41 p.m.,D18,1:17 p.m.,1:14 p.m.,E6
helloflight,CO-1088-CLE-IAH,8:40 a.m.,12:12 p.m.,A2G,10:54 a.m.,10:56 a.m.,B13
boston,CO-1088-CLE-IAH,8:40 a.m.,8:40 a.m.,A2G,10:54 a.m.,10:56 a.m.,B13
weather,CO-1088-CLE-IAH,8:40 a.m.,8:40 a.m.,A2G,10:54 a.m.,10:56 a.m.,B13
airtravelcenter,CO-1088-CLE-IAH,8:40 a.m.,8:56 a.m.,A2G,10:54 a.m.,10:56 a.m.,B13
flightview,CO-1088-CLE-IAH,8:40 a.m.,8:40 a.m.,A2G,10:54 a.m.,10:56 a.m.,B13
flightstats,CO-1088-CLE-IAH,8:40 a.m.,3:31 p.m.,A2G,10:54 a.m.,10:56 a.m.,B13
panynj,CO-1088-CLE-IAH,8:40 a.m.,8:40 a.m.,A2G,10:54 a.m.,3:04 p.m.,B13
flights,CO-1088-CLE-IAH,8:40 a.m.,8:40 a.m.,A2G,10:54 a.m.,10:56 a.m.,B13
flightarrival,CO-1088-CLE-IAH,8:40 a.m.,8:40 a.m.,A2G,10:54 a.m.,10:56 a.m.,B13
travelocity,CO-1088-CLE-IAH,8:40 a.m.,7:58 p.m.,A2G,10:54 a.m.,10:56 a.m.,B13
foxbusiness,CO-1088-CLE-IAH,8:40 a.m.,8:40 a.m.,A2G,10:54 a.m.,10:56 a.m.,B13
myrateplan,CO-1088-CLE-IAH,8:40 a.m.,8:40 a.m.,A2G,10:54 a.m.,10:29 p.m.,B13
orbitz,CO-1088-CLE-IAH,8:40 a.m.,8:40 a.m.,A2G,10:54 a.m.,10:56 a.m.,B13
CO,CO-1088-CLE-IAH,8:40 a.m.,8:40 a.m.,A2G,10:54 a.m.,10:56 a.m.,B13
flytecomm,CO-1088-CLE-IAH,8:40 a.m.,8:40 a.m.,A2G,10:54 a.m.,10:56 a.m.,B13
flylouisville,CO-1088-CLE-IAH,8:40 a.m.,8:40 a.m.,A2G,10:54 a.m.,12:09 p.m.,B13
quicktrip,CO-1088-CLE-IAH,8:40 a.m.,8:40 a.m.,A2G,10:54 a.m.,10:56 a.m.,B13
allegiantair,CO-1088-CLE-IAH,8:40 a.m.,8:40 a.m.,A2G,10:54 a.m.,10:56 a.m.,B13
businesstravellogue,CO-1088-CLE-IAH,8:40 a.m.,8:25 p.m.,A2G,10:54 a.m.,10:56 a.m.,B13
gofox,CO-1088-CLE-IAH,8:40 a.m.,8:40 a.m.,A2G,10:54 a.m.,10:56 a.m.,B13
helloflight,CO-1090-BOS-IAH,9:45 a.m.,10:19 a.m.,D23,1:16 p.m.,1:19 p.m.,B2
boston,CO-1090-BOS-IAH,9:45 a.m.,8:26 a.m.,D23,1:16 p.m.,1:19 p.m.,B2
weather,CO-1090-BOS-IAH,9:45 a.m.,10:19 a.m.,D23,1:16 p.m.,1:19 p.m.,B2
airtravelcenter,CO-1090-BOS-IAH,9:45 a.m.,10:19 a.m.,D23,1:16 p.m.,1:19 p.m.,B2
flightview,CO-1090-BOS-IAH,9:45 a.m.,10:19 a.m.,D23,1:16 p.m.,1:19 p.m.,B2
flightstats,CO-1090-BOS-IAH,9:45 a.m.,10:19 a.m.,D23,1:16 p.m.,1:19 p.m.,B2
panynj,CO-1090-BOS-IAH,9:45 a.m.,10:19 a.m.,D23,1:16 p.m.,11:44 a.m.,B2
flights,CO-1090-BOS-IAH,9:45 a.m.,10:19 a.m.,D23,1:16 p.m.,10:56 a.m.,B2
flightarrival,CO-1090-BOS-IAH,9:45 a.m.,10:19 a.m.,D23,1:16 p.m.,1:19 p.m.,B2
foxbusiness,CO-1090-BOS-IAH,9:45 a.m.,10:19 a.m.,D23,1:16 p.m.,1:19 p.m.,B2
myrateplan,CO-1090-BOS-IAH,9:45 a.m.,10:19 a.m.,D23,1:16 p.m.,1:19 p.m.,B2
orbitz,CO-1090-BOS-IAH,9:45 a.m.,11:32 a.m.,D23,1:16 p.m.,1:19 p.m.,B2
CO,CO-1090-BOS-IAH,9:45 a.m.,10:19 a.m.,D23,1:16 p.m.,1:19 p.m.,B2
ifly,CO-1090-BOS-IAH,9:45 a.m.,4:12 p.m.,D23,1:16 p.m.,1:19 p.m.,B2
flytecomm,CO-1090-BOS-IAH,9:45 a.m.,10:19 a.m.,D23,1:16 p.m.,1:19 p.m.,B2
mytripandmore,CO-1090-BOS-IAH,9:45 a.m.,10:19 a.m.,D23,1:16 p.m.,1:19 p.m.,B2
flylouisville,CO-1090-BOS-IAH,9:45 a.m.,10:19 a.m.,D23,1:16 p.m.,1:19 p.m.,B2
quicktrip,CO-1090-BOS-IAH,9:45 a.m.,11:56 a.m.,D23,1:16 p.m.,1:19 p.m.,B2
allegiantair,CO-1090-BOS-IAH,9:45 a.m.,10:20 a.m.,D23,1:16 p.m.,1:19 p.m.,B2
businesstravellogue,CO-1090-BOS-IAH,9:45 a.m.,10:19 a.m.,D23,1:16 p.m.,1:19 p.m.,B2
gofox,CO-1090-BOS-IAH,9:45 a.m.,10:19 a.m.,D23,1:16 p.m.,1:19 p.m.,B2
helloflight,CO-1193-EWR-MCO,9:15 a.m.,9:14 a.m.,A21,12:18 p.m.,12:09 p.m.,C24
boston,CO-1193-EWR-MCO,9:15 a.m.,9:14 a.m.,A21,12:18 p.m.,12:09 p.m.,C24
weather,CO-1193-EWR-MCO,9:15 a.m.,9:14 a.m.,A21,12:18 p.m.,12:09 p.m.,C24
airtravelcenter,CO-1193-EWR-MCO,9:15 a.m.,9:14 a.m.,A21,12:18 p.m.,12:09 p.m.,C24
flightview,CO-1193-EWR-MCO,9:15 a.m.,9:14 a.m.,A21,12:18 p.m.,12:09 p.m.,C24
flightstats,CO-1193-EWR-MCO,9:15 a.m.,9:14 a.m.,A21,12:18 p.m.,12:09 p.m.,C24
panynj,CO-1193-EWR-MCO,9:15 a.m.,9:14 a.m.,A21,12:18 p.m.,12:09 p.m.,C24
flightexplorer,CO-1193-EWR-MCO,9:15 a.m.,9:14 a.m.,A21,12:18 p.m.,12:09 p.m.,C24
mco,CO-1193-EWR-MCO,9:15 a.m.,8:56 a.m.,A21,12:18 p.m.,12:09 p.m.,C24
flights,CO-1193-EWR-MCO,9:15 a.m.,9:14 a.m.,A21,12:18 p.m.,12:09 p.m.,C24
flightarrival,CO-1193-EWR-MCO,9:15 a.m.,9:14 a.m.,A21,12:18 p.m.,12:09 p.m.,C24
travelocity,CO-1193-EWR-MCO,9:15 a.m.,9:14 a.m.,A21,12:18 p.m.,12:09 p.m.,C24
foxbusiness,CO-1193-EWR-MCO,9:15 a.m.,9:14 a.m.,A21,12:18 p.m.,12:09 p.m.,C24
usatoday,CO-1193-EWR-MCO,9:15 a.m.,7:14 p.m.,A21,12:18 p.m.,12:09 p.m.,C24
myrateplan,CO-1193-EWR-MCO,9:15 a.m.,12:41 a.m.,A21,12:18 p.m.,12:09 p.m.,C24
orbitz,CO-1193-EWR-MCO,9:15 a.m.,3:01 p.m.,A21,12:18 p.m.,12:09 p.m.,C24
CO,CO-1193-EWR-MCO,9:15 a.m.,9:14 a.m.,A21,12:18 p.m.,12:09 p.m.,C24
flytecomm,CO-1193-EWR-MCO,9:15 a.m.,10:19 a.m.,A21,12:18 p.m.,12:09 p.m.,C24
wunderground,CO-1193-EWR-MCO,9:15 a.m.,9:14 a.m.,A21,12:18 p.m.,12:09 p.m.,C24
flylouisville,CO-1193-EWR-MCO,9:15 a.m.,8:51 a.m.,A21,12:18 p.m.,12:09 p.m.,C24
quicktrip,CO-1193-EWR-MCO,9:15 a.m.,6:55 p.m.,A21,12:18 p.m.,12:09 p.m.,C24
allegiantair,CO-1193-EWR-MCO,9:15 a.m.,9:14 a.m.,A21,12:18 p.m.,12:09 p.m.,C24
businesstravellogue,CO-1193-EWR-MCO,9:15 a.m.,9:14 a.m.,A21,12:18 p.m.,12:09 p.m.,C24
gofox,CO-1193-EWR-MCO,9:15 a.m.,9:14 a.m.,A21,12:18 p.m.,12:09 p.m.,C24
flightaware,CO-1193-EWR-MCO,9:15 a.m.,9:14 a.m.,A21,12:18 p.m.,12:09 p.m.,C24
world-flight-tracker,CO-1193-EWR-MCO,9:15 a.m.,9:14 a.m.,A21,12:18 p.m.,12:09 p.m.,C24
helloflight,CO-1250-MIA-IAH,2:53 p.m.,3:01 p.m.,C134,4:48 p.m.,4:59 p.m.,39
boston,CO-1250-MIA-IAH,2:53 p.m.,3:01 p.m.,C134,4:48 p.m.,4:59 p.m.,39
weather,CO-1250-MIA-IAH,2:53 p.m.,3:01 p.m.,C134,4:48 p.m.,4:59 p.m.,39
airtravelcenter,CO-1250-MIA-IAH,2:53 p.m.,3:01 p.m.,C134,4:48 p.m.,4:59 p.m.,39
flightview,CO-1250-MIA-IAH,2:53 p.m.,3:01 p.m.,C134,4:48 p.m.,4:59 p.m.,39
flightstats,CO-1250-MIA-IAH,2:53 p.m.,3:01 p.m.,C134,4:48 p.m.,4:59 p.m.,39
panynj,CO-1250-MIA-IAH,2:53 p.m.,3:01 p.m.,C134,4:48 p.m.,4:59 p.m.,39
flights,CO-1250-MIA-IAH,2:53 p.m.,3:01 p.m.,C134,4:48 p.m.,4:59 p.m.,39
travelocity,CO-1250-MIA-IAH,2:53 p.m.,6:10 a.m.,C134,4:48 p.m.,4:59 p.m.,39
foxbusiness,CO-1250-MIA-IAH,2:53 p.m.,3:01 p.m.,C134,4:48 p.m.,4:59 p.m.,39
usatoday,CO-1250-MIA-IAH,2:53 p.m.,8:26 a.m.,C134,4:48 p.m.,4:59 p.m.,39
myrateplan,CO-1250-MIA-IAH,2:53 p.m.,3:01 p.m.,C134,4:48 p.m.,4:59 p.m.,39
orbitz,CO-1250-MIA-IAH,2:53 p.m.,3:01 p.m.,C134,4:48 p.m.,4:59 p.m.,39
CO,CO-1250-MIA-IAH,2:53 p.m.,3:01 p.m.,C134,4:48 p.m.,4:59 p.m.,39
ifly,CO-1250-MIA-IAH,2:53 p.m.,3:01 p.m.,C134,4:48 p.m.,4:59 p.m.,39
flytecomm,CO-1250-MIA-IAH,2:53 p.m.,3:01 p.m.,C134,4:48 p.m.,4:59 p.m.,39
mytripandmore,CO-1250-MIA-IAH,2:53 p.m.,3:01 p.m.,C134,4:48 p.m.,4:59 p.m.,39
flylouisville,CO-1250-MIA-IAH,2:53 p.m.,12:41 a.m.,C134,4:48 p.m.,4:59 p.m.,39
quicktrip,CO-1250-MIA-IAH,2:53 p.m.,3:01 p.m.,C134,4:48 p.m.,4:59 p.m.,39
allegiantair,CO-1250-MIA-IAH,2:53 p.m.,6:57 a.m.,C134,4:48 p.m.,4:59 p.m.,39
businesstravellogue,CO-1250-MIA-IAH,2:53 p.m.,3:01 p.m.,C134,4:48 p.m.,4:59 p.m.,39
gofox,CO-1250-MIA-IAH,2:53 p.m.,3:01 p.m.,C134,4:48 p.m.,4:59 p.m.,39
helloflight,CO-1561-PHX-IAH,8:05 a.m.,7:27 a.m.,K15,11:35 a.m.,11:32 a.m.,6
boston,CO-1561-PHX-IAH,8:05 a.m.,8:00 a.m.,K15,11:35 a.m.,11:32 a.m.,6
weather,CO-1561-PHX-IAH,8:05 a.m.,2:55 p.m.,K15,11:35 a.m.,11:32 a.m.,6
airtravelcenter,CO-1561-PHX-IAH,8:05 a.m.,8:00 a.m.,K15,11:35 a.m.,11:32 a.m.,6
flightview,CO-1561-PHX-IAH,8:05 a.m.,8:00 a.m.,K15,11:35 a.m.,11:32 a.m.,6
flightstats,CO-1561-PHX-IAH,8:05 a.m.,8:00 a.m.,K15,11:35 a.m.,11:32 a.m.,6
panynj,CO-1561-PHX-IAH,8:05 a.m.,8:00 a.m.,K15,11:35 a.m.,11:32 a.m.,6
flightexplorer,CO-1561-PHX-IAH,8:05 a.m.,4:15 p.m.,K15,11:35 a.m.,11:32 a.m.,6
flights,CO-1561-PHX-IAH,8:05 a.m.,8:00 a.m.,K15,11:35 a.m.,11:32 a.m.,6
flightarrival,CO-1561-PHX-IAH,8:05 a.m.,2:55 p.m.,K15,11:35 a.m.,11:32 a.m.,6
travelocity,CO-1561-PHX-IAH,8:05 a.m.,8:00 a.m.,K15,11:35 a.m.,11:32 a.m.,6
foxbusiness,CO-1561-PHX-IAH,8:05 a.m.,8:00 a.m.,K15,11:35 a.m.,11:32 a.m.,6
myrateplan,CO-1561-PHX-IAH,8:05 a.m.,6:08 a.m.,K15,11:35 a.m.,11:32 a.m.,6
orbitz,CO-1561-PHX-IAH,8:05 a.m.,8:00 a.m.,K15,11:35 a.m.,11:32 a.m.,6
CO,CO-1561-PHX-IAH,8:05 a.m.,8:00 a.m.,K15,11:35 a.m.,11:32 a.m.,6
flytecomm,CO-1561-PHX-IAH,8:05 a.m.,8:00 a.m.,K15,11:35 a.m.,11:32 a.m.,6
flylouisville,CO-1561-PHX-IAH,8:05 a.m.,8:00 a.m.,K15,11:35 a.m.,11:32 a.m.,6
quicktrip,CO-1561-PHX-IAH,8:05 a.m.,8:00 a.m.,K15,11:35 a.m.,11:32 a.m.,6
allegiantair,CO-1561-PHX-IAH,8:05 a.m.,8:00 a.m.,K15,11:35 a.m.,11:32 a.m.,6
businesstravellogue,CO-1561-PHX-IAH,8:05 a.m.,8:00 a.m.,K15,11:35 a.m.,11:32 a.m.,6
gofox,CO-1561-PHX-IAH,8:05 a.m.,8:00 a.m.,K15,11:35 a.m.,11:32 a.m.,6
helloflight,CO-1586-IAH-MCO,7:00 p.m.,7:14 p.m.,78A,10:15 p.m.,10:29 p.m.,--
boston,CO-1586-IAH-MCO,7:00 p.m.,7:14 p.m.,78A,10:15 p.m.,10:29 p.m.,--
airtravelcenter,CO-1586-IAH-MCO,7:00 p.m.,7:14 p.m.,78A,10:15 p.m.,10:29 p.m.,--
flightview,CO-1586-IAH-MCO,7:00 p.m.,7:16 a.m.,78A,10:15 p.m.,10:29 p.m.,--
flightstats,CO-1586-IAH-MCO,7:00 p.m.,7:14 p.m.,78A,10:15 p.m.,10:29 p.m.,--
panynj,CO-1586-IAH-MCO,7:00 p.m.,7:14 p.m.,78A,10:15 p.m.,10:29 p.m.,--
flightexplorer,CO-1586-IAH-MCO,7:00 p.m.,2:26 p.m.,78A,10:15 p.m.,10:29 p.m.,--
mco,CO-1586-IAH-MCO,7:00 p.m.,7:14 p.m.,78A,10:15 p.m.,10:29 p.m.,--
flights,CO-1586-IAH-MCO,7:00 p.m.,7:14 p.m.,78A,10:15 p.m.,10:29 p.m.,--
foxbusiness,CO-1586-IAH-MCO,7:00 p.m.,7:14 p.m.,78A,10:15 p.m.,10:29 p.m.,--
usatoday,CO-1586-IAH-MCO,7:00 p.m.,4:00 p.m.,78A,10:15 p.m.,10:29 p.m.,--
myrateplan,CO-1586-IAH-MCO,7:00 p.m.,7:14 p.m.,78A,10:15 p.m.,10:29 p.m.,--
orbitz,CO-1586-IAH-MCO,7:00 p.m.,7:14 p.m.,78A,10:15 p.m.,10:29 p.m.,--
CO,CO-1586-IAH-MCO,7:00 p.m.,7:14 p.m.,78A,10:15 p.m.,10:29 p.m.,--
flytecomm,CO-1586-IAH-MCO,7:00 p.m.,7:14 p.m.,78A,10:15 p.m.,10:29 p.m.,--
mytripandmore,CO-1586-IAH-MCO,7:00 p.m.,7:14 p.m.,78A,10:15 p.m.,10:29 p.m.,--
wunderground,CO-1586-IAH-MCO,7:00 p.m.,7:14 p.m.,78A,10:15 p.m.,10:29 p.m.,--
flylouisville,CO-1586-IAH-MCO,7:00 p.m.,11:25 p.m.,78A,10:15 p.m.,10:29 p.m.,--
quicktrip,CO-1586-IAH-MCO,7:00 p.m.,7:14 p.m.,78A,10:15 p.m.,10:29 p.m.,--
allegiantair,CO-1586-IAH-MCO,7:00 p.m.,7:14 p.m.,78A,10:15 p.m.,10:29 p.m.,--
businesstravellogue,CO-1586-IAH-MCO,7:00 p.m.,7:14 p.m.,78A,10:15 p.m.,10:29 p.m.,--
gofox,CO-1586-IAH-MCO,7:00 p.m.,7:14 p.m.,78A,10:15 p.m.,10:29 p.m.,--
flightaware,CO-1586-IAH-MCO,7:00 p.m.,11:01 a.m.,78A,10:15 p.m.,10:29 p.m.,--
helloflight,CO-1614-LAX-IAH,12:30 a.m.,7:39 a.m.,A37,5:35 a.m.,5:26 a.m.,C13
boston,CO-1614-LAX-IAH,12:30 a.m.,12:41 a.m.,A37,5:35 a.m.,5:26 a.m.,C13
weather,CO-1614-LAX-IAH,12:30 a.m.,12:41 a.m.,A37,5:35 a.m.,5:26 a.m.,C13
airtravelcenter,CO-1614-LAX-IAH,12:30 a.m.,12:41 a.m.,A37,5:35 a.m.,5:26 a.m.,C13
flightview,CO-1614-LAX-IAH,12:30 a.m.,3:36 p.m.,A37,5:35 a.m.,5:26 a.m.,C13
flightstats,CO-1614-LAX-IAH,12:30 a.m.,12:41 a.m.,A37,5:35 a.m.,5:26 a.m.,C13
panynj,CO-1614-LAX-IAH,12:30 a.m.,12:41 a.m.,A37,5:35 a.m.,5:26 a.m.,C13
flightexplorer,CO-1614-LAX-IAH,12:30 a.m.,12:41 a.m.,A37,5:35 a.m.,5:26 a.m.,C13
flights,CO-1614-LAX-IAH,12:30 a.m.,8:52 a.m.,A37,5:35 a.m.,5:26 a.m.,C13
flightarrival,CO-1614-LAX-IAH,12:30 a.m.,11:40 a.m.,A37,5:35 a.m.,5:26 a.m.,C13
foxbusiness,CO-1614-LAX-IAH,12:30 a.m.,12:41 a.m.,A37,5:35 a.m.,5:26 a.m.,C13
myrateplan,CO-1614-LAX-IAH,12:30 a.m.,12:41 a.m.,A37,5:35 a.m.,5:26 a.m.,C13
orbitz,CO-1614-LAX-IAH,12:30 a.m.,12:41 a.m.,A37,5:35 a.m.,5:26 a.m.,C13
CO,CO-1614-LAX-IAH,12:30 a.m.,12:41 a.m.,A37,5:35 a.m.,5:26 a.m.,C13
ifly,CO-1614-LAX-IAH,12:30 a.m.,12:41 a.m.,A37,5:35 a.m.,5:26 a.m.,C13
flytecomm,CO-1614-LAX-IAH,12:30 a.m.,12:41 a.m.,A37,5:35 a.m.,5:26 a.m.,C13
mytripandmore,CO-1614-LAX-IAH,12:30 a.m.,12:41 a.m.,A37,5:35 a.m.,5:26 a.m.,C13
flylouisville,CO-1614-LAX-IAH,12:30 a.m.,11:05 a.m.,A37,5:35 a.m.,5:26 a.m.,C13
quicktrip,CO-1614-LAX-IAH,12:30 a.m.,12:41 a.m.,A37,5:35 a.m.,5:26 a.m.,C13
allegiantair,CO-1614-LAX-IAH,12:30 a.m.,12:41 a.m.,A37,5:35 a.m.,5:26 a.m.,C13
businesstravellogue,CO-1614-LAX-IAH,12:30 a.m.,12:41 a.m.,A37,5:35 a.m.,5:26 a.m.,C13
gofox,CO-1614-LAX-IAH,12:30 a.m.,12:41 a.m.,A37,5:35 a.m.,5:26 a.m.,C13
helloflight,CO-1694-LAX-IAH,7:15 p.m.,7:15 p.m.,D5,12:21 a.m.,12:21 a.m.,72
boston,CO-1694-LAX-IAH,7:15 p.m.,5:22 p.m.,D5,12:21 a.m.,12:21 a.m.,72
weather,CO-1694-LAX-IAH,7:15 p.m.,8:26 a.m.,D5,12:21 a.m.,12:21 a.m.,72
airtravelcenter,CO-1694-LAX-IAH,7:15 p.m.,8:56 a.m.,D5,12:21 a.m.,12:21 a.m.,72
flightview,CO-1694-LAX-IAH,7:15 p.m.,7:15 p.m.,D5,12:21 a.m.,12:21 a.m.,72
flightstats,CO-1694-LAX-IAH,7:15 p.m.,7:15 p.m.,D5,12:21 a.m.,12:21 a.m.,72
panynj,CO-1694-LAX-IAH,7:15 p.m.,7:15 p.m.,D5,12:21 a.m.,12:21 a.m.,72
flights,CO-1694-LAX-IAH,7:15 p.m.,7:15 p.m.,D5,12:21 a.m.,12:21 a.m.,72
flightarrival,CO-1694-LAX-IAH,7:15 p.m.,8:39 p.m.,D5,12:21 a.m.,12:21 a.m.,72
flightwise,CO-1694-LAX-IAH,7:15 p.m.,7:15 p.m.,D5,12:21 a.m.,12:21 a.m.,72
travelocity,CO-1694-LAX-IAH,7:15 p.m.,7:15 p.m.,D5,12:21 a.m.,12:21 a.m.,72
foxbusiness,CO-1694-LAX-IAH,7:15 p.m.,7:15 p.m.,D5,12:21 a.m.,12:21 a.m.,72
usatoday,CO-1694-LAX-IAH,7:15 p.m.,12:11 p.m.,D5,12:21 a.m.,12:21 a.m.,72
myrateplan,CO-1694-LAX-IAH,7:15 p.m.,7:15 p.m.,D5,12:21 a.m.,12:21 a.m.,72
orbitz,CO-1694-LAX-IAH,7:15 p.m.,7:15 p.m.,D5,12:21 a.m.,12:21 a.m.,72
CO,CO-1694-LAX-IAH,7:15 p.m.,2:48 p.m.,D5,12:21 a.m.,12:21 a.m.,72
ifly,CO-1694-LAX-IAH,7:15 p.m.,7:15 p.m.,D5,12:21 a.m.,12:21 a.m.,72
flytecomm,CO-1694-LAX-IAH,7:15 p.m.,7:15 p.m.,D5,12:21 a.m.,12:21 a.m.,72
wunderground,CO-1694-LAX-IAH,7:15 p.m.,7:15 p.m.,D5,12:21 a.m.,12:21 a.m.,72
flylouisville,CO-1694-LAX-IAH,7:15 p.m.,7:15 p.m.,D5,12:21 a.m.,12:21 a.m.,72
quicktrip,CO-1694-LAX-IAH,7:15 p.m.,7:15 p.m.,D5,12:21 a.m.,12:21 a.m.,72
allegiantair,CO-1694-LAX-IAH,7:15 p.m.,7:15 p.m.,D5,12:21 a.m.,12:21 a.m.,72
businesstravellogue,CO-1694-LAX-IAH,7:15 p.m.,7:15 p.m.,D5,12:21 a.m.,12:21 a.m.,72
gofox,CO-1694-LAX-IAH,7:15 p.m.,7:15 p.m.,D5,12:21 a.m.,12:21 a.m.,72
flightaware,CO-1694-LAX-IAH,7:15 p.m.,7:15 p.m.,D5,12:21 a.m.,12:21 a.m.,72
world-flight-tracker,CO-1694-LAX-IAH,7:15 p.m.,7:15 p.m.,D5,12:21 a.m.,12:21 a.m.,72
helloflight,CO-16-LAX-EWR,10:25 a.m.,10:20 a.m.,C20,6:44 p.m.,6:34 p.m.,D7
boston,CO-16-LAX-EWR,10:25 a.m.,10:20 a.m.,C20,6:44 p.m.,6:34 p.m.,D7
weather,CO-16-LAX-EWR,10:25 a.m.,10:20 a.m.,C20,6:44 p.m.,6:34 p.m.,D7
airtravelcenter,CO-16-LAX-EWR,10:25 a.m.,10:20 a.m.,C20,6:44 p.m.,6:34 p.m.,D7
flightview,CO-16-LAX-EWR,10:25 a.m.,10:20 a.m.,C20,6:44 p.m.,6:34 p.m.,D7
flightstats,CO-16-LAX-EWR,10:25 a.m.,10:20 a.m.,C20,6:44 p.m.,6:34 p.m.,D7
panynj,CO-16-LAX-EWR,10:25 a.m.,10:20 a.m.,C20,6:44 p.m.,6:34 p.m.,D7
flights,CO-16-LAX-EWR,10:25 a.m.,10:20 a.m.,C20,6:44 p.m.,6:34 p.m.,D7
flightarrival,CO-16-LAX-EWR,10:25 a.m.,10:20 a.m.,C20,6:44 p.m.,6:34 p.m.,D7
foxbusiness,CO-16-LAX-EWR,10:25 a.m.,5:56 a.m.,C20,6:44 p.m.,6:34 p.m.,D7
usatoday,CO-16-LAX-EWR,10:25 a.m.,10:20 a.m.,C20,6:44 p.m.,6:34 p.m.,D7
myrateplan,CO-16-LAX-EWR,10:25 a.m.,10:20 a.m.,C20,6:44 p.m.,6:34 p.m.,D7
orbitz,CO-16-LAX-EWR,10:25 a.m.,11:30 a.m.,C20,6:44 p.m.,6:34 p.m.,D7
CO,CO-16-LAX-EWR,10:25 a.m.,6:57 a.m.,C20,6:44 p.m.,6:34 p.m.,D7
ifly,CO-16-LAX-EWR,10:25 a.m.,11:25 p.m.,C20,6:44 p.m.,6:34 p.m.,D7
flytecomm,CO-16-LAX-EWR,10:25 a.m.,10:20 a.m.,C20,6:44 p.m.,6:34 p.m.,D7
flylouisville,CO-16-LAX-EWR,10:25 a.m.,10:20 a.m.,C20,6:44 p.m.,6:34 p.m.,D7
quicktrip,CO-16-LAX-EWR,10:25 a.m.,10:20 a.m.,C20,6:44 p.m.,6:34 p.m.,D7
allegiantair,CO-16-LAX-EWR,10:25 a.m.,10:20 a.m.,C20,6:44 p.m.,6:34 p.m.,D7
businesstravellogue,CO-16-LAX-EWR,10:25 a.m.,8:12 a.m.,C20,6:44 p.m.,6:34 p.m.,D7
gofox,CO-16-LAX-EWR,10:25 a.m.,10:20 a.m.,C20,6:44 p.m.,6:34 p.m.,D7
helloflight,CO-45-EWR-MIA,4:00 p.m.,3:36 p.m.,D23,7:05 p.m.,6:36 p.m.,A4
boston,CO-45-EWR-MIA,4:00 p.m.,3:58 p.m.,D23,7:05 p.m.,6:36 p.m.,A4
weather,CO-45-EWR-MIA,4:00 p.m.,7:29 a.m.,D23,7:05 p.m.,6:36 p.m.,A4
airtravelcenter,CO-45-EWR-MIA,4:00 p.m.,3:58 p.m.,D23,7:05 p.m.,6:36 p.m.,A4
flightview,CO-45-EWR-MIA,4:00 p.m.,3:58 p.m.,D23,7:05 p.m.,6:36 p.m.,A4
flightstats,CO-45-EWR-MIA,4:00 p.m.,7:21 a.m.,D23,7:05 p.m.,6:36 p.m.,A4
panynj,CO-45-EWR-MIA,4:00 p.m.,3:58 p.m.,D23,7:05 p.m.,6:36 p.m.,A4
flights,CO-45-EWR-MIA,4:00 p.m.,3:58 p.m.,D23,7:05 p.m.,6:36 p.m.,A4
travelocity,CO-45-EWR-MIA,4:00 p.m.,3:58 p.m.,D23,7:05 p.m.,6:36 p.m.,A4
foxbusiness,CO-45-EWR-MIA,4:00 p.m.,3:58 p.m.,D23,7:05 p.m.,6:36 p.m.,A4
myrateplan,CO-45-EWR-MIA,4:00 p.m.,3:58 p.m.,D23,7:05 p.m.,6:36 p.m.,A4
orbitz,CO-45-EWR-MIA,4:00 p.m.,3:58 p.m.,D23,7:05 p.m.,6:36 p.m.,A4
CO,CO-45-EWR-MIA,4:00 p.m.,3:58 p.m.,D23,7:05 p.m.,6:36 p.m.,A4
flytecomm,CO-45-EWR-MIA,4:00 p.m.,7:58 p.m.,D23,7:05 p.m.,6:36 p.m.,A4
wunderground,CO-45-EWR-MIA,4:00 p.m.,3:58 p.m.,D23,7:05 p.m.,6:36 p.m.,A4
flylouisville,CO-45-EWR-MIA,4:00 p.m.,3:58 p.m.,D23,7:05 p.m.,6:36 p.m.,A4
quicktrip,CO-45-EWR-MIA,4:00 p.m.,3:58 p.m.,D23,7:05 p.m.,6:36 p.m.,A4
allegiantair,CO-45-EWR-MIA,4:00 p.m.,3:58 p.m.,D23,7:05 p.m.,6:36 p.m.,A4
businesstravellogue,CO-45-EWR-MIA,4:00 p.m.,3:58 p.m.,D23,7:05 p.m.,6:36 p.m.,A4
gofox,CO-45-EWR-MIA,4:00 p.m.,3:58 p.m.,D23,7:05 p.m.,6:36 p.m.,A4
flightaware,CO-45-EWR-MIA,4:00 p.m.,3:58 p.m.,D23,7:05 p.m.,6:36 p.m.,A4
world-flight-tracker,CO-45-EWR-MIA,4:00 p.m.,3:58 p.m.,D23,7:05 p.m.,6:36 p.m.,A4
helloflight,CO-47-IAH-LAX,7:10 p.m.,8:25 p.m.,A37,8:56 p.m.,9:52 p.m.,C6
boston,CO-47-IAH-LAX,7:10 p.m.,8:25 p.m.,A37,8:56 p.m.,9:52 p.m.,C6
airtravelcenter,CO-47-IAH-LAX,7:10 p.m.,8:25 p.m.,A37,8:56 p.m.,9:52 p.m.,C6
flightview,CO-47-IAH-LAX,7:10 p.m.,10:19 a.m.,A37,8:56 p.m.,9:52 p.m.,C6
flightstats,CO-47-IAH-LAX,7:10 p.m.,8:25 p.m.,A37,8:56 p.m.,9:52 p.m.,C6
panynj,CO-47-IAH-LAX,7:10 p.m.,8:25 p.m.,A37,8:56 p.m.,9:52 p.m.,C6
flights,CO-47-IAH-LAX,7:10 p.m.,4:29 p.m.,A37,8:56 p.m.,9:52 p.m.,C6
flightwise,CO-47-IAH-LAX,7:10 p.m.,8:25 p.m.,A37,8:56 p.m.,9:52 p.m.,C6
foxbusiness,CO-47-IAH-LAX,7:10 p.m.,7:25 a.m.,A37,8:56 p.m.,9:52 p.m.,C6
myrateplan,CO-47-IAH-LAX,7:10 p.m.,8:25 p.m.,A37,8:56 p.m.,9:52 p.m.,C6
orbitz,CO-47-IAH-LAX,7:10 p.m.,8:25 p.m.,A37,8:56 p.m.,9:52 p.m.,C6
CO,CO-47-IAH-LAX,7:10 p.m.,8:25 p.m.,A37,8:56 p.m.,9:52 p.m.,C6
flytecomm,CO-47-IAH-LAX,7:10 p.m.,8:25 p.m.,A37,8:56 p.m.,9:52 p.m.,C6
mytripandmore,CO-47-IAH-LAX,7:10 p.m.,12:13 p.m.,A37,8:56 p.m.,9:52 p.m.,C6
wunderground,CO-47-IAH-LAX,7:10 p.m.,8:25 p.m.,A37,8:56 p.m.,9:52 p.m.,C6
flylouisville,CO-47-IAH-LAX,7:10 p.m.,8:25 p.m.,A37,8:56 p.m.,9:52 p.m.,C6
quicktrip,CO-47-IAH-LAX,7:10 p.m.,8:25 p.m.,A37,8:56 p.m.,9:52 p.m.,C6
allegiantair,CO-47-IAH-LAX,7:10 p.m.,8:25 p.m.,A37,8:56 p.m.,9:52 p.m.,C6
businesstravellogue,CO-47-IAH-LAX,7:10 p.m.,7:58 p.m.,A37,8:56 p.m.,9:52 p.m.,C6
gofox,CO-47-IAH-LAX,7:10 p.m.,8:25 p.m.,A37,8:56 p.m.,9:52 p.m.,C6
flightaware,CO-47-IAH-LAX,7:10 p.m.,8:25 p.m.,A37,8:56 p.m.,9:52 p.m.,C6
helloflight,CO-4888-IAH-DAL,5:30 p.m.,5:30 p.m.,C20,6:40 p.m.,6:40 p.m.,58
boston,CO-4888-IAH-DAL,5:30 p.m.,5:30 p.m.,C20,6:40 p.m.,6:40 p.m.,58
airtravelcenter,CO-4888-IAH-DAL,5:30 p.m.,5:30 p.m.,C20,6:40 p.m.,6:40 p.m.,58
flightview,CO-4888-IAH-DAL,5:30 p.m.,5:30 p.m.,C20,6:40 p.m.,6:40 p.m.,58
flightstats,CO-4888-IAH-DAL,5:30 p.m.,5:30 p.m.,C20,6:40 p.m.,6:40 p.m.,58
panynj,CO-4888-IAH-DAL,5:30 p.m.,5:30 p.m.,C20,6:40 p.m.,6:40 p.m.,58
flightexplorer,CO-4888-IAH-DAL,5:30 p.m.,5:30 p.m.,C20,6:40 p.m.,6:40 p.m.,58
flights,CO-4888-IAH-DAL,5:30 p.m.,5:30 p.m.,C20,6:40 p.m.,6:40 p.m.,58
flightarrival,CO-4888-IAH-DAL,5:30 p.m.,8:52 a.m.,C20,6:40 p.m.,6:40 p.m.,58
foxbusiness,CO-4888-IAH-DAL,5:30 p.m.,5:30 p.m.,C20,6:40 p.m.,6:40 p.m.,58
usatoday,CO-4888-IAH-DAL,5:30 p.m.,5:30 p.m.,C20,6:40 p.m.,6:40 p.m.,58
myrateplan,CO-4888-IAH-DAL,5:30 p.m.,5:30 p.m.,C20,6:40 p.m.,6:40 p.m.,58
orbitz,CO-4888-IAH-DAL,5:30 p.m.,7:29 a.m.,C20,6:40 p.m.,6:40 p.m.,58
CO,CO-4888-IAH-DAL,5:30 p.m.,5:30 p.m.,C20,6:40 p.m.,6:40 p.m.,58
flytecomm,CO-4888-IAH-DAL,5:30 p.m.,5:30 p.m.,C20,6:40 p.m.,6:40 p.m.,58
wunderground,CO-4888-IAH-DAL,5:30 p.m.,3:58 p.m.,C20,6:40 p.m.,6:40 p.m.,58
flylouisville,CO-4888-IAH-DAL,5:30 p.m.,10:54 a.m.,C20,6:40 p.m.,6:40 p.m.,58
quicktrip,CO-4888-IAH-DAL,5:30 p.m.,11:01 a.m.,C20,6:40 p.m.,6:40 p.m.,58
allegiantair,CO-4888-IAH-DAL,5:30 p.m.,5:30 p.m.,C20,6:40 p.m.,6:40 p.m.,58
businesstravellogue,CO-4888-IAH-DAL,5:30 p.m.,5:30 p.m.,C20,6:40 p.m.,6:40 p.m.,58
gofox,CO-4888-IAH-DAL,5:30 p.m.,5:30 p.m.,C20,6:40 p.m.,6:40 p.m.,58
flightaware,CO-4888-IAH-DAL,5:30 p.m.,5:30 p.m.,C20,6:40 p.m.,6:40 p.m.,58
helloflight,CO-50-CLE-EWR,2:55 p.m.,3:31 p.m.,D23,4:49 p.m.,5:26 p.m.,C29
boston,CO-50-CLE-EWR,2:55 p.m.,5:30 p.m.,D23,4:49 p.m.,5:26 p.m.,C29
weather,CO-50-CLE-EWR,2:55 p.m.,3:31 p.m.,D23,4:49 p.m.,5:26 p.m.,C29
airtravelcenter,CO-50-CLE-EWR,2:55 p.m.,3:31 p.m.,D23,4:49 p.m.,5:26 p.m.,C29
flightview,CO-50-CLE-EWR,2:55 p.m.,3:31 p.m.,D23,4:49 p.m.,5:26 p.m.,C29
flightstats,CO-50-CLE-EWR,2:55 p.m.,6:54 a.m.,D23,4:49 p.m.,5:26 p.m.,C29
panynj,CO-50-CLE-EWR,2:55 p.m.,3:31 p.m.,D23,4:49 p.m.,5:26 p.m.,C29
flights,CO-50-CLE-EWR,2:55 p.m.,3:31 p.m.,D23,4:49 p.m.,5:26 p.m.,C29
flightarrival,CO-50-CLE-EWR,2:55 p.m.,8:12 a.m.,D23,4:49 p.m.,5:26 p.m.,C29
travelocity,CO-50-CLE-EWR,2:55 p.m.,3:31 p.m.,D23,4:49 p.m.,5:26 p.m.,C29
foxbusiness,CO-50-CLE-EWR,2:55 p.m.,3:31 p.m.,D23,4:49 p.m.,5:26 p.m.,C29
myrateplan,CO-50-CLE-EWR,2:55 p.m.,3:31 p.m.,D23,4:49 p.m.,5:26 p.m.,C29
orbitz,CO-50-CLE-EWR,2:55 p.m.,3:31 p.m.,D23,4:49 p.m.,5:26 p.m.,C29
CO,CO-50-CLE-EWR,2:55 p.m.,3:31 p.m.,D23,4:49 p.m.,5:26 p.m.,C29
flytecomm,CO-50-CLE-EWR,2:55 p.m.,7:27 a.m.,D23,4:49 p.m.,5:26 p.m.,C29
mytripandmore,CO-50-CLE-EWR,2:55 p.m.,10:10 a.m.,D23,4:49 p.m.,5:26 p.m.,C29
flylouisville,CO-50-CLE-EWR,2:55 p.m.,3:31 p.m.,D23,4:49 p.m.,5:26 p.m.,C29
quicktrip,CO-50-CLE-EWR,2:55 p.m.,3:31 p.m.,D23,4:49 p.m.,5:26 p.m.,C29
allegiantair,CO-50-CLE-EWR,2:55 p.m.,12:41 a.m.,D23,4:49 p.m.,5:26 p.m.,C29
businesstravellogue,CO-50-CLE-EWR,2:55 p.m.,3:31 p.m.,D23,4:49 p.m.,5:26 p.m.,C29
gofox,CO-50-CLE-EWR,2:55 p.m.,3:31 p.m.,D23,4:49 p.m.,5:26 p.m.,C29
helloflight,CO-52-IAH-LAX,7:35 a.m.,7:29 a.m.,B10,9:21 a.m.,9:14 a.m.,D11A
boston,CO-52-IAH-LAX,7:35 a.m.,8:29 a.m.,B10,9:21 a.m.,9:14 a.m.,D11A
airtravelcenter,CO-52-IAH-LAX,7:35 a.m.,7:29 a.m.,B10,9:21 a.m.,9:14 a.m.,D11A
flightview,CO-52-IAH-LAX,7:35 a.m.,7:29 a.m.,B10,9:21 a.m.,9:14 a.m.,D11A
flightstats,CO-52-IAH-LAX,7:35 a.m.,7:29 a.m.,B10,9:21 a.m.,9:14 a.m.,D11A
panynj,CO-52-IAH-LAX,7:35 a.m.,7:29 a.m.,B10,9:21 a.m.,9:14 a.m.,D11A
flights,CO-52-IAH-LAX,7:35 a.m.,7:29 a.m.,B10,9:21 a.m.,9:14 a.m.,D11A
flightarrival,CO-52-IAH-LAX,7:35 a.m.,7:29 a.m.,B10,9:21 a.m.,9:14 a.m.,D11A
foxbusiness,CO-52-IAH-LAX,7:35 a.m.,7:29 a.m.,B10,9:21 a.m.,9:14 a.m.,D11A
myrateplan,CO-52-IAH-LAX,7:35 a.m.,7:29 a.m.,B10,9:21 a.m.,9:14 a.m.,D11A
orbitz,CO-52-IAH-LAX,7:35 a.m.,7:29 a.m.,B10,9:21 a.m.,9:14 a.m.,D11A
CO,CO-52-IAH-LAX,7:35 a.m.,7:29 a.m.,B10,9:21 a.m.,9:14 a.m.,D11A
flytecomm,CO-52-IAH-LAX,7:35 a.m.,10:54 a.m.,B10,9:21 a.m.,9:14 a.m.,D11A
wunderground,CO-52-IAH-LAX,7:35 a.m.,7:29 a.m.,B10,9:21 a.m.,9:14 a.m.,D11A
flylouisville,CO-52-IAH-LAX,7:35 a.m.,1:19 p.m.,B10,9:21 a.m.,9:14 a.m.,D11A
quicktrip,CO-52-IAH-LAX,7:35 a.m.,7:29 a.m.,B10,9:21 a.m.,9:14 a.m.,D11A
allegiantair,CO-52-IAH-LAX,7:35 a.m.,7:29 a.m.,B10,9:21 a.m.,9:14 a.m.,D11A
businesstravellogue,CO-52-IAH-LAX,7:35 a.m.,1:32 p.m.,B10,9:21 a.m.,9:14 a.m.,D11A
gofox,CO-52-IAH-LAX,7:35 a.m.,7:29 a.m.,B10,9:21 a.m.,9:14 a.m.,D11A
flightaware,CO-52-IAH-LAX,7:35 a.m.,7:29 a.m.,B10,9:21 a.m.,9:14 a.m.,D11A
helloflight,CO-58-DEN-IAH,11:25 a.m.,11:32 a.m.,C2,2:50 p.m.,3:31 p.m.,4
boston,CO-58-DEN-IAH,11:25 a.m.,11:32 a.m.,C2,2:50 p.m.,3:31 p.m.,4
weather,CO-58-DEN-IAH,11:25 a.m.,11:32 a.m.,C2,2:50 p.m.,3:31 p.m.,4
airtravelcenter,CO-58-DEN-IAH,11:25 a.m.,11:32 a.m.,C2,2:50 p.m.,3:31 p.m.,4
flightview,CO-58-DEN-IAH,11:25 a.m.,11:32 a.m.,C2,2:50 p.m.,3:31 p.m.,4
flightstats,CO-58-DEN-IAH,11:25 a.m.,11:32 a.m.,C2,2:50 p.m.,3:31 p.m.,4
panynj,CO-58-DEN-IAH,11:25 a.m.,11:32 a.m.,C2,2:50 p.m.,3:31 p.m.,4
flights,CO-58-DEN-IAH,11:25 a.m.,11:32 a.m.,C2,2:50 p.m.,3:31 p.m.,4
foxbusiness,CO-58-DEN-IAH,11:25 a.m.,11:32 a.m.,C2,2:50 p.m.,3:31 p.m.,4
myrateplan,CO-58-DEN-IAH,11:25 a.m.,11:32 a.m.,C2,2:50 p.m.,3:31 p.m.,4
orbitz,CO-58-DEN-IAH,11:25 a.m.,11:32 a.m.,C2,2:50 p.m.,3:31 p.m.,4
CO,CO-58-DEN-IAH,11:25 a.m.,9:14 a.m.,C2,2:50 p.m.,3:31 p.m.,4
ifly,CO-58-DEN-IAH,11:25 a.m.,11:32 a.m.,C2,2:50 p.m.,3:31 p.m.,4
flytecomm,CO-58-DEN-IAH,11:25 a.m.,11:32 a.m.,C2,2:50 p.m.,3:31 p.m.,4
flylouisville,CO-58-DEN-IAH,11:25 a.m.,7:05 a.m.,C2,2:50 p.m.,3:31 p.m.,4
quicktrip,CO-58-DEN-IAH,11:25 a.m.,8:25 p.m.,C2,2:50 p.m.,3:31 p.m.,4
allegiantair,CO-58-DEN-IAH,11:25 a.m.,6:55 p.m.,C2,2:50 p.m.,3:31 p.m.,4
businesstravellogue,CO-58-DEN-IAH,11:25 a.m.,11:32 a.m.,C2,2:50 p.m.,3:31 p.m.,4
den,CO-58-DEN-IAH,11:25 a.m.,11:32 a.m.,C2,2:50 p.m.,3:31 p.m.,4
gofox,CO-58-DEN-IAH,11:25 a.m.,11:32 a.m.,C2,2:50 p.m.,3:31 p.m.,4
helloflight,CO-62-IAH-EWR,2:30 p.m.,8:26 a.m.,D16,7:03 p.m.,7:10 p.m.,44
boston,CO-62-IAH-EWR,2:30 p.m.,2:48 p.m.,D16,7:03 p.m.,7:10 p.m.,44
weather,CO-62-IAH-EWR,2:30 p.m.,2:48 p.m.,D16,7:03 p.m.,7:10 p.m.,44
airtravelcenter,CO-62-IAH-EWR,2:30 p.m.,2:48 p.m.,D16,7:03 p.m.,7:10 p.m.,44
flightview,CO-62-IAH-EWR,2:30 p.m.,2:48 p.m.,D16,7:03 p.m.,7:10 p.m.,44
flightstats,CO-62-IAH-EWR,2:30 p.m.,8:40 a.m.,D16,7:03 p.m.,7:10 p.m.,44
panynj,CO-62-IAH-EWR,2:30 p.m.,2:48 p.m.,D16,7:03 p.m.,7:10 p.m.,44
flights,CO-62-IAH-EWR,2:30 p.m.,12:11 p.m.,D16,7:03 p.m.,7:10 p.m.,44
flightarrival,CO-62-IAH-EWR,2:30 p.m.,2:48 p.m.,D16,7:03 p.m.,7:10 p.m.,44
travelocity,CO-62-IAH-EWR,2:30 p.m.,8:39 p.m.,D16,7:03 p.m.,7:10 p.m.,44
foxbusiness,CO-62-IAH-EWR,2:30 p.m.,2:48 p.m.,D16,7:03 p.m.,7:10 p.m.,44
myrateplan,CO-62-IAH-EWR,2:30 p.m.,2:48 p.m.,D16,7:03 p.m.,7:10 p.m.,44
orbitz,CO-62-IAH-EWR,2:30 p.m.,2:48 p.m.,D16,7:03 p.m.,7:10 p.m.,44
CO,CO-62-IAH-EWR,2:30 p.m.,2:48 p.m.,D16,7:03 p.m.,7:10 p.m.,44
flytecomm,CO-62-IAH-EWR,2:30 p.m.,2:48 p.m.,D16,7:03 p.m.,7:10 p.m.,44
mytripandmore,CO-62-IAH-EWR,2:30 p.m.,2:48 p.m.,D16,7:03 p.m.,7:10 p.m.,44
flylouisville,CO-62-IAH-EWR,2:30 p.m.,2:48 p.m.,D16,7:03 p.m.,7:10 p.m.,44
quicktrip,CO-62-IAH-EWR,2:30 p.m.,12:13 p.m.,D16,7:03 p.m.,7:10 p.m.,44
allegiantair,CO-62-IAH-EWR,2:30 p.m.,2:48 p.m.,D16,7:03 p.m.,7:10 p.m.,44
businesstravellogue,CO-62-IAH-EWR,2:30 p.m.,2:48 p.m.,D16,7:03 p.m.,7:10 p.m.,44
gofox,CO-62-IAH-EWR,2:30 p.m.,2:48 p.m.,D16,7:03 p.m.,7:10 p.m.,44
helloflight,CO-63-EWR-IAH,5:25 p.m.,5:22 p.m.,A11,8:22 p.m.,8:03 p.m.,B5
boston,CO-63-EWR-IAH,5:25 p.m.,5:22 p.m.,A11,8:22 p.m.,8:03 p.m.,B5
airtravelcenter,CO-63-EWR-IAH,5:25 p.m.,5:22 p.m.,A11,8:22 p.m.,8:03 p.m.,B5
flightview,CO-63-EWR-IAH,5:25 p.m.,5:22 p.m.,A11,8:22 p.m.,8:03 p.m.,B5
flightstats,CO-63-EWR-IAH,5:25 p.m.,5:08 p.m.,A11,8:22 p.m.,8:03 p.m.,B5
panynj,CO-63-EWR-IAH,5:25 p.m.,5:22 p.m.,A11,8:22 p.m.,8:03 p.m.,B5
flights,CO-63-EWR-IAH,5:25 p.m.,5:22 p.m.,A11,8:22 p.m.,8:03 p.m.,B5
flightwise,CO-63-EWR-IAH,5:25 p.m.,10:18 a.m.,A11,8:22 p.m.,8:03 p.m.,B5
foxbusiness,CO-63-EWR-IAH,5:25 p.m.,5:22 p.m.,A11,8:22 p.m.,8:03 p.m.,B5
usatoday,CO-63-EWR-IAH,5:25 p.m.,5:22 p.m.,A11,8:22 p.m.,8:03 p.m.,B5
myrateplan,CO-63-EWR-IAH,5:25 p.m.,5:22 p.m.,A11,8:22 p.m.,8:03 p.m.,B5
orbitz,CO-63-EWR-IAH,5:25 p.m.,5:22 p.m.,A11,8:22 p.m.,8:03 p.m.,B5
CO,CO-63-EWR-IAH,5:25 p.m.,5:22 p.m.,A11,8:22 p.m.,8:03 p.m.,B5
flytecomm,CO-63-EWR-IAH,5:25 p.m.,5:22 p.m.,A11,8:22 p.m.,8:03 p.m.,B5
wunderground,CO-63-EWR-IAH,5:25 p.m.,8:26 a.m.,A11,8:22 p.m.,8:03 p.m.,B5
flylouisville,CO-63-EWR-IAH,5:25 p.m.,7:29 a.m.,A11,8:22 p.m.,8:03 p.m.,B5
quicktrip,CO-63-EWR-IAH,5:25 p.m.,5:22 p.m.,A11,8:22 p.m.,8:03 p.m.,B5
allegiantair,CO-63-EWR-IAH,5:25 p.m.,7:27 a.m.,A11,8:22 p.m.,8:03 p.m.,B5
businesstravellogue,CO-63-EWR-IAH,5:25 p.m.,5:22 p.m.,A11,8:22 p.m.,8:03 p.m.,B5
gofox,CO-63-EWR-IAH,5:25 p.m.,5:22 p.m.,A11,8:22 p.m.,8:03 p.m.,B5
flightaware,CO-63-EWR-IAH,5:25 p.m.,5:22 p.m.,A11,8:22 p.m.,8:03 p.m.,B5
helloflight,CO-89-IAH-EWR,6:00 a.m.,6:02 a.m.,G7,10:20 a.m.,10:27 a.m.,D19
boston,CO-89-IAH-EWR,6:00 a.m.,6:02 a.m.,G7,10:20 a.m.,10:27 a.m.,D19
weather,CO-89-IAH-EWR,6:00 a.m.,6:02 a.m.,G7,10:20 a.m.,10:27 a.m.,D19
airtravelcenter,CO-89-IAH-EWR,6:00 a.m.,6:02 a.m.,G7,10:20 a.m.,10:27 a.m.,D19
flightview,CO-89-IAH-EWR,6:00 a.m.,7:49 a.m.,G7,10:20 a.m.,10:27 a.m.,D19
flightstats,CO-89-IAH-EWR,6:00 a.m.,6:02 a.m.,G7,10:20 a.m.,10:27 a.m.,D19
panynj,CO-89-IAH-EWR,6:00 a.m.,6:02 a.m.,G7,10:20 a.m.,10:27 a.m.,D19
flights,CO-89-IAH-EWR,6:00 a.m.,6:02 a.m.,G7,10:20 a.m.,10:27 a.m.,D19
travelocity,CO-89-IAH-EWR,6:00 a.m.,6:02 a.m.,G7,10:20 a.m.,10:27 a.m.,D19
foxbusiness,CO-89-IAH-EWR,6:00 a.m.,7:14 p.m.,G7,10:20 a.m.,10:27 a.m.,D19
myrateplan,CO-89-IAH-EWR,6:00 a.m.,6:02 a.m.,G7,10:20 a.m.,10:27 a.m.,D19
orbitz,CO-89-IAH-EWR,6:00 a.m.,6:02 a.m.,G7,10:20 a.m.,10:27 a.m.,D19
CO,CO-89-IAH-EWR,6:00 a.m.,6:02 a.m.,G7,10:20 a.m.,10:27 a.m.,D19
ifly,CO-89-IAH-EWR,6:00 a.m.,6:02 a.m.,G7,10:20 a.m.,10:27 a.m.,D19
flytecomm,CO-89-IAH-EWR,6:00 a.m.,6:02 a.m.,G7,10:20 a.m.,10:27 a.m.,D19
flylouisville,CO-89-IAH-EWR,6:00 a.m.,8:40 a.m.,G7,10:20 a.m.,10:27 a.m.,D19
quicktrip,CO-89-IAH-EWR,6:00 a.m.,6:02 a.m.,G7,10:20 a.m.,10:27 a.m.,D19
allegiantair,CO-89-IAH-EWR,6:00 a.m.,6:02 a.m.,G7,10:20 a.m.,10:27 a.m.,D19
businesstravellogue,CO-89-IAH-EWR,6:00 a.m.,5:22 p.m.,G7,10:20 a.m.,10:27 a.m.,D19
gofox,CO-89-IAH-EWR,6:00 a.m.,6:02 a.m.,G7,10:20 a.m.,10:27 a.m.,D19
helloflight,UA-1500-IAH-GUA,8:55 a.m.,9:16 a.m.,A7,11:45 a.m.,11:56 a.m.,G1B
boston,UA-1500-IAH-GUA,8:55 a.m.,9:16 a.m.,A7,11:45 a.m.,11:56 a.m.,G1B
airtravelcenter,UA-1500-IAH-GUA,8:55 a.m.,9:16 a.m.,A7,11:45 a.m.,11:56 a.m.,G1B
flightview,UA-1500-IAH-GUA,8:55 a.m.,9:16 a.m.,A7,11:45 a.m.,11:56 a.m.,G1B
panynj,UA-1500-IAH-GUA,8:55 a.m.,9:16 a.m.,A7,11:45 a.m.,11:56 a.m.,G1B
flights,UA-1500-IAH-GUA,8:55 a.m.,9:16 a.m.,A7,11:45 a.m.,11:56 a.m.,G1B
flightarrival,UA-1500-IAH-GUA,8:55 a.m.,9:16 a.m.,A7,11:45 a.m.,11:56 a.m.,G1B
foxbusiness,UA-1500-IAH-GUA,8:55 a.m.,3:01 p.m.,A7,11:45 a.m.,11:56 a.m.,G1B
usatoday,UA-1500-IAH-GUA,8:55 a.m.,9:16 a.m.,A7,11:45 a.m.,11:56 a.m.,G1B
myrateplan,UA-1500-IAH-GUA,8:55 a.m.,9:16 a.m.,A7,11:45 a.m.,11:56 a.m.,G1B
orbitz,UA-1500-IAH-GUA,8:55 a.m.,9:16 a.m.,A7,11:45 a.m.,11:56 a.m.,G1B
flytecomm,UA-1500-IAH-GUA,8:55 a.m.,9:16 a.m.,A7,11:45 a.m.,11:56 a.m.,G1B
ua,UA-1500-IAH-GUA,8:55 a.m.,4:29 p.m.,A7,11:45 a.m.,11:56 a.m.,G1B
flylouisville,UA-1500-IAH-GUA,8:55 a.m.,1:48 p.m.,A7,11:45 a.m.,11:56 a.m.,G1B
allegiantair,UA-1500-IAH-GUA,8:55 a.m.,9:16 a.m.,A7,11:45 a.m.,11:56 a.m.,G1B
businesstravellogue,UA-1500-IAH-GUA,8:55 a.m.,9:16 a.m.,A7,11:45 a.m.,11:56 a.m.,G1B
gofox,UA-1500-IAH-GUA,8:55 a.m.,9:16 a.m.,A7,11:45 a.m.,11:56 a.m.,G1B
helloflight,UA-2314-ATL-PHL,2:55 p.m.,2:55 p.m.,1,5:00 p.m.,4:47 p.m.,D60
boston,UA-2314-ATL-PHL,2:55 p.m.,4:28 p.m.,1,5:00 p.m.,4:47 p.m.,D60
weather,UA-2314-ATL-PHL,2:55 p.m.,2:55 p.m.,1,5:00 p.m.,4:47 p.m.,D60
airtravelcenter,UA-2314-ATL-PHL,2:55 p.m.,2:55 p.m.,1,5:00 p.m.,4:47 p.m.,D60
flightview,UA-2314-ATL-PHL,2:55 p.m.,11:25 p.m.,1,5:00 p.m.,4:47 p.m.,D60
flightstats,UA-2314-ATL-PHL,2:55 p.m.,2:55 p.m.,1,5:00 p.m.,4:47 p.m.,D60
panynj,UA-2314-ATL-PHL,2:55 p.m.,2:55 p.m.,1,5:00 p.m.,4:47 p.m.,D60
flights,UA-2314-ATL-PHL,2:55 p.m.,2:55 p.m.,1,5:00 p.m.,4:47 p.m.,D60
flightarrival,UA-2314-ATL-PHL,2:55 p.m.,2:55 p.m.,1,5:00 p.m.,4:47 p.m.,D60
travelocity,UA-2314-ATL-PHL,2:55 p.m.,2:55 p.m.,1,5:00 p.m.,4:47 p.m.,D60
foxbusiness,UA-2314-ATL-PHL,2:55 p.m.,2:55 p.m.,1,5:00 p.m.,4:47 p.m.,D60
myrateplan,UA-2314-ATL-PHL,2:55 p.m.,2:55 p.m.,1,5:00 p.m.,4:47 p.m.,D60
orbitz,UA-2314-ATL-PHL,2:55 p.m.,2:55 p.m.,1,5:00 p.m.,4:47 p.m.,D60
ifly,UA-2314-ATL-PHL,2:55 p.m.,2:55 p.m.,1,5:00 p.m.,4:47 p.m.,D60
flytecomm,UA-2314-ATL-PHL,2:55 p.m.,2:55 p.m.,1,5:00 p.m.,4:47 p.m.,D60
ua,UA-2314-ATL-PHL,2:55 p.m.,7:22 a.m.,1,5:00 p.m.,4:47 p.m.,D60
flylouisville,UA-2314-ATL-PHL,2:55 p.m.,2:55 p.m.,1,5:00 p.m.,4:47 p.m.,D60
quicktrip,UA-2314-ATL-PHL,2:55 p.m.,2:55 p.m.,1,5:00 p.m.,4:47 p.m.,D60
allegiantair,UA-2314-ATL-PHL,2:55 p.m.,2:55 p.m.,1,5:00 p.m.,4:47 p.m.,D60
businesstravellogue,UA-2314-ATL-PHL,2:55 p.m.,10:19 a.m.,1,5:00 p.m.,4:47 p.m.,D60
gofox,UA-2314-ATL-PHL,2:55 p.m.,10:10 a.m.,1,5:00 p.m.,4:47 p.m.,D60
helloflight,UA-233-LAX-JFK,4:25 p.m.,4:25 p.m.,B35,12:29 a.m.,12:29 a.m.,D14
boston,UA-233-LAX-JFK,4:25 p.m.,4:25 p.m.,B35,12:29 a.m.,12:29 a.m.,D14
weather,UA-233-LAX-JFK,4:25 p.m.,11:25 p.m.,B35,12:29 a.m.,12:29 a.m.,D14
airtravelcenter,UA-233-LAX-JFK,4:25 p.m.,4:25 p.m.,B35,12:29 a.m.,12:29 a.m.,D14
flightview,UA-233-LAX-JFK,4:25 p.m.,4:25 p.m.,B35,12:29 a.m.,12:29 a.m.,D14
flightstats,UA-233-LAX-JFK,4:25 p.m.,4:25 p.m.,B35,12:29 a.m.,12:29 a.m.,D14
panynj,UA-233-LAX-JFK,4:25 p.m.,4:25 p.m.,B35,12:29 a.m.,12:29 a.m.,D14
flightexplorer,UA-233-LAX-JFK,4:25 p.m.,4:25 p.m.,B35,12:29 a.m.,12:29 a.m.,D14
flights,UA-233-LAX-JFK,4:25 p.m.,2:26 p.m.,B35,12:29 a.m.,12:29 a.m.,D14
flightarrival,UA-233-LAX-JFK,4:25 p.m.,4:25 p.m.,B35,12:29 a.m.,12:29 a.m.,D14
travelocity,UA-233-LAX-JFK,4:25 p.m.,4:29 p.m.,B35,12:29 a.m.,12:29 a.m.,D14
foxbusiness,UA-233-LAX-JFK,4:25 p.m.,4:25 p.m.,B35,12:29 a.m.,12:29 a.m.,D14
usatoday,UA-233-LAX-JFK,4:25 p.m.,1:31 p.m.,B35,12:29 a.m.,12:29 a.m.,D14
myrateplan,UA-233-LAX-JFK,4:25 p.m.,4:25 p.m.,B35,12:29 a.m.,12:29 a.m.,D14
orbitz,UA-233-LAX-JFK,4:25 p.m.,4:25 p.m.,B35,12:29 a.m.,12:29 a.m.,D14
ifly,UA-233-LAX-JFK,4:25 p.m.,4:25 p.m.,B35,12:29 a.m.,12:29 a.m.,D14
flytecomm,UA-233-LAX-JFK,4:25 p.m.,4:25 p.m.,B35,12:29 a.m.,12:29 a.m.,D14
mytripandmore,UA-233-LAX-JFK,4:25 p.m.,4:25 p.m.,B35,12:29 a.m.,12:29 a.m.,D14
wunderground,UA-233-LAX-JFK,4:25 p.m.,4:25 p.m.,B35,12:29 a.m.,12:29 a.m.,D14
ua,UA-233-LAX-JFK,4:25 p.m.,4:00 p.m.,B35,12:29 a.m.,12:29 a.m.,D14
flylouisville,UA-233-LAX-JFK,4:25 p.m.,3:27 p.m.,B35,12:29 a.m.,12:29 a.m.,D14
quicktrip,UA-233-LAX-JFK,4:25 p.m.,4:25 p.m.,B35,12:29 a.m.,12:29 a.m.,D14
allegiantair,UA-233-LAX-JFK,4:25 p.m.,10:18 a.m.,B35,12:29 a.m.,12:29 a.m.,D14
businesstravellogue,UA-233-LAX-JFK,4:25 p.m.,4:25 p.m.,B35,12:29 a.m.,12:29 a.m.,D14
gofox,UA-233-LAX-JFK,4:25 p.m.,4:25 p.m.,B35,12:29 a.m.,12:29 a.m.,D14
flightaware,UA-233-LAX-JFK,4:25 p.m.,4:25 p.m.,B35,12:29 a.m.,12:29 a.m.,D14
world-flight-tracker,UA-233-LAX-JFK,4:25 p.m.,4:25 p.m.,B35,12:29 a.m.,12:29 a.m.,D14
helloflight,UA-248-PHX-ORD,12:57 p.m.,4:12 p.m.,B36,5:15 p.m.,5:34 p.m.,B11
boston,UA-248-PHX-ORD,12:57 p.m.,1:32 p.m.,B36,5:15 p.m.,5:34 p.m.,B11
airtravelcenter,UA-248-PHX-ORD,12:57 p.m.,1:32 p.m.,B36,5:15 p.m.,5:34 p.m.,B11
flightview,UA-248-PHX-ORD,12:57 p.m.,6:30 p.m.,B36,5:15 p.m.,5:34 p.m.,B11
flightstats,UA-248-PHX-ORD,12:57 p.m.,1:32 p.m.,B36,5:15 p.m.,5:34 p.m.,B11
panynj,UA-248-PHX-ORD,12:57 p.m.,8:56 a.m.,B36,5:15 p.m.,5:34 p.m.,B11
flightexplorer,UA-248-PHX-ORD,12:57 p.m.,1:32 p.m.,B36,5:15 p.m.,5:34 p.m.,B11
flights,UA-248-PHX-ORD,12:57 p.m.,1:32 p.m.,B36,5:15 p.m.,5:34 p.m.,B11
foxbusiness,UA-248-PHX-ORD,12:57 p.m.,1:32 p.m.,B36,5:15 p.m.,5:34 p.m.,B11
usatoday,UA-248-PHX-ORD,12:57 p.m.,10:33 a.m.,B36,5:15 p.m.,5:34 p.m.,B11
myrateplan,UA-248-PHX-ORD,12:57 p.m.,1:32 p.m.,B36,5:15 p.m.,5:34 p.m.,B11
orbitz,UA-248-PHX-ORD,12:57 p.m.,1:32 p.m.,B36,5:15 p.m.,5:34 p.m.,B11
flytecomm,UA-248-PHX-ORD,12:57 p.m.,1:32 p.m.,B36,5:15 p.m.,5:34 p.m.,B11
ord,UA-248-PHX-ORD,12:57 p.m.,1:32 p.m.,B36,5:15 p.m.,5:34 p.m.,B11
ua,UA-248-PHX-ORD,12:57 p.m.,1:30 p.m.,B36,5:15 p.m.,5:34 p.m.,B11
flylouisville,UA-248-PHX-ORD,12:57 p.m.,1:32 p.m.,B36,5:15 p.m.,5:34 p.m.,B11
quicktrip,UA-248-PHX-ORD,12:57 p.m.,1:32 p.m.,B36,5:15 p.m.,5:34 p.m.,B11
allegiantair,UA-248-PHX-ORD,12:57 p.m.,1:32 p.m.,B36,5:15 p.m.,5:34 p.m.,B11
businesstravellogue,UA-248-PHX-ORD,12:57 p.m.,1:32 p.m.,B36,5:15 p.m.,5:34 p.m.,B11
gofox,UA-248-PHX-ORD,12:57 p.m.,1:32 p.m.,B36,5:15 p.m.,5:34 p.m.,B11
helloflight,UA-2515-DFW-CLT,7:05 a.m.,7:05 a.m.,E3,10:31 a.m.,10:47 a.m.,B9
boston,UA-2515-DFW-CLT,7:05 a.m.,7:05 a.m.,E3,10:31 a.m.,10:47 a.m.,B9
weather,UA-2515-DFW-CLT,7:05 a.m.,7:05 a.m.,E3,10:31 a.m.,10:47 a.m.,B9
airtravelcenter,UA-2515-DFW-CLT,7:05 a.m.,7:05 a.m.,E3,10:31 a.m.,10:47 a.m.,B9
flightview,UA-2515-DFW-CLT,7:05 a.m.,7:05 a.m.,E3,10:31 a.m.,10:47 a.m.,B9
flightstats,UA-2515-DFW-CLT,7:05 a.m.,7:05 a.m.,E3,10:31 a.m.,10:47 a.m.,B9
panynj,UA-2515-DFW-CLT,7:05 a.m.,7:05 a.m.,E3,10:31 a.m.,10:47 a.m.,B9
flights,UA-2515-DFW-CLT,7:05 a.m.,10:33 a.m.,E3,10:31 a.m.,10:47 a.m.,B9
flightarrival,UA-2515-DFW-CLT,7:05 a.m.,7:05 a.m.,E3,10:31 a.m.,10:47 a.m.,B9
travelocity,UA-2515-DFW-CLT,7:05 a.m.,7:05 a.m.,E3,10:31 a.m.,10:47 a.m.,B9
foxbusiness,UA-2515-DFW-CLT,7:05 a.m.,7:05 a.m.,E3,10:31 a.m.,10:47 a.m.,B9
myrateplan,UA-2515-DFW-CLT,7:05 a.m.,7:05 a.m.,E3,10:31 a.m.,10:47 a.m.,B9
orbitz,UA-2515-DFW-CLT,7:05 a.m.,11:01 a.m.,E3,10:31 a.m.,10:47 a.m.,B9
flytecomm,UA-2515-DFW-CLT,7:05 a.m.,7:05 a.m.,E3,10:31 a.m.,10:47 a.m.,B9
mytripandmore,UA-2515-DFW-CLT,7:05 a.m.,7:05 a.m.,E3,10:31 a.m.,10:47 a.m.,B9
ua,UA-2515-DFW-CLT,7:05 a.m.,8:40 a.m.,E3,10:31 a.m.,10:47 a.m.,B9
flylouisville,UA-2515-DFW-CLT,7:05 a.m.,7:05 a.m.,E3,10:31 a.m.,10:47 a.m.,B9
quicktrip,UA-2515-DFW-CLT,7:05 a.m.,7:05 a.m.,E3,10:31 a.m.,10:47 a.m.,B9
allegiantair,UA-2515-DFW-CLT,7:05 a.m.,7:05 a.m.,E3,10:31 a.m.,10:47 a.m.,B9
businesstravellogue,UA-2515-DFW-CLT,7:05 a.m.,10:54 a.m.,E3,10:31 a.m.,10:47 a.m.,B9
gofox,UA-2515-DFW-CLT,7:05 a.m.,7:05 a.m.,E3,10:31 a.m.,10:47 a.m.,B9
helloflight,UA-257-JFK-SFO,2:30 p.m.,2:26 p.m.,C21,6:15 p.m.,5:42 p.m.,A9
boston,UA-257-JFK-SFO,2:30 p.m.,2:26 p.m.,C21,6:15 p.m.,5:42 p.m.,A9
weather,UA-257-JFK-SFO,2:30 p.m.,6:57 a.m.,C21,6:15 p.m.,5:42 p.m.,A9
airtravelcenter,UA-257-JFK-SFO,2:30 p.m.,2:26 p.m.,C21,6:15 p.m.,5:42 p.m.,A9
flightview,UA-257-JFK-SFO,2:30 p.m.,2:26 p.m.,C21,6:15 p.m.,5:42 p.m.,A9
flightstats,UA-257-JFK-SFO,2:30 p.m.,11:55 a.m.,C21,6:15 p.m.,5:42 p.m.,A9
panynj,UA-257-JFK-SFO,2:30 p.m.,2:26 p.m.,C21,6:15 p.m.,5:42 p.m.,A9
flightexplorer,UA-257-JFK-SFO,2:30 p.m.,2:26 p.m.,C21,6:15 p.m.,5:42 p.m.,A9
flights,UA-257-JFK-SFO,2:30 p.m.,2:26 p.m.,C21,6:15 p.m.,5:42 p.m.,A9
flightarrival,UA-257-JFK-SFO,2:30 p.m.,2:26 p.m.,C21,6:15 p.m.,5:42 p.m.,A9
travelocity,UA-257-JFK-SFO,2:30 p.m.,2:26 p.m.,C21,6:15 p.m.,5:42 p.m.,A9
foxbusiness,UA-257-JFK-SFO,2:30 p.m.,12:13 p.m.,C21,6:15 p.m.,5:42 p.m.,A9
usatoday,UA-257-JFK-SFO,2:30 p.m.,2:26 p.m.,C21,6:15 p.m.,5:42 p.m.,A9
myrateplan,UA-257-JFK-SFO,2:30 p.m.,2:26 p.m.,C21,6:15 p.m.,5:42 p.m.,A9
orbitz,UA-257-JFK-SFO,2:30 p.m.,11:15 a.m.,C21,6:15 p.m.,5:42 p.m.,A9
sfo,UA-257-JFK-SFO,2:30 p.m.,2:26 p.m.,C21,6:15 p.m.,5:42 p.m.,A9
flytecomm,UA-257-JFK-SFO,2:30 p.m.,2:26 p.m.,C21,6:15 p.m.,5:42 p.m.,A9
mytripandmore,UA-257-JFK-SFO,2:30 p.m.,12:12 p.m.,C21,6:15 p.m.,5:42 p.m.,A9
wunderground,UA-257-JFK-SFO,2:30 p.m.,1:31 p.m.,C21,6:15 p.m.,5:42 p.m.,A9
ua,UA-257-JFK-SFO,2:30 p.m.,2:26 p.m.,C21,6:15 p.m.,5:42 p.m.,A9
flylouisville,UA-257-JFK-SFO,2:30 p.m.,2:26 p.m.,C21,6:15 p.m.,5:42 p.m.,A9
quicktrip,UA-257-JFK-SFO,2:30 p.m.,12:35 p.m.,C21,6:15 p.m.,5:42 p.m.,A9
allegiantair,UA-257-JFK-SFO,2:30 p.m.,2:26 p.m.,C21,6:15 p.m.,5:42 p.m.,A9
businesstravellogue,UA-257-JFK-SFO,2:30 p.m.,2:26 p.m.,C21,6:15 p.m.,5:42 p.m.,A9
gofox,UA-257-JFK-SFO,2:30 p.m.,2:26 p.m.,C21,6:15 p.m.,5:42 p.m.,A9
flightaware,UA-257-JFK-SFO,2:30 p.m.,2:26 p.m.,C21,6:15 p.m.,5:42 p.m.,A9
world-flight-tracker,UA-257-JFK-SFO,2:30 p.m.,2:26 p.m.,C21,6:15 p.m.,5:42 p.m.,A9
helloflight,UA-2704-DTW-PHX,11:15 a.m.,8:29 a.m.,G9,1:40 p.m.,2:00 p.m.,A3
boston,UA-2704-DTW-PHX,11:15 a.m.,10:54 a.m.,G9,1:40 p.m.,2:00 p.m.,A3
weather,UA-2704-DTW-PHX,11:15 a.m.,11:15 a.m.,G9,1:40 p.m.,2:00 p.m.,A3
airtravelcenter,UA-2704-DTW-PHX,11:15 a.m.,11:15 a.m.,G9,1:40 p.m.,2:00 p.m.,A3
flightview,UA-2704-DTW-PHX,11:15 a.m.,11:15 a.m.,G9,1:40 p.m.,2:00 p.m.,A3
flightstats,UA-2704-DTW-PHX,11:15 a.m.,11:15 a.m.,G9,1:40 p.m.,2:00 p.m.,A3
panynj,UA-2704-DTW-PHX,11:15 a.m.,11:15 a.m.,G9,1:40 p.m.,2:00 p.m.,A3
flights,UA-2704-DTW-PHX,11:15 a.m.,11:15 a.m.,G9,1:40 p.m.,2:00 p.m.,A3
flightarrival,UA-2704-DTW-PHX,11:15 a.m.,11:15 a.m.,G9,1:40 p.m.,2:00 p.m.,A3
travelocity,UA-2704-DTW-PHX,11:15 a.m.,9:16 a.m.,G9,1:40 p.m.,2:00 p.m.,A3
foxbusiness,UA-2704-DTW-PHX,11:15 a.m.,11:15 a.m.,G9,1:40 p.m.,2:00 p.m.,A3
usatoday,UA-2704-DTW-PHX,11:15 a.m.,11:15 a.m.,G9,1:40 p.m.,2:00 p.m.,A3
myrateplan,UA-2704-DTW-PHX,11:15 a.m.,11:15 a.m.,G9,1:40 p.m.,2:00 p.m.,A3
orbitz,UA-2704-DTW-PHX,11:15 a.m.,11:15 a.m.,G9,1:40 p.m.,2:00 p.m.,A3
flytecomm,UA-2704-DTW-PHX,11:15 a.m.,11:15 a.m.,G9,1:40 p.m.,2:00 p.m.,A3
ua,UA-2704-DTW-PHX,11:15 a.m.,1:31 p.m.,G9,1:40 p.m.,2:00 p.m.,A3
flylouisville,UA-2704-DTW-PHX,11:15 a.m.,11:15 a.m.,G9,1:40 p.m.,2:00 p.m.,A3
quicktrip,UA-2704-DTW-PHX,11:15 a.m.,11:15 a.m.,G9,1:40 p.m.,2:00 p.m.,A3
allegiantair,UA-2704-DTW-PHX,11:15 a.m.,1:48 p.m.,G9,1:40 p.m.,2:00 p.m.,A3
businesstravellogue,UA-2704-DTW-PHX,11:15 a.m.,11:15 a.m.,G9,1:40 p.m.,2:00 p.m.,A3
gofox,UA-2704-DTW-PHX,11:15 a.m.,11:15 a.m.,G9,1:40 p.m.,2:00 p.m.,A3
helloflight,UA-2708-EWR-CLT,2:55 p.m.,2:55 p.m.,D24,4:53 p.m.,4:44 p.m.,33
boston,UA-2708-EWR-CLT,2:55 p.m.,7:39 a.m.,D24,4:53 p.m.,4:44 p.m.,33
weather,UA-2708-EWR-CLT,2:55 p.m.,2:55 p.m.,D24,4:53 p.m.,4:44 p.m.,33
airtravelcenter,UA-2708-EWR-CLT,2:55 p.m.,2:55 p.m.,D24,4:53 p.m.,4:44 p.m.,33
flightview,UA-2708-EWR-CLT,2:55 p.m.,2:55 p.m.,D24,4:53 p.m.,4:44 p.m.,33
flightstats,UA-2708-EWR-CLT,2:55 p.m.,2:55 p.m.,D24,4:53 p.m.,4:44 p.m.,33
panynj,UA-2708-EWR-CLT,2:55 p.m.,2:55 p.m.,D24,4:53 p.m.,4:44 p.m.,33
flights,UA-2708-EWR-CLT,2:55 p.m.,2:55 p.m.,D24,4:53 p.m.,4:44 p.m.,33
travelocity,UA-2708-EWR-CLT,2:55 p.m.,2:55 p.m.,D24,4:53 p.m.,4:44 p.m.,33
foxbusiness,UA-2708-EWR-CLT,2:55 p.m.,12:13 p.m.,D24,4:53 p.m.,4:44 p.m.,33
usatoday,UA-2708-EWR-CLT,2:55 p.m.,2:55 p.m.,D24,4:53 p.m.,4:44 p.m.,33
myrateplan,UA-2708-EWR-CLT,2:55 p.m.,2:55 p.m.,D24,4:53 p.m.,4:44 p.m.,33
orbitz,UA-2708-EWR-CLT,2:55 p.m.,2:55 p.m.,D24,4:53 p.m.,4:44 p.m.,33
flytecomm,UA-2708-EWR-CLT,2:55 p.m.,2:55 p.m.,D24,4:53 p.m.,4:44 p.m.,33
ua,UA-2708-EWR-CLT,2:55 p.m.,8:26 a.m.,D24,4:53 p.m.,4:44 p.m.,33
flylouisville,UA-2708-EWR-CLT,2:55 p.m.,2:55 p.m.,D24,4:53 p.m.,4:44 p.m.,33
quicktrip,UA-2708-EWR-CLT,2:55 p.m.,2:55 p.m.,D24,4:53 p.m.,4:44 p.m.,33
allegiantair,UA-2708-EWR-CLT,2:55 p.m.,2:55 p.m.,D24,4:53 p.m.,4:44 p.m.,33
businesstravellogue,UA-2708-EWR-CLT,2:55 p.m.,2:55 p.m.,D24,4:53 p.m.,4:44 p.m.,33
gofox,UA-2708-EWR-CLT,2:55 p.m.,7:39 a.m.,D24,4:53 p.m.,4:44 p.m.,33
helloflight,UA-2726-FLL-PHL,4:00 p.m.,4:00 p.m.,D12,6:46 p.m.,6:28 p.m.,46A
boston,UA-2726-FLL-PHL,4:00 p.m.,4:00 p.m.,D12,6:46 p.m.,6:28 p.m.,46A
weather,UA-2726-FLL-PHL,4:00 p.m.,4:00 p.m.,D12,6:46 p.m.,6:28 p.m.,46A
airtravelcenter,UA-2726-FLL-PHL,4:00 p.m.,4:00 p.m.,D12,6:46 p.m.,6:28 p.m.,46A
flightview,UA-2726-FLL-PHL,4:00 p.m.,4:00 p.m.,D12,6:46 p.m.,6:28 p.m.,46A
flightstats,UA-2726-FLL-PHL,4:00 p.m.,3:11 a.m.,D12,6:46 p.m.,6:28 p.m.,46A
panynj,UA-2726-FLL-PHL,4:00 p.m.,4:00 p.m.,D12,6:46 p.m.,6:28 p.m.,46A
flights,UA-2726-FLL-PHL,4:00 p.m.,4:00 p.m.,D12,6:46 p.m.,6:28 p.m.,46A
travelocity,UA-2726-FLL-PHL,4:00 p.m.,12:11 p.m.,D12,6:46 p.m.,6:28 p.m.,46A
foxbusiness,UA-2726-FLL-PHL,4:00 p.m.,4:00 p.m.,D12,6:46 p.m.,6:28 p.m.,46A
myrateplan,UA-2726-FLL-PHL,4:00 p.m.,4:00 p.m.,D12,6:46 p.m.,6:28 p.m.,46A
orbitz,UA-2726-FLL-PHL,4:00 p.m.,12:13 p.m.,D12,6:46 p.m.,6:28 p.m.,46A
flytecomm,UA-2726-FLL-PHL,4:00 p.m.,4:00 p.m.,D12,6:46 p.m.,6:28 p.m.,46A
mytripandmore,UA-2726-FLL-PHL,4:00 p.m.,4:00 p.m.,D12,6:46 p.m.,6:28 p.m.,46A
wunderground,UA-2726-FLL-PHL,4:00 p.m.,4:00 p.m.,D12,6:46 p.m.,6:28 p.m.,46A
ua,UA-2726-FLL-PHL,4:00 p.m.,4:00 p.m.,D12,6:46 p.m.,6:28 p.m.,46A
flylouisville,UA-2726-FLL-PHL,4:00 p.m.,7:31 a.m.,D12,6:46 p.m.,6:28 p.m.,46A
quicktrip,UA-2726-FLL-PHL,4:00 p.m.,4:00 p.m.,D12,6:46 p.m.,6:28 p.m.,46A
allegiantair,UA-2726-FLL-PHL,4:00 p.m.,4:00 p.m.,D12,6:46 p.m.,6:28 p.m.,46A
businesstravellogue,UA-2726-FLL-PHL,4:00 p.m.,6:02 a.m.,D12,6:46 p.m.,6:28 p.m.,46A
gofox,UA-2726-FLL-PHL,4:00 p.m.,4:00 p.m.,D12,6:46 p.m.,6:28 p.m.,46A
flightaware,UA-2726-FLL-PHL,4:00 p.m.,7:58 p.m.,D12,6:46 p.m.,6:28 p.m.,46A
world-flight-tracker,UA-2726-FLL-PHL,4:00 p.m.,4:00 p.m.,D12,6:46 p.m.,6:28 p.m.,46A
helloflight,UA-2830-MCO-CLT,3:27 p.m.,6:55 p.m.,C29,5:05 p.m.,5:17 p.m.,58
boston,UA-2830-MCO-CLT,3:27 p.m.,3:27 p.m.,C29,5:05 p.m.,5:17 p.m.,58
weather,UA-2830-MCO-CLT,3:27 p.m.,3:27 p.m.,C29,5:05 p.m.,5:17 p.m.,58
airtravelcenter,UA-2830-MCO-CLT,3:27 p.m.,3:27 p.m.,C29,5:05 p.m.,5:17 p.m.,58
flightview,UA-2830-MCO-CLT,3:27 p.m.,3:27 p.m.,C29,5:05 p.m.,5:17 p.m.,58
flightstats,UA-2830-MCO-CLT,3:27 p.m.,3:27 p.m.,C29,5:05 p.m.,5:17 p.m.,58
panynj,UA-2830-MCO-CLT,3:27 p.m.,3:27 p.m.,C29,5:05 p.m.,5:17 p.m.,58
flights,UA-2830-MCO-CLT,3:27 p.m.,3:27 p.m.,C29,5:05 p.m.,5:17 p.m.,58
travelocity,UA-2830-MCO-CLT,3:27 p.m.,3:01 p.m.,C29,5:05 p.m.,5:17 p.m.,58
foxbusiness,UA-2830-MCO-CLT,3:27 p.m.,3:27 p.m.,C29,5:05 p.m.,5:17 p.m.,58
myrateplan,UA-2830-MCO-CLT,3:27 p.m.,3:27 p.m.,C29,5:05 p.m.,5:17 p.m.,58
orbitz,UA-2830-MCO-CLT,3:27 p.m.,3:27 p.m.,C29,5:05 p.m.,5:17 p.m.,58
flytecomm,UA-2830-MCO-CLT,3:27 p.m.,3:01 p.m.,C29,5:05 p.m.,5:17 p.m.,58
mytripandmore,UA-2830-MCO-CLT,3:27 p.m.,3:27 p.m.,C29,5:05 p.m.,5:17 p.m.,58
ua,UA-2830-MCO-CLT,3:27 p.m.,3:27 p.m.,C29,5:05 p.m.,5:17 p.m.,58
flylouisville,UA-2830-MCO-CLT,3:27 p.m.,3:27 p.m.,C29,5:05 p.m.,5:17 p.m.,58
quicktrip,UA-2830-MCO-CLT,3:27 p.m.,3:27 p.m.,C29,5:05 p.m.,5:17 p.m.,58
allegiantair,UA-2830-MCO-CLT,3:27 p.m.,6:57 a.m.,C29,5:05 p.m.,5:17 p.m.,58
businesstravellogue,UA-2830-MCO-CLT,3:27 p.m.,3:27 p.m.,C29,5:05 p.m.,5:17 p.m.,58
gofox,UA-2830-MCO-CLT,3:27 p.m.,3:27 p.m.,C29,5:05 p.m.,5:17 p.m.,58
world-flight-tracker,UA-2830-MCO-CLT,3:27 p.m.,3:27 p.m.,C29,5:05 p.m.,5:17 p.m.,58
helloflight,UA-2906-PHL-MCO,3:50 p.m.,4:28 p.m.,D36,6:23 p.m.,6:38 p.m.,T11
boston,UA-2906-PHL-MCO,3:50 p.m.,4:28 p.m.,D36,6:23 p.m.,6:38 p.m.,T11
weather,UA-2906-PHL-MCO,3:50 p.m.,4:28 p.m.,D36,6:23 p.m.,6:38 p.m.,T11
airtravelcenter,UA-2906-PHL-MCO,3:50 p.m.,4:28 p.m.,D36,6:23 p.m.,6:38 p.m.,T11
flightview,UA-2906-PHL-MCO,3:50 p.m.,4:28 p.m.,D36,6:23 p.m.,6:38 p.m.,T11
flightstats,UA-2906-PHL-MCO,3:50 p.m.,4:28 p.m.,D36,6:23 p.m.,6:38 p.m.,T11
panynj,UA-2906-PHL-MCO,3:50 p.m.,4:28 p.m.,D36,6:23 p.m.,6:38 p.m.,T11
flights,UA-2906-PHL-MCO,3:50 p.m.,7:21 a.m.,D36,6:23 p.m.,6:38 p.m.,T11
flightarrival,UA-2906-PHL-MCO,3:50 p.m.,4:28 p.m.,D36,6:23 p.m.,6:38 p.m.,T11
travelocity,UA-2906-PHL-MCO,3:50 p.m.,4:28 p.m.,D36,6:23 p.m.,6:38 p.m.,T11
foxbusiness,UA-2906-PHL-MCO,3:50 p.m.,11:52 a.m.,D36,6:23 p.m.,6:38 p.m.,T11
myrateplan,UA-2906-PHL-MCO,3:50 p.m.,4:28 p.m.,D36,6:23 p.m.,6:38 p.m.,T11
orbitz,UA-2906-PHL-MCO,3:50 p.m.,4:28 p.m.,D36,6:23 p.m.,6:38 p.m.,T11
ifly,UA-2906-PHL-MCO,3:50 p.m.,4:28 p.m.,D36,6:23 p.m.,6:38 p.m.,T11
flytecomm,UA-2906-PHL-MCO,3:50 p.m.,4:28 p.m.,D36,6:23 p.m.,6:38 p.m.,T11
wunderground,UA-2906-PHL-MCO,3:50 p.m.,4:28 p.m.,D36,6:23 p.m.,6:38 p.m.,T11
ua,UA-2906-PHL-MCO,3:50 p.m.,4:28 p.m.,D36,6:23 p.m.,6:38 p.m.,T11
flylouisville,UA-2906-PHL-MCO,3:50 p.m.,4:25 p.m.,D36,6:23 p.m.,6:38 p.m.,T11
quicktrip,UA-2906-PHL-MCO,3:50 p.m.,4:28 p.m.,D36,6:23 p.m.,6:38 p.m.,T11
allegiantair,UA-2906-PHL-MCO,3:50 p.m.,8:40 a.m.,D36,6:23 p.m.,6:38 p.m.,T11
businesstravellogue,UA-2906-PHL-MCO,3:50 p.m.,12:41 a.m.,D36,6:23 p.m.,6:38 p.m.,T11
gofox,UA-2906-PHL-MCO,3:50 p.m.,4:28 p.m.,D36,6:23 p.m.,6:38 p.m.,T11
flightaware,UA-2906-PHL-MCO,3:50 p.m.,4:28 p.m.,D36,6:23 p.m.,6:38 p.m.,T11
world-flight-tracker,UA-2906-PHL-MCO,3:50 p.m.,4:28 p.m.,D36,6:23 p.m.,6:38 p.m.,T11
helloflight,UA-2945-PHL-CLT,12:00 a.m.,3:11 a.m.,6,1:45 p.m.,1:15 p.m.,H12
boston,UA-2945-PHL-CLT,12:00 a.m.,3:11 a.m.,6,1:45 p.m.,1:15 p.m.,H12
weather,UA-2945-PHL-CLT,12:00 a.m.,3:11 a.m.,6,1:45 p.m.,1:15 p.m.,H12
airtravelcenter,UA-2945-PHL-CLT,12:00 a.m.,3:11 a.m.,6,1:45 p.m.,1:15 p.m.,H12
flightview,UA-2945-PHL-CLT,12:00 a.m.,8:26 a.m.,6,1:45 p.m.,1:15 p.m.,H12
flightstats,UA-2945-PHL-CLT,12:00 a.m.,3:11 a.m.,6,1:45 p.m.,1:15 p.m.,H12
panynj,UA-2945-PHL-CLT,12:00 a.m.,3:11 a.m.,6,1:45 p.m.,1:15 p.m.,H12
flights,UA-2945-PHL-CLT,12:00 a.m.,2:10 p.m.,6,1:45 p.m.,1:15 p.m.,H12
travelocity,UA-2945-PHL-CLT,12:00 a.m.,3:11 a.m.,6,1:45 p.m.,1:15 p.m.,H12
foxbusiness,UA-2945-PHL-CLT,12:00 a.m.,3:11 a.m.,6,1:45 p.m.,1:15 p.m.,H12
usatoday,UA-2945-PHL-CLT,12:00 a.m.,3:11 a.m.,6,1:45 p.m.,1:15 p.m.,H12
myrateplan,UA-2945-PHL-CLT,12:00 a.m.,3:11 a.m.,6,1:45 p.m.,1:15 p.m.,H12
orbitz,UA-2945-PHL-CLT,12:00 a.m.,8:29 a.m.,6,1:45 p.m.,1:15 p.m.,H12
flytecomm,UA-2945-PHL-CLT,12:00 a.m.,3:11 a.m.,6,1:45 p.m.,1:15 p.m.,H12
mytripandmore,UA-2945-PHL-CLT,12:00 a.m.,8:51 a.m.,6,1:45 p.m.,1:15 p.m.,H12
wunderground,UA-2945-PHL-CLT,12:00 a.m.,3:11 a.m.,6,1:45 p.m.,1:15 p.m.,H12
ua,UA-2945-PHL-CLT,12:00 a.m.,3:11 a.m.,6,1:45 p.m.,1:15 p.m.,H12
flylouisville,UA-2945-PHL-CLT,12:00 a.m.,8:12 a.m.,6,1:45 p.m.,1:15 p.m.,H12
quicktrip,UA-2945-PHL-CLT,12:00 a.m.,3:11 a.m.,6,1:45 p.m.,1:15 p.m.,H12
allegiantair,UA-2945-PHL-CLT,12:00 a.m.,3:11 a.m.,6,1:45 p.m.,1:15 p.m.,H12
businesstravellogue,UA-2945-PHL-CLT,12:00 a.m.,3:11 a.m.,6,1:45 p.m.,1:15 p.m.,H12
gofox,UA-2945-PHL-CLT,12:00 a.m.,3:11 a.m.,6,1:45 p.m.,1:15 p.m.,H12
flightaware,UA-2945-PHL-CLT,12:00 a.m.,3:11 a.m.,6,1:45 p.m.,1:15 p.m.,H12
world-flight-tracker,UA-2945-PHL-CLT,12:00 a.m.,3:11 a.m.,6,1:45 p.m.,1:15 p.m.,H12
helloflight,UA-3050-PHX-CLT,11:05 a.m.,11:30 a.m.,D30,4:57 p.m.,5:05 p.m.,46B
boston,UA-3050-PHX-CLT,11:05 a.m.,11:30 a.m.,D30,4:57 p.m.,5:05 p.m.,46B
weather,UA-3050-PHX-CLT,11:05 a.m.,11:30 a.m.,D30,4:57 p.m.,5:05 p.m.,46B
airtravelcenter,UA-3050-PHX-CLT,11:05 a.m.,3:27 p.m.,D30,4:57 p.m.,5:05 p.m.,46B
flightview,UA-3050-PHX-CLT,11:05 a.m.,11:30 a.m.,D30,4:57 p.m.,5:05 p.m.,46B
flightstats,UA-3050-PHX-CLT,11:05 a.m.,11:30 a.m.,D30,4:57 p.m.,5:05 p.m.,46B
panynj,UA-3050-PHX-CLT,11:05 a.m.,11:15 a.m.,D30,4:57 p.m.,5:05 p.m.,46B
flights,UA-3050-PHX-CLT,11:05 a.m.,8:25 p.m.,D30,4:57 p.m.,5:05 p.m.,46B
flightwise,UA-3050-PHX-CLT,11:05 a.m.,11:30 a.m.,D30,4:57 p.m.,5:05 p.m.,46B
travelocity,UA-3050-PHX-CLT,11:05 a.m.,11:30 a.m.,D30,4:57 p.m.,5:05 p.m.,46B
foxbusiness,UA-3050-PHX-CLT,11:05 a.m.,11:30 a.m.,D30,4:57 p.m.,5:05 p.m.,46B
usatoday,UA-3050-PHX-CLT,11:05 a.m.,4:00 p.m.,D30,4:57 p.m.,5:05 p.m.,46B
myrateplan,UA-3050-PHX-CLT,11:05 a.m.,11:30 a.m.,D30,4:57 p.m.,5:05 p.m.,46B
orbitz,UA-3050-PHX-CLT,11:05 a.m.,11:30 a.m.,D30,4:57 p.m.,5:05 p.m.,46B
flytecomm,UA-3050-PHX-CLT,11:05 a.m.,8:51 a.m.,D30,4:57 p.m.,5:05 p.m.,46B
mytripandmore,UA-3050-PHX-CLT,11:05 a.m.,11:30 a.m.,D30,4:57 p.m.,5:05 p.m.,46B
wunderground,UA-3050-PHX-CLT,11:05 a.m.,11:30 a.m.,D30,4:57 p.m.,5:05 p.m.,46B
ua,UA-3050-PHX-CLT,11:05 a.m.,11:30 a.m.,D30,4:57 p.m.,5:05 p.m.,46B
flylouisville,UA-3050-PHX-CLT,11:05 a.m.,11:30 a.m.,D30,4:57 p.m.,5:05 p.m.,46B
quicktrip,UA-3050-PHX-CLT,11:05 a.m.,11:30 a.m.,D30,4:57 p.m.,5:05 p.m.,46B
allegiantair,UA-3050-PHX-CLT,11:05 a.m.,11:30 a.m.,D30,4:57 p.m.,5:05 p.m.,46B
businesstravellogue,UA-3050-PHX-CLT,11:05 a.m.,11:30 a.m.,D30,4:57 p.m.,5:05 p.m.,46B
gofox,UA-3050-PHX-CLT,11:05 a.m.,11:30 a.m.,D30,4:57 p.m.,5:05 p.m.,46B
flightaware,UA-3050-PHX-CLT,11:05 a.m.,11:30 a.m.,D30,4:57 p.m.,5:05 p.m.,46B
world-flight-tracker,UA-3050-PHX-CLT,11:05 a.m.,11:30 a.m.,D30,4:57 p.m.,5:05 p.m.,46B
helloflight,UA-3099-PHX-PHL,11:55 a.m.,10:10 a.m.,E36,6:17 p.m.,5:38 p.m.,D13
boston,UA-3099-PHX-PHL,11:55 a.m.,5:08 p.m.,E36,6:17 p.m.,5:38 p.m.,D13
weather,UA-3099-PHX-PHL,11:55 a.m.,11:55 a.m.,E36,6:17 p.m.,5:38 p.m.,D13
airtravelcenter,UA-3099-PHX-PHL,11:55 a.m.,11:55 a.m.,E36,6:17 p.m.,5:38 p.m.,D13
flightview,UA-3099-PHX-PHL,11:55 a.m.,11:55 a.m.,E36,6:17 p.m.,5:38 p.m.,D13
flightstats,UA-3099-PHX-PHL,11:55 a.m.,11:55 a.m.,E36,6:17 p.m.,5:38 p.m.,D13
panynj,UA-3099-PHX-PHL,11:55 a.m.,11:55 a.m.,E36,6:17 p.m.,5:38 p.m.,D13
flights,UA-3099-PHX-PHL,11:55 a.m.,11:55 a.m.,E36,6:17 p.m.,5:38 p.m.,D13
travelocity,UA-3099-PHX-PHL,11:55 a.m.,11:55 a.m.,E36,6:17 p.m.,5:38 p.m.,D13
foxbusiness,UA-3099-PHX-PHL,11:55 a.m.,11:55 a.m.,E36,6:17 p.m.,5:38 p.m.,D13
myrateplan,UA-3099-PHX-PHL,11:55 a.m.,8:04 a.m.,E36,6:17 p.m.,5:38 p.m.,D13
orbitz,UA-3099-PHX-PHL,11:55 a.m.,11:55 a.m.,E36,6:17 p.m.,5:38 p.m.,D13
ifly,UA-3099-PHX-PHL,11:55 a.m.,11:55 a.m.,E36,6:17 p.m.,5:38 p.m.,D13
flytecomm,UA-3099-PHX-PHL,11:55 a.m.,11:55 a.m.,E36,6:17 p.m.,5:38 p.m.,D13
wunderground,UA-3099-PHX-PHL,11:55 a.m.,11:55 a.m.,E36,6:17 p.m.,5:38 p.m.,D13
ua,UA-3099-PHX-PHL,11:55 a.m.,11:55 a.m.,E36,6:17 p.m.,5:38 p.m.,D13
flylouisville,UA-3099-PHX-PHL,11:55 a.m.,11:55 a.m.,E36,6:17 p.m.,5:38 p.m.,D13
quicktrip,UA-3099-PHX-PHL,11:55 a.m.,11:55 a.m.,E36,6:17 p.m.,5:38 p.m.,D13
allegiantair,UA-3099-PHX-PHL,11:55 a.m.,11:55 a.m.,E36,6:17 p.m.,5:38 p.m.,D13
businesstravellogue,UA-3099-PHX-PHL,11:55 a.m.,6:56 a.m.,E36,6:17 p.m.,5:38 p.m.,D13
gofox,UA-3099-PHX-PHL,11:55 a.m.,7:39 a.m.,E36,6:17 p.m.,5:38 p.m.,D13
flightaware,UA-3099-PHX-PHL,11:55 a.m.,11:55 a.m.,E36,6:17 p.m.,5:38 p.m.,D13
world-flight-tracker,UA-3099-PHX-PHL,11:55 a.m.,10:18 a.m.,E36,6:17 p.m.,5:38 p.m.,D13
helloflight,UA-3373-IAD-PHL,8:29 a.m.,11:56 a.m.,D23,9:24 a.m.,9:13 a.m.,C27
boston,UA-3373-IAD-PHL,8:29 a.m.,8:26 a.m.,D23,9:24 a.m.,9:13 a.m.,C27
weather,UA-3373-IAD-PHL,8:29 a.m.,8:26 a.m.,D23,9:24 a.m.,9:13 a.m.,C27
airtravelcenter,UA-3373-IAD-PHL,8:29 a.m.,7:31 a.m.,D23,9:24 a.m.,9:13 a.m.,C27
flightview,UA-3373-IAD-PHL,8:29 a.m.,3:58 p.m.,D23,9:24 a.m.,9:13 a.m.,C27
flightstats,UA-3373-IAD-PHL,8:29 a.m.,7:39 a.m.,D23,9:24 a.m.,9:13 a.m.,C27
panynj,UA-3373-IAD-PHL,8:29 a.m.,8:26 a.m.,D23,9:24 a.m.,9:13 a.m.,C27
flightexplorer,UA-3373-IAD-PHL,8:29 a.m.,8:26 a.m.,D23,9:24 a.m.,9:13 a.m.,C27
flights,UA-3373-IAD-PHL,8:29 a.m.,4:12 p.m.,D23,9:24 a.m.,9:13 a.m.,C27
flightarrival,UA-3373-IAD-PHL,8:29 a.m.,8:26 a.m.,D23,9:24 a.m.,9:13 a.m.,C27
travelocity,UA-3373-IAD-PHL,8:29 a.m.,8:26 a.m.,D23,9:24 a.m.,9:13 a.m.,C27
foxbusiness,UA-3373-IAD-PHL,8:29 a.m.,8:26 a.m.,D23,9:24 a.m.,9:13 a.m.,C27
usatoday,UA-3373-IAD-PHL,8:29 a.m.,8:26 a.m.,D23,9:24 a.m.,9:13 a.m.,C27
myrateplan,UA-3373-IAD-PHL,8:29 a.m.,8:26 a.m.,D23,9:24 a.m.,9:13 a.m.,C27
phl,UA-3373-IAD-PHL,8:29 a.m.,8:26 a.m.,D23,9:24 a.m.,9:13 a.m.,C27
ifly,UA-3373-IAD-PHL,8:29 a.m.,8:26 a.m.,D23,9:24 a.m.,9:13 a.m.,C27
flytecomm,UA-3373-IAD-PHL,8:29 a.m.,8:26 a.m.,D23,9:24 a.m.,9:13 a.m.,C27
ua,UA-3373-IAD-PHL,8:29 a.m.,6:57 a.m.,D23,9:24 a.m.,9:13 a.m.,C27
flylouisville,UA-3373-IAD-PHL,8:29 a.m.,8:26 a.m.,D23,9:24 a.m.,9:13 a.m.,C27
quicktrip,UA-3373-IAD-PHL,8:29 a.m.,8:26 a.m.,D23,9:24 a.m.,9:13 a.m.,C27
allegiantair,UA-3373-IAD-PHL,8:29 a.m.,8:26 a.m.,D23,9:24 a.m.,9:13 a.m.,C27
businesstravellogue,UA-3373-IAD-PHL,8:29 a.m.,8:26 a.m.,D23,9:24 a.m.,9:13 a.m.,C27
gofox,UA-3373-IAD-PHL,8:29 a.m.,8:26 a.m.,D23,9:24 a.m.,9:13 a.m.,C27
helloflight,UA-3515-IAD-MSP,8:15 a.m.,8:12 a.m.,E10,10:06 a.m.,9:56 a.m.,15
boston,UA-3515-IAD-MSP,8:15 a.m.,2:10 p.m.,E10,10:06 a.m.,9:56 a.m.,15
weather,UA-3515-IAD-MSP,8:15 a.m.,8:12 a.m.,E10,10:06 a.m.,9:56 a.m.,15
airtravelcenter,UA-3515-IAD-MSP,8:15 a.m.,8:12 a.m.,E10,10:06 a.m.,9:56 a.m.,15
flightview,UA-3515-IAD-MSP,8:15 a.m.,8:12 a.m.,E10,10:06 a.m.,9:56 a.m.,15
flightstats,UA-3515-IAD-MSP,8:15 a.m.,8:12 a.m.,E10,10:06 a.m.,9:56 a.m.,15
panynj,UA-3515-IAD-MSP,8:15 a.m.,8:12 a.m.,E10,10:06 a.m.,9:56 a.m.,15
flights,UA-3515-IAD-MSP,8:15 a.m.,10:20 a.m.,E10,10:06 a.m.,9:56 a.m.,15
travelocity,UA-3515-IAD-MSP,8:15 a.m.,8:12 a.m.,E10,10:06 a.m.,9:56 a.m.,15
foxbusiness,UA-3515-IAD-MSP,8:15 a.m.,8:12 a.m.,E10,10:06 a.m.,9:56 a.m.,15
usatoday,UA-3515-IAD-MSP,8:15 a.m.,8:12 a.m.,E10,10:06 a.m.,9:56 a.m.,15
myrateplan,UA-3515-IAD-MSP,8:15 a.m.,8:12 a.m.,E10,10:06 a.m.,9:56 a.m.,15
orbitz,UA-3515-IAD-MSP,8:15 a.m.,8:12 a.m.,E10,10:06 a.m.,9:56 a.m.,15
flytecomm,UA-3515-IAD-MSP,8:15 a.m.,8:12 a.m.,E10,10:06 a.m.,9:56 a.m.,15
ua,UA-3515-IAD-MSP,8:15 a.m.,8:12 a.m.,E10,10:06 a.m.,9:56 a.m.,15
flylouisville,UA-3515-IAD-MSP,8:15 a.m.,8:12 a.m.,E10,10:06 a.m.,9:56 a.m.,15
quicktrip,UA-3515-IAD-MSP,8:15 a.m.,4:28 p.m.,E10,10:06 a.m.,9:56 a.m.,15
allegiantair,UA-3515-IAD-MSP,8:15 a.m.,8:12 a.m.,E10,10:06 a.m.,9:56 a.m.,15
businesstravellogue,UA-3515-IAD-MSP,8:15 a.m.,8:12 a.m.,E10,10:06 a.m.,9:56 a.m.,15
gofox,UA-3515-IAD-MSP,8:15 a.m.,8:52 a.m.,E10,10:06 a.m.,9:56 a.m.,15
helloflight,UA-37-EDI-EWR,9:05 a.m.,8:52 a.m.,B29,11:53 a.m.,12:09 p.m.,B16
boston,UA-37-EDI-EWR,9:05 a.m.,8:52 a.m.,B29,11:53 a.m.,12:09 p.m.,B16
weather,UA-37-EDI-EWR,9:05 a.m.,7:49 a.m.,B29,11:53 a.m.,12:09 p.m.,B16
airtravelcenter,UA-37-EDI-EWR,9:05 a.m.,8:52 a.m.,B29,11:53 a.m.,12:09 p.m.,B16
flightview,UA-37-EDI-EWR,9:05 a.m.,7:29 a.m.,B29,11:53 a.m.,12:09 p.m.,B16
panynj,UA-37-EDI-EWR,9:05 a.m.,8:52 a.m.,B29,11:53 a.m.,12:09 p.m.,B16
flights,UA-37-EDI-EWR,9:05 a.m.,8:52 a.m.,B29,11:53 a.m.,12:09 p.m.,B16
flightarrival,UA-37-EDI-EWR,9:05 a.m.,8:52 a.m.,B29,11:53 a.m.,12:09 p.m.,B16
travelocity,UA-37-EDI-EWR,9:05 a.m.,8:52 a.m.,B29,11:53 a.m.,12:09 p.m.,B16
foxbusiness,UA-37-EDI-EWR,9:05 a.m.,8:52 a.m.,B29,11:53 a.m.,12:09 p.m.,B16
usatoday,UA-37-EDI-EWR,9:05 a.m.,6:54 a.m.,B29,11:53 a.m.,12:09 p.m.,B16
myrateplan,UA-37-EDI-EWR,9:05 a.m.,8:52 a.m.,B29,11:53 a.m.,12:09 p.m.,B16
orbitz,UA-37-EDI-EWR,9:05 a.m.,8:52 a.m.,B29,11:53 a.m.,12:09 p.m.,B16
flytecomm,UA-37-EDI-EWR,9:05 a.m.,8:52 a.m.,B29,11:53 a.m.,12:09 p.m.,B16
mytripandmore,UA-37-EDI-EWR,9:05 a.m.,8:52 a.m.,B29,11:53 a.m.,12:09 p.m.,B16
ua,UA-37-EDI-EWR,9:05 a.m.,8:52 a.m.,B29,11:53 a.m.,12:09 p.m.,B16
flylouisville,UA-37-EDI-EWR,9:05 a.m.,8:52 a.m.,B29,11:53 a.m.,12:09 p.m.,B16
allegiantair,UA-37-EDI-EWR,9:05 a.m.,8:52 a.m.,B29,11:53 a.m.,12:09 p.m.,B16
businesstravellogue,UA-37-EDI-EWR,9:05 a.m.,8:52 a.m.,B29,11:53 a.m.,12:09 p.m.,B16
gofox,UA-37-EDI-EWR,9:05 a.m.,8:00 a.m.,B29,11:53 a.m.,12:09 p.m.,B16
helloflight,UA-37-EWR-MCO,1:29 p.m.,1:48 p.m.,A22,4:17 p.m.,4:17 p.m.,4
boston,UA-37-EWR-MCO,1:29 p.m.,1:48 p.m.,A22,4:17 p.m.,4:17 p.m.,4
airtravelcenter,UA-37-EWR-MCO,1:29 p.m.,1:48 p.m.,A22,4:17 p.m.,4:17 p.m.,4
flightview,UA-37-EWR-MCO,1:29 p.m.,11:01 a.m.,A22,4:17 p.m.,4:17 p.m.,4
flightstats,UA-37-EWR-MCO,1:29 p.m.,1:48 p.m.,A22,4:17 p.m.,4:17 p.m.,4
panynj,UA-37-EWR-MCO,1:29 p.m.,1:48 p.m.,A22,4:17 p.m.,4:17 p.m.,4
flightexplorer,UA-37-EWR-MCO,1:29 p.m.,4:29 p.m.,A22,4:17 p.m.,4:17 p.m.,4
flights,UA-37-EWR-MCO,1:29 p.m.,1:48 p.m.,A22,4:17 p.m.,4:17 p.m.,4
flightarrival,UA-37-EWR-MCO,1:29 p.m.,1:48 p.m.,A22,4:17 p.m.,4:17 p.m.,4
foxbusiness,UA-37-EWR-MCO,1:29 p.m.,1:48 p.m.,A22,4:17 p.m.,4:17 p.m.,4
myrateplan,UA-37-EWR-MCO,1:29 p.m.,1:48 p.m.,A22,4:17 p.m.,4:17 p.m.,4
orbitz,UA-37-EWR-MCO,1:29 p.m.,1:48 p.m.,A22,4:17 p.m.,4:17 p.m.,4
flytecomm,UA-37-EWR-MCO,1:29 p.m.,1:48 p.m.,A22,4:17 p.m.,4:17 p.m.,4
wunderground,UA-37-EWR-MCO,1:29 p.m.,8:39 p.m.,A22,4:17 p.m.,4:17 p.m.,4
ua,UA-37-EWR-MCO,1:29 p.m.,1:48 p.m.,A22,4:17 p.m.,4:17 p.m.,4
flylouisville,UA-37-EWR-MCO,1:29 p.m.,1:48 p.m.,A22,4:17 p.m.,4:17 p.m.,4
quicktrip,UA-37-EWR-MCO,1:29 p.m.,1:48 p.m.,A22,4:17 p.m.,4:17 p.m.,4
allegiantair,UA-37-EWR-MCO,1:29 p.m.,11:25 p.m.,A22,4:17 p.m.,4:17 p.m.,4
businesstravellogue,UA-37-EWR-MCO,1:29 p.m.,1:48 p.m.,A22,4:17 p.m.,4:17 p.m.,4
gofox,UA-37-EWR-MCO,1:29 p.m.,1:48 p.m.,A22,4:17 p.m.,4:17 p.m.,4
flightaware,UA-37-EWR-MCO,1:29 p.m.,11:56 a.m.,A22,4:17 p.m.,4:17 p.m.,4
helloflight,UA-382-IAD-LAX,12:30 p.m.,12:35 p.m.,G12,3:19 p.m.,3:21 p.m.,D28
boston,UA-382-IAD-LAX,12:30 p.m.,12:35 p.m.,G12,3:19 p.m.,3:21 p.m.,D28
airtravelcenter,UA-382-IAD-LAX,12:30 p.m.,6:30 p.m.,G12,3:19 p.m.,3:21 p.m.,D28
flightview,UA-382-IAD-LAX,12:30 p.m.,12:35 p.m.,G12,3:19 p.m.,3:21 p.m.,D28
flightstats,UA-382-IAD-LAX,12:30 p.m.,12:35 p.m.,G12,3:19 p.m.,3:21 p.m.,D28
panynj,UA-382-IAD-LAX,12:30 p.m.,12:35 p.m.,G12,3:19 p.m.,3:21 p.m.,D28
flightexplorer,UA-382-IAD-LAX,12:30 p.m.,12:35 p.m.,G12,3:19 p.m.,3:21 p.m.,D28
iad,UA-382-IAD-LAX,12:30 p.m.,12:35 p.m.,G12,3:19 p.m.,3:21 p.m.,D28
flights,UA-382-IAD-LAX,12:30 p.m.,12:35 p.m.,G12,3:19 p.m.,3:21 p.m.,D28
flightarrival,UA-382-IAD-LAX,12:30 p.m.,12:35 p.m.,G12,3:19 p.m.,3:21 p.m.,D28
foxbusiness,UA-382-IAD-LAX,12:30 p.m.,12:35 p.m.,G12,3:19 p.m.,3:21 p.m.,D28
usatoday,UA-382-IAD-LAX,12:30 p.m.,12:35 p.m.,G12,3:19 p.m.,3:21 p.m.,D28
myrateplan,UA-382-IAD-LAX,12:30 p.m.,12:35 p.m.,G12,3:19 p.m.,3:21 p.m.,D28
orbitz,UA-382-IAD-LAX,12:30 p.m.,11:40 a.m.,G12,3:19 p.m.,3:21 p.m.,D28
flytecomm,UA-382-IAD-LAX,12:30 p.m.,12:35 p.m.,G12,3:19 p.m.,3:21 p.m.,D28
mytripandmore,UA-382-IAD-LAX,12:30 p.m.,1:30 p.m.,G12,3:19 p.m.,3:21 p.m.,D28
wunderground,UA-382-IAD-LAX,12:30 p.m.,12:35 p.m.,G12,3:19 p.m.,3:21 p.m.,D28
ua,UA-382-IAD-LAX,12:30 p.m.,12:35 p.m.,G12,3:19 p.m.,3:21 p.m.,D28
flylouisville,UA-382-IAD-LAX,12:30 p.m.,12:35 p.m.,G12,3:19 p.m.,3:21 p.m.,D28
quicktrip,UA-382-IAD-LAX,12:30 p.m.,12:35 p.m.,G12,3:19 p.m.,3:21 p.m.,D28
allegiantair,UA-382-IAD-LAX,12:30 p.m.,10:33 a.m.,G12,3:19 p.m.,3:21 p.m.,D28
businesstravellogue,UA-382-IAD-LAX,12:30 p.m.,8:25 p.m.,G12,3:19 p.m.,3:21 p.m.,D28
gofox,UA-382-IAD-LAX,12:30 p.m.,2:48 p.m.,G12,3:19 p.m.,3:21 p.m.,D28
flightaware,UA-382-IAD-LAX,12:30 p.m.,12:35 p.m.,G12,3:19 p.m.,3:21 p.m.,D28
helloflight,UA-3925-IAD-ORF,8:41 a.m.,8:42 a.m.,A24,9:54 a.m.,9:43 a.m.,B13
boston,UA-3925-IAD-ORF,8:41 a.m.,8:42 a.m.,A24,9:54 a.m.,9:43 a.m.,B13
weather,UA-3925-IAD-ORF,8:41 a.m.,8:42 a.m.,A24,9:54 a.m.,9:43 a.m.,B13
airtravelcenter,UA-3925-IAD-ORF,8:41 a.m.,5:22 p.m.,A24,9:54 a.m.,9:43 a.m.,B13
flightview,UA-3925-IAD-ORF,8:41 a.m.,2:44 p.m.,A24,9:54 a.m.,9:43 a.m.,B13
flightstats,UA-3925-IAD-ORF,8:41 a.m.,8:42 a.m.,A24,9:54 a.m.,9:43 a.m.,B13
panynj,UA-3925-IAD-ORF,8:41 a.m.,2:10 p.m.,A24,9:54 a.m.,9:43 a.m.,B13
flightexplorer,UA-3925-IAD-ORF,8:41 a.m.,8:42 a.m.,A24,9:54 a.m.,9:43 a.m.,B13
flights,UA-3925-IAD-ORF,8:41 a.m.,8:42 a.m.,A24,9:54 a.m.,9:43 a.m.,B13
flightarrival,UA-3925-IAD-ORF,8:41 a.m.,5:22 p.m.,A24,9:54 a.m.,9:43 a.m.,B13
flightwise,UA-3925-IAD-ORF,8:41 a.m.,8:42 a.m.,A24,9:54 a.m.,9:43 a.m.,B13
travelocity,UA-3925-IAD-ORF,8:41 a.m.,8:51 a.m.,A24,9:54 a.m.,9:43 a.m.,B13
foxbusiness,UA-3925-IAD-ORF,8:41 a.m.,8:42 a.m.,A24,9:54 a.m.,9:43 a.m.,B13
usatoday,UA-3925-IAD-ORF,8:41 a.m.,8:42 a.m.,A24,9:54 a.m.,9:43 a.m.,B13
myrateplan,UA-3925-IAD-ORF,8:41 a.m.,8:42 a.m.,A24,9:54 a.m.,9:43 a.m.,B13
orbitz,UA-3925-IAD-ORF,8:41 a.m.,8:42 a.m.,A24,9:54 a.m.,9:43 a.m.,B13
ifly,UA-3925-IAD-ORF,8:41 a.m.,2:04 p.m.,A24,9:54 a.m.,9:43 a.m.,B13
flytecomm,UA-3925-IAD-ORF,8:41 a.m.,8:42 a.m.,A24,9:54 a.m.,9:43 a.m.,B13
mytripandmore,UA-3925-IAD-ORF,8:41 a.m.,8:29 a.m.,A24,9:54 a.m.,9:43 a.m.,B13
wunderground,UA-3925-IAD-ORF,8:41 a.m.,11:05 a.m.,A24,9:54 a.m.,9:43 a.m.,B13
ua,UA-3925-IAD-ORF,8:41 a.m.,8:42 a.m.,A24,9:54 a.m.,9:43 a.m.,B13
flylouisville,UA-3925-IAD-ORF,8:41 a.m.,8:42 a.m.,A24,9:54 a.m.,9:43 a.m.,B13
quicktrip,UA-3925-IAD-ORF,8:41 a.m.,8:42 a.m.,A24,9:54 a.m.,9:43 a.m.,B13
allegiantair,UA-3925-IAD-ORF,8:41 a.m.,8:42 a.m.,A24,9:54 a.m.,9:43 a.m.,B13
businesstravellogue,UA-3925-IAD-ORF,8:41 a.m.,8:42 a.m.,A24,9:54 a.m.,9:43 a.m.,B13
gofox,UA-3925-IAD-ORF,8:41 a.m.,8:42 a.m.,A24,9:54 a.m.,9:43 a.m.,B13
flightaware,UA-3925-IAD-ORF,8:41 a.m.,8:42 a.m.,A24,9:54 a.m.,9:43 a.m.,B13
helloflight,UA-397-JFK-SFO,8:00 a.m.,3:01 p.m.,B14,11:55 a.m.,11:58 a.m.,C17
boston,UA-397-JFK-SFO,8:00 a.m.,8:29 a.m.,B14,11:55 a.m.,11:58 a.m.,C17
weather,UA-397-JFK-SFO,8:00 a.m.,8:29 a.m.,B14,11:55 a.m.,11:58 a.m.,C17
airtravelcenter,UA-397-JFK-SFO,8:00 a.m.,8:29 a.m.,B14,11:55 a.m.,11:58 a.m.,C17
flightview,UA-397-JFK-SFO,8:00 a.m.,8:29 a.m.,B14,11:55 a.m.,11:58 a.m.,C17
flightstats,UA-397-JFK-SFO,8:00 a.m.,7:30 a.m.,B14,11:55 a.m.,11:58 a.m.,C17
panynj,UA-397-JFK-SFO,8:00 a.m.,8:29 a.m.,B14,11:55 a.m.,11:58 a.m.,C17
flightexplorer,UA-397-JFK-SFO,8:00 a.m.,8:29 a.m.,B14,11:55 a.m.,11:58 a.m.,C17
flights,UA-397-JFK-SFO,8:00 a.m.,8:29 a.m.,B14,11:55 a.m.,11:58 a.m.,C17
travelocity,UA-397-JFK-SFO,8:00 a.m.,1:31 p.m.,B14,11:55 a.m.,11:58 a.m.,C17
foxbusiness,UA-397-JFK-SFO,8:00 a.m.,8:04 a.m.,B14,11:55 a.m.,11:58 a.m.,C17
myrateplan,UA-397-JFK-SFO,8:00 a.m.,3:27 p.m.,B14,11:55 a.m.,11:58 a.m.,C17
orbitz,UA-397-JFK-SFO,8:00 a.m.,8:29 a.m.,B14,11:55 a.m.,11:58 a.m.,C17
sfo,UA-397-JFK-SFO,8:00 a.m.,8:29 a.m.,B14,11:55 a.m.,11:58 a.m.,C17
flytecomm,UA-397-JFK-SFO,8:00 a.m.,8:29 a.m.,B14,11:55 a.m.,11:58 a.m.,C17
ua,UA-397-JFK-SFO,8:00 a.m.,8:29 a.m.,B14,11:55 a.m.,11:58 a.m.,C17
flylouisville,UA-397-JFK-SFO,8:00 a.m.,8:29 a.m.,B14,11:55 a.m.,11:58 a.m.,C17
quicktrip,UA-397-JFK-SFO,8:00 a.m.,8:29 a.m.,B14,11:55 a.m.,11:58 a.m.,C17
allegiantair,UA-397-JFK-SFO,8:00 a.m.,8:29 a.m.,B14,11:55 a.m.,11:58 a.m.,C17
businesstravellogue,UA-397-JFK-SFO,8:00 a.m.,8:29 a.m.,B14,11:55 a.m.,11:58 a.m.,C17
gofox,UA-397-JFK-SFO,8:00 a.m.,8:29 a.m.,B14,11:55 a.m.,11:58 a.m.,C17
world-flight-tracker,UA-397-JFK-SFO,8:00 a.m.,8:29 a.m.,B14,11:55 a.m.,11:58 a.m.,C17
helloflight,UA-414-LAX-SFO,6:00 a.m.,5:56 a.m.,56B,7:23 a.m.,7:17 a.m.,H10
boston,UA-414-LAX-SFO,6:00 a.m.,5:56 a.m.,56B,7:23 a.m.,7:17 a.m.,H10
weather,UA-414-LAX-SFO,6:00 a.m.,5:56 a.m.,56B,7:23 a.m.,7:17 a.m.,H10
airtravelcenter,UA-414-LAX-SFO,6:00 a.m.,5:56 a.m.,56B,7:23 a.m.,7:17 a.m.,H10
flightview,UA-414-LAX-SFO,6:00 a.m.,5:56 a.m.,56B,7:23 a.m.,7:17 a.m.,H10
flightstats,UA-414-LAX-SFO,6:00 a.m.,5:56 a.m.,56B,7:23 a.m.,7:17 a.m.,H10
panynj,UA-414-LAX-SFO,6:00 a.m.,5:56 a.m.,56B,7:23 a.m.,7:17 a.m.,H10
flightexplorer,UA-414-LAX-SFO,6:00 a.m.,5:56 a.m.,56B,7:23 a.m.,7:17 a.m.,H10
flights,UA-414-LAX-SFO,6:00 a.m.,5:56 a.m.,56B,7:23 a.m.,7:17 a.m.,H10
flightarrival,UA-414-LAX-SFO,6:00 a.m.,11:40 a.m.,56B,7:23 a.m.,7:17 a.m.,H10
travelocity,UA-414-LAX-SFO,6:00 a.m.,7:49 a.m.,56B,7:23 a.m.,7:17 a.m.,H10
foxbusiness,UA-414-LAX-SFO,6:00 a.m.,5:56 a.m.,56B,7:23 a.m.,7:17 a.m.,H10
usatoday,UA-414-LAX-SFO,6:00 a.m.,5:56 a.m.,56B,7:23 a.m.,7:17 a.m.,H10
myrateplan,UA-414-LAX-SFO,6:00 a.m.,5:56 a.m.,56B,7:23 a.m.,7:17 a.m.,H10
orbitz,UA-414-LAX-SFO,6:00 a.m.,5:56 a.m.,56B,7:23 a.m.,7:17 a.m.,H10
sfo,UA-414-LAX-SFO,6:00 a.m.,5:56 a.m.,56B,7:23 a.m.,7:17 a.m.,H10
flytecomm,UA-414-LAX-SFO,6:00 a.m.,5:56 a.m.,56B,7:23 a.m.,7:17 a.m.,H10
ua,UA-414-LAX-SFO,6:00 a.m.,5:56 a.m.,56B,7:23 a.m.,7:17 a.m.,H10
flylouisville,UA-414-LAX-SFO,6:00 a.m.,10:55 a.m.,56B,7:23 a.m.,7:17 a.m.,H10
quicktrip,UA-414-LAX-SFO,6:00 a.m.,1:31 p.m.,56B,7:23 a.m.,7:17 a.m.,H10
allegiantair,UA-414-LAX-SFO,6:00 a.m.,5:56 a.m.,56B,7:23 a.m.,7:17 a.m.,H10
businesstravellogue,UA-414-LAX-SFO,6:00 a.m.,5:56 a.m.,56B,7:23 a.m.,7:17 a.m.,H10
gofox,UA-414-LAX-SFO,6:00 a.m.,5:56 a.m.,56B,7:23 a.m.,7:17 a.m.,H10
helloflight,UA-5487-SFO-MRY,10:39 a.m.,10:33 a.m.,B44,11:19 a.m.,11:21 a.m.,C15
boston,UA-5487-SFO-MRY,10:39 a.m.,10:33 a.m.,B44,11:19 a.m.,11:21 a.m.,C15
weather,UA-5487-SFO-MRY,10:39 a.m.,10:33 a.m.,B44,11:19 a.m.,11:21 a.m.,C15
airtravelcenter,UA-5487-SFO-MRY,10:39 a.m.,11:55 p.m.,B44,11:19 a.m.,11:21 a.m.,C15
flightview,UA-5487-SFO-MRY,10:39 a.m.,10:33 a.m.,B44,11:19 a.m.,11:21 a.m.,C15
panynj,UA-5487-SFO-MRY,10:39 a.m.,10:33 a.m.,B44,11:19 a.m.,11:21 a.m.,C15
flightexplorer,UA-5487-SFO-MRY,10:39 a.m.,10:33 a.m.,B44,11:19 a.m.,11:21 a.m.,C15
flights,UA-5487-SFO-MRY,10:39 a.m.,10:33 a.m.,B44,11:19 a.m.,11:21 a.m.,C15
foxbusiness,UA-5487-SFO-MRY,10:39 a.m.,7:14 p.m.,B44,11:19 a.m.,11:21 a.m.,C15
myrateplan,UA-5487-SFO-MRY,10:39 a.m.,10:33 a.m.,B44,11:19 a.m.,11:21 a.m.,C15
orbitz,UA-5487-SFO-MRY,10:39 a.m.,10:33 a.m.,B44,11:19 a.m.,11:21 a.m.,C15
flytecomm,UA-5487-SFO-MRY,10:39 a.m.,10:33 a.m.,B44,11:19 a.m.,11:21 a.m.,C15
mytripandmore,UA-5487-SFO-MRY,10:39 a.m.,10:33 a.m.,B44,11:19 a.m.,11:21 a.m.,C15
ua,UA-5487-SFO-MRY,10:39 a.m.,3:36 p.m.,B44,11:19 a.m.,11:21 a.m.,C15
flylouisville,UA-5487-SFO-MRY,10:39 a.m.,5:30 p.m.,B44,11:19 a.m.,11:21 a.m.,C15
allegiantair,UA-5487-SFO-MRY,10:39 a.m.,10:33 a.m.,B44,11:19 a.m.,11:21 a.m.,C15
businesstravellogue,UA-5487-SFO-MRY,10:39 a.m.,10:33 a.m.,B44,11:19 a.m.,11:21 a.m.,C15
gofox,UA-5487-SFO-MRY,10:39 a.m.,10:33 a.m.,B44,11:19 a.m.,11:21 a.m.,C15
helloflight,UA-6273-YYC-SFO,7:35 a.m.,5:08 p.m.,44E,9:43 a.m.,8:45 a.m.,A49
boston,UA-6273-YYC-SFO,7:35 a.m.,12:13 p.m.,44E,9:43 a.m.,8:45 a.m.,A49
weather,UA-6273-YYC-SFO,7:35 a.m.,7:27 a.m.,44E,9:43 a.m.,8:45 a.m.,A49
airtravelcenter,UA-6273-YYC-SFO,7:35 a.m.,7:27 a.m.,44E,9:43 a.m.,8:45 a.m.,A49
flightview,UA-6273-YYC-SFO,7:35 a.m.,7:27 a.m.,44E,9:43 a.m.,8:45 a.m.,A49
panynj,UA-6273-YYC-SFO,7:35 a.m.,7:27 a.m.,44E,9:43 a.m.,8:45 a.m.,A49
flightexplorer,UA-6273-YYC-SFO,7:35 a.m.,11:32 a.m.,44E,9:43 a.m.,8:45 a.m.,A49
flights,UA-6273-YYC-SFO,7:35 a.m.,7:27 a.m.,44E,9:43 a.m.,8:45 a.m.,A49
flightarrival,UA-6273-YYC-SFO,7:35 a.m.,7:27 a.m.,44E,9:43 a.m.,8:45 a.m.,A49
travelocity,UA-6273-YYC-SFO,7:35 a.m.,7:27 a.m.,44E,9:43 a.m.,8:45 a.m.,A49
foxbusiness,UA-6273-YYC-SFO,7:35 a.m.,7:27 a.m.,44E,9:43 a.m.,8:45 a.m.,A49
usatoday,UA-6273-YYC-SFO,7:35 a.m.,7:27 a.m.,44E,9:43 a.m.,8:45 a.m.,A49
myrateplan,UA-6273-YYC-SFO,7:35 a.m.,7:27 a.m.,44E,9:43 a.m.,8:45 a.m.,A49
orbitz,UA-6273-YYC-SFO,7:35 a.m.,7:27 a.m.,44E,9:43 a.m.,8:45 a.m.,A49
flytecomm,UA-6273-YYC-SFO,7:35 a.m.,7:27 a.m.,44E,9:43 a.m.,8:45 a.m.,A49
mytripandmore,UA-6273-YYC-SFO,7:35 a.m.,7:27 a.m.,44E,9:43 a.m.,8:45 a.m.,A49
ua,UA-6273-YYC-SFO,7:35 a.m.,7:27 a.m.,44E,9:43 a.m.,8:45 a.m.,A49
flylouisville,UA-6273-YYC-SFO,7:35 a.m.,7:27 a.m.,44E,9:43 a.m.,8:45 a.m.,A49
allegiantair,UA-6273-YYC-SFO,7:35 a.m.,7:27 a.m.,44E,9:43 a.m.,8:45 a.m.,A49
businesstravellogue,UA-6273-YYC-SFO,7:35 a.m.,7:16 a.m.,44E,9:43 a.m.,8:45 a.m.,A49
gofox,UA-6273-YYC-SFO,7:35 a.m.,7:27 a.m.,44E,9:43 a.m.,8:45 a.m.,A49
helloflight,UA-62-IAH-EWR,2:30 p.m.,2:48 p.m.,C31,7:03 p.m.,7:10 p.m.,D32
boston,UA-62-IAH-EWR,2:30 p.m.,2:48 p.m.,C31,7:03 p.m.,7:10 p.m.,D32
weather,UA-62-IAH-EWR,2:30 p.m.,2:48 p.m.,C31,7:03 p.m.,7:10 p.m.,D32
airtravelcenter,UA-62-IAH-EWR,2:30 p.m.,2:48 p.m.,C31,7:03 p.m.,7:10 p.m.,D32
flightview,UA-62-IAH-EWR,2:30 p.m.,2:48 p.m.,C31,7:03 p.m.,7:10 p.m.,D32
flightstats,UA-62-IAH-EWR,2:30 p.m.,2:48 p.m.,C31,7:03 p.m.,7:10 p.m.,D32
panynj,UA-62-IAH-EWR,2:30 p.m.,2:48 p.m.,C31,7:03 p.m.,7:10 p.m.,D32
flights,UA-62-IAH-EWR,2:30 p.m.,11:56 a.m.,C31,7:03 p.m.,7:10 p.m.,D32
travelocity,UA-62-IAH-EWR,2:30 p.m.,2:48 p.m.,C31,7:03 p.m.,7:10 p.m.,D32
foxbusiness,UA-62-IAH-EWR,2:30 p.m.,2:48 p.m.,C31,7:03 p.m.,7:10 p.m.,D32
myrateplan,UA-62-IAH-EWR,2:30 p.m.,2:48 p.m.,C31,7:03 p.m.,7:10 p.m.,D32
orbitz,UA-62-IAH-EWR,2:30 p.m.,2:48 p.m.,C31,7:03 p.m.,7:10 p.m.,D32
ifly,UA-62-IAH-EWR,2:30 p.m.,11:15 a.m.,C31,7:03 p.m.,7:10 p.m.,D32
flytecomm,UA-62-IAH-EWR,2:30 p.m.,2:48 p.m.,C31,7:03 p.m.,7:10 p.m.,D32
ua,UA-62-IAH-EWR,2:30 p.m.,2:48 p.m.,C31,7:03 p.m.,7:10 p.m.,D32
flylouisville,UA-62-IAH-EWR,2:30 p.m.,2:48 p.m.,C31,7:03 p.m.,7:10 p.m.,D32
quicktrip,UA-62-IAH-EWR,2:30 p.m.,11:30 a.m.,C31,7:03 p.m.,7:10 p.m.,D32
allegiantair,UA-62-IAH-EWR,2:30 p.m.,11:55 p.m.,C31,7:03 p.m.,7:10 p.m.,D32
businesstravellogue,UA-62-IAH-EWR,2:30 p.m.,2:48 p.m.,C31,7:03 p.m.,7:10 p.m.,D32
gofox,UA-62-IAH-EWR,2:30 p.m.,2:48 p.m.,C31,7:03 p.m.,7:10 p.m.,D32
helloflight,UA-664-ORD-PHL,1:33 p.m.,1:31 p.m.,D18,4:31 p.m.,4:23 p.m.,E8
boston,UA-664-ORD-PHL,1:33 p.m.,1:31 p.m.,D18,4:31 p.m.,4:23 p.m.,E8
weather,UA-664-ORD-PHL,1:33 p.m.,1:31 p.m.,D18,4:31 p.m.,4:23 p.m.,E8
airtravelcenter,UA-664-ORD-PHL,1:33 p.m.,10:55 a.m.,D18,4:31 p.m.,4:23 p.m.,E8
flightview,UA-664-ORD-PHL,1:33 p.m.,1:31 p.m.,D18,4:31 p.m.,4:23 p.m.,E8
flightstats,UA-664-ORD-PHL,1:33 p.m.,1:31 p.m.,D18,4:31 p.m.,4:23 p.m.,E8
panynj,UA-664-ORD-PHL,1:33 p.m.,1:31 p.m.,D18,4:31 p.m.,4:23 p.m.,E8
flightexplorer,UA-664-ORD-PHL,1:33 p.m.,1:31 p.m.,D18,4:31 p.m.,4:23 p.m.,E8
flights,UA-664-ORD-PHL,1:33 p.m.,1:31 p.m.,D18,4:31 p.m.,4:23 p.m.,E8
flightarrival,UA-664-ORD-PHL,1:33 p.m.,11:32 a.m.,D18,4:31 p.m.,4:23 p.m.,E8
flightwise,UA-664-ORD-PHL,1:33 p.m.,1:31 p.m.,D18,4:31 p.m.,4:23 p.m.,E8
travelocity,UA-664-ORD-PHL,1:33 p.m.,1:31 p.m.,D18,4:31 p.m.,4:23 p.m.,E8
foxbusiness,UA-664-ORD-PHL,1:33 p.m.,6:54 a.m.,D18,4:31 p.m.,4:23 p.m.,E8
usatoday,UA-664-ORD-PHL,1:33 p.m.,11:32 a.m.,D18,4:31 p.m.,4:23 p.m.,E8
myrateplan,UA-664-ORD-PHL,1:33 p.m.,1:31 p.m.,D18,4:31 p.m.,4:23 p.m.,E8
orbitz,UA-664-ORD-PHL,1:33 p.m.,1:31 p.m.,D18,4:31 p.m.,4:23 p.m.,E8
phl,UA-664-ORD-PHL,1:33 p.m.,1:31 p.m.,D18,4:31 p.m.,4:23 p.m.,E8
ifly,UA-664-ORD-PHL,1:33 p.m.,1:31 p.m.,D18,4:31 p.m.,4:23 p.m.,E8
flytecomm,UA-664-ORD-PHL,1:33 p.m.,1:31 p.m.,D18,4:31 p.m.,4:23 p.m.,E8
ord,UA-664-ORD-PHL,1:33 p.m.,1:31 p.m.,D18,4:31 p.m.,4:23 p.m.,E8
wunderground,UA-664-ORD-PHL,1:33 p.m.,8:42 a.m.,D18,4:31 p.m.,4:23 p.m.,E8
ua,UA-664-ORD-PHL,1:33 p.m.,1:31 p.m.,D18,4:31 p.m.,4:23 p.m.,E8
flylouisville,UA-664-ORD-PHL,1:33 p.m.,7:05 a.m.,D18,4:31 p.m.,4:23 p.m.,E8
quicktrip,UA-664-ORD-PHL,1:33 p.m.,1:31 p.m.,D18,4:31 p.m.,4:23 p.m.,E8
allegiantair,UA-664-ORD-PHL,1:33 p.m.,1:31 p.m.,D18,4:31 p.m.,4:23 p.m.,E8
businesstravellogue,UA-664-ORD-PHL,1:33 p.m.,1:31 p.m.,D18,4:31 p.m.,4:23 p.m.,E8
gofox,UA-664-ORD-PHL,1:33 p.m.,1:31 p.m.,D18,4:31 p.m.,4:23 p.m.,E8
flightaware,UA-664-ORD-PHL,1:33 p.m.,1:31 p.m.,D18,4:31 p.m.,4:23 p.m.,E8
world-flight-tracker,UA-664-ORD-PHL,1:33 p.m.,6:08 a.m.,D18,4:31 p.m.,4:23 p.m.,E8
helloflight,UA-828-SFO-ORD,11:08 p.m.,11:08 p.m.,B42,5:11 a.m.,5:11 a.m.,C19
boston,UA-828-SFO-ORD,11:08 p.m.,11:08 p.m.,B42,5:11 a.m.,5:11 a.m.,C19
airtravelcenter,UA-828-SFO-ORD,11:08 p.m.,9:00 p.m.,B42,5:11 a.m.,5:11 a.m.,C19
flightview,UA-828-SFO-ORD,11:08 p.m.,7:58 p.m.,B42,5:11 a.m.,5:11 a.m.,C19
flightstats,UA-828-SFO-ORD,11:08 p.m.,11:08 p.m.,B42,5:11 a.m.,5:11 a.m.,C19
panynj,UA-828-SFO-ORD,11:08 p.m.,11:05 a.m.,B42,5:11 a.m.,5:11 a.m.,C19
flightexplorer,UA-828-SFO-ORD,11:08 p.m.,11:08 p.m.,B42,5:11 a.m.,5:11 a.m.,C19
flights,UA-828-SFO-ORD,11:08 p.m.,5:30 p.m.,B42,5:11 a.m.,5:11 a.m.,C19
flightarrival,UA-828-SFO-ORD,11:08 p.m.,11:08 p.m.,B42,5:11 a.m.,5:11 a.m.,C19
foxbusiness,UA-828-SFO-ORD,11:08 p.m.,11:08 p.m.,B42,5:11 a.m.,5:11 a.m.,C19
usatoday,UA-828-SFO-ORD,11:08 p.m.,1:48 p.m.,B42,5:11 a.m.,5:11 a.m.,C19
myrateplan,UA-828-SFO-ORD,11:08 p.m.,11:08 p.m.,B42,5:11 a.m.,5:11 a.m.,C19
orbitz,UA-828-SFO-ORD,11:08 p.m.,11:08 p.m.,B42,5:11 a.m.,5:11 a.m.,C19
flytecomm,UA-828-SFO-ORD,11:08 p.m.,11:08 p.m.,B42,5:11 a.m.,5:11 a.m.,C19
mytripandmore,UA-828-SFO-ORD,11:08 p.m.,11:08 p.m.,B42,5:11 a.m.,5:11 a.m.,C19
ord,UA-828-SFO-ORD,11:08 p.m.,11:08 p.m.,B42,5:11 a.m.,5:11 a.m.,C19
wunderground,UA-828-SFO-ORD,11:08 p.m.,8:39 p.m.,B42,5:11 a.m.,5:11 a.m.,C19
ua,UA-828-SFO-ORD,11:08 p.m.,11:08 p.m.,B42,5:11 a.m.,5:11 a.m.,C19
flylouisville,UA-828-SFO-ORD,11:08 p.m.,11:08 p.m.,B42,5:11 a.m.,5:11 a.m.,C19
quicktrip,UA-828-SFO-ORD,11:08 p.m.,11:08 p.m.,B42,5:11 a.m.,5:11 a.m.,C19
allegiantair,UA-828-SFO-ORD,11:08 p.m.,11:08 p.m.,B42,5:11 a.m.,5:11 a.m.,C19
businesstravellogue,UA-828-SFO-ORD,11:08 p.m.,11:08 p.m.,B42,5:11 a.m.,5:11 a.m.,C19
gofox,UA-828-SFO-ORD,11:08 p.m.,11:08 p.m.,B42,5:11 a.m.,5:11 a.m.,C19
flightaware,UA-828-SFO-ORD,11:08 p.m.,11:08 p.m.,B42,5:11 a.m.,5:11 a.m.,C19
helloflight,UA-843-LAX-ORD,1:55 p.m.,2:10 p.m.,D23,7:53 p.m.,7:58 p.m.,A4
boston,UA-843-LAX-ORD,1:55 p.m.,2:10 p.m.,D23,7:53 p.m.,7:58 p.m.,A4
weather,UA-843-LAX-ORD,1:55 p.m.,2:10 p.m.,D23,7:53 p.m.,7:58 p.m.,A4
airtravelcenter,UA-843-LAX-ORD,1:55 p.m.,2:10 p.m.,D23,7:53 p.m.,7:58 p.m.,A4
flightview,UA-843-LAX-ORD,1:55 p.m.,2:10 p.m.,D23,7:53 p.m.,7:58 p.m.,A4
flightstats,UA-843-LAX-ORD,1:55 p.m.,2:10 p.m.,D23,7:53 p.m.,7:58 p.m.,A4
panynj,UA-843-LAX-ORD,1:55 p.m.,2:10 p.m.,D23,7:53 p.m.,7:58 p.m.,A4
flights,UA-843-LAX-ORD,1:55 p.m.,2:10 p.m.,D23,7:53 p.m.,7:58 p.m.,A4
travelocity,UA-843-LAX-ORD,1:55 p.m.,2:10 p.m.,D23,7:53 p.m.,7:58 p.m.,A4
foxbusiness,UA-843-LAX-ORD,1:55 p.m.,2:10 p.m.,D23,7:53 p.m.,7:58 p.m.,A4
usatoday,UA-843-LAX-ORD,1:55 p.m.,2:10 p.m.,D23,7:53 p.m.,7:58 p.m.,A4
myrateplan,UA-843-LAX-ORD,1:55 p.m.,2:10 p.m.,D23,7:53 p.m.,7:58 p.m.,A4
orbitz,UA-843-LAX-ORD,1:55 p.m.,2:10 p.m.,D23,7:53 p.m.,7:58 p.m.,A4
flytecomm,UA-843-LAX-ORD,1:55 p.m.,2:10 p.m.,D23,7:53 p.m.,7:58 p.m.,A4
ord,UA-843-LAX-ORD,1:55 p.m.,4:29 p.m.,D23,7:53 p.m.,7:58 p.m.,A4
ua,UA-843-LAX-ORD,1:55 p.m.,6:54 a.m.,D23,7:53 p.m.,7:58 p.m.,A4
flylouisville,UA-843-LAX-ORD,1:55 p.m.,2:10 p.m.,D23,7:53 p.m.,7:58 p.m.,A4
quicktrip,UA-843-LAX-ORD,1:55 p.m.,2:10 p.m.,D23,7:53 p.m.,7:58 p.m.,A4
allegiantair,UA-843-LAX-ORD,1:55 p.m.,10:18 a.m.,D23,7:53 p.m.,7:58 p.m.,A4
businesstravellogue,UA-843-LAX-ORD,1:55 p.m.,2:10 p.m.,D23,7:53 p.m.,7:58 p.m.,A4
gofox,UA-843-LAX-ORD,1:55 p.m.,1:48 p.m.,D23,7:53 p.m.,7:58 p.m.,A4
helloflight,UA-854-SFO-IAH,7:53 a.m.,7:49 a.m.,C24,1:39 p.m.,1:30 p.m.,D9
boston,UA-854-SFO-IAH,7:53 a.m.,3:27 p.m.,C24,1:39 p.m.,1:30 p.m.,D9
weather,UA-854-SFO-IAH,7:53 a.m.,7:49 a.m.,C24,1:39 p.m.,1:30 p.m.,D9
airtravelcenter,UA-854-SFO-IAH,7:53 a.m.,7:49 a.m.,C24,1:39 p.m.,1:30 p.m.,D9
flightview,UA-854-SFO-IAH,7:53 a.m.,7:49 a.m.,C24,1:39 p.m.,1:30 p.m.,D9
flightstats,UA-854-SFO-IAH,7:53 a.m.,7:49 a.m.,C24,1:39 p.m.,1:30 p.m.,D9
panynj,UA-854-SFO-IAH,7:53 a.m.,7:49 a.m.,C24,1:39 p.m.,1:30 p.m.,D9
flights,UA-854-SFO-IAH,7:53 a.m.,7:49 a.m.,C24,1:39 p.m.,1:30 p.m.,D9
flightarrival,UA-854-SFO-IAH,7:53 a.m.,3:36 p.m.,C24,1:39 p.m.,1:30 p.m.,D9
travelocity,UA-854-SFO-IAH,7:53 a.m.,6:30 p.m.,C24,1:39 p.m.,1:30 p.m.,D9
foxbusiness,UA-854-SFO-IAH,7:53 a.m.,7:49 a.m.,C24,1:39 p.m.,1:30 p.m.,D9
usatoday,UA-854-SFO-IAH,7:53 a.m.,11:55 a.m.,C24,1:39 p.m.,1:30 p.m.,D9
myrateplan,UA-854-SFO-IAH,7:53 a.m.,7:49 a.m.,C24,1:39 p.m.,1:30 p.m.,D9
orbitz,UA-854-SFO-IAH,7:53 a.m.,7:49 a.m.,C24,1:39 p.m.,1:30 p.m.,D9
flytecomm,UA-854-SFO-IAH,7:53 a.m.,7:49 a.m.,C24,1:39 p.m.,1:30 p.m.,D9
ua,UA-854-SFO-IAH,7:53 a.m.,7:49 a.m.,C24,1:39 p.m.,1:30 p.m.,D9
flylouisville,UA-854-SFO-IAH,7:53 a.m.,7:49 a.m.,C24,1:39 p.m.,1:30 p.m.,D9
quicktrip,UA-854-SFO-IAH,7:53 a.m.,7:49 a.m.,C24,1:39 p.m.,1:30 p.m.,D9
allegiantair,UA-854-SFO-IAH,7:53 a.m.,7:49 a.m.,C24,1:39 p.m.,1:30 p.m.,D9
businesstravellogue,UA-854-SFO-IAH,7:53 a.m.,7:49 a.m.,C24,1:39 p.m.,1:30 p.m.,D9
gofox,UA-854-SFO-IAH,7:53 a.m.,8:40 a.m.,C24,1:39 p.m.,1:30 p.m.,D9
helloflight,UA-858-PVG-SFO,1:45 p.m.,1:32 p.m.,B36,8:27 a.m.,8:02 a.m.,C9
boston,UA-858-PVG-SFO,1:45 p.m.,10:20 a.m.,B36,8:27 a.m.,8:02 a.m.,C9
weather,UA-858-PVG-SFO,1:45 p.m.,1:32 p.m.,B36,8:27 a.m.,8:02 a.m.,C9
airtravelcenter,UA-858-PVG-SFO,1:45 p.m.,1:32 p.m.,B36,8:27 a.m.,8:02 a.m.,C9
flightview,UA-858-PVG-SFO,1:45 p.m.,1:32 p.m.,B36,8:27 a.m.,8:02 a.m.,C9
panynj,UA-858-PVG-SFO,1:45 p.m.,1:32 p.m.,B36,8:27 a.m.,8:02 a.m.,C9
flights,UA-858-PVG-SFO,1:45 p.m.,1:32 p.m.,B36,8:27 a.m.,8:02 a.m.,C9
flightarrival,UA-858-PVG-SFO,1:45 p.m.,1:32 p.m.,B36,8:27 a.m.,8:02 a.m.,C9
travelocity,UA-858-PVG-SFO,1:45 p.m.,1:32 p.m.,B36,8:27 a.m.,8:02 a.m.,C9
foxbusiness,UA-858-PVG-SFO,1:45 p.m.,1:32 p.m.,B36,8:27 a.m.,8:02 a.m.,C9
myrateplan,UA-858-PVG-SFO,1:45 p.m.,1:32 p.m.,B36,8:27 a.m.,8:02 a.m.,C9
orbitz,UA-858-PVG-SFO,1:45 p.m.,1:32 p.m.,B36,8:27 a.m.,8:02 a.m.,C9
flytecomm,UA-858-PVG-SFO,1:45 p.m.,1:32 p.m.,B36,8:27 a.m.,8:02 a.m.,C9
ua,UA-858-PVG-SFO,1:45 p.m.,1:32 p.m.,B36,8:27 a.m.,8:02 a.m.,C9
flylouisville,UA-858-PVG-SFO,1:45 p.m.,11:56 a.m.,B36,8:27 a.m.,8:02 a.m.,C9
allegiantair,UA-858-PVG-SFO,1:45 p.m.,7:30 a.m.,B36,8:27 a.m.,8:02 a.m.,C9
businesstravellogue,UA-858-PVG-SFO,1:45 p.m.,1:32 p.m.,B36,8:27 a.m.,8:02 a.m.,C9
gofox,UA-858-PVG-SFO,1:45 p.m.,6:10 a.m.,B36,8:27 a.m.,8:02 a.m.,C9
helloflight,UA-938-DEN-ORD,4:16 p.m.,4:15 p.m.,3,7:35 p.m.,7:36 p.m.,B6
boston,UA-938-DEN-ORD,4:16 p.m.,9:16 a.m.,3,7:35 p.m.,7:36 p.m.,B6
weather,UA-938-DEN-ORD,4:16 p.m.,2:26 p.m.,3,7:35 p.m.,7:36 p.m.,B6
airtravelcenter,UA-938-DEN-ORD,4:16 p.m.,4:15 p.m.,3,7:35 p.m.,7:36 p.m.,B6
flightview,UA-938-DEN-ORD,4:16 p.m.,4:15 p.m.,3,7:35 p.m.,7:36 p.m.,B6
flightstats,UA-938-DEN-ORD,4:16 p.m.,7:30 a.m.,3,7:35 p.m.,7:36 p.m.,B6
panynj,UA-938-DEN-ORD,4:16 p.m.,4:15 p.m.,3,7:35 p.m.,7:36 p.m.,B6
flightexplorer,UA-938-DEN-ORD,4:16 p.m.,10:10 a.m.,3,7:35 p.m.,7:36 p.m.,B6
flights,UA-938-DEN-ORD,4:16 p.m.,4:15 p.m.,3,7:35 p.m.,7:36 p.m.,B6
flightarrival,UA-938-DEN-ORD,4:16 p.m.,4:15 p.m.,3,7:35 p.m.,7:36 p.m.,B6
foxbusiness,UA-938-DEN-ORD,4:16 p.m.,4:15 p.m.,3,7:35 p.m.,7:36 p.m.,B6
myrateplan,UA-938-DEN-ORD,4:16 p.m.,4:15 p.m.,3,7:35 p.m.,7:36 p.m.,B6
orbitz,UA-938-DEN-ORD,4:16 p.m.,4:15 p.m.,3,7:35 p.m.,7:36 p.m.,B6
ifly,UA-938-DEN-ORD,4:16 p.m.,4:15 p.m.,3,7:35 p.m.,7:36 p.m.,B6
flytecomm,UA-938-DEN-ORD,4:16 p.m.,4:15 p.m.,3,7:35 p.m.,7:36 p.m.,B6
ord,UA-938-DEN-ORD,4:16 p.m.,4:15 p.m.,3,7:35 p.m.,7:36 p.m.,B6
ua,UA-938-DEN-ORD,4:16 p.m.,6:02 a.m.,3,7:35 p.m.,7:36 p.m.,B6
flylouisville,UA-938-DEN-ORD,4:16 p.m.,4:15 p.m.,3,7:35 p.m.,7:36 p.m.,B6
quicktrip,UA-938-DEN-ORD,4:16 p.m.,4:15 p.m.,3,7:35 p.m.,7:36 p.m.,B6
allegiantair,UA-938-DEN-ORD,4:16 p.m.,4:15 p.m.,3,7:35 p.m.,7:36 p.m.,B6
businesstravellogue,UA-938-DEN-ORD,4:16 p.m.,3:36 p.m.,3,7:35 p.m.,7:36 p.m.,B6
den,UA-938-DEN-ORD,4:16 p.m.,4:15 p.m.,3,7:35 p.m.,7:36 p.m.,B6
gofox,UA-938-DEN-ORD,4:16 p.m.,4:15 p.m.,3,7:35 p.m.,7:36 p.m.,B6
